step,time,particle_id,x,y,z,vx,vy,vz,mass
0,0.000000,0,-4.665301e+01,-1.700358e+01,1.906357e+01,-1.550266e-01,-5.874697e-01,-4.997431e-01,6.401929e+11
0,0.000000,1,3.636224e+01,-1.983444e+01,-4.750761e+01,-2.700146e-01,5.307620e-01,-3.642795e-01,1.443711e+11
0,0.000000,2,-3.932547e+01,2.606716e+01,-4.183277e+01,1.019124e-01,1.293038e-01,4.865410e-01,9.819425e+11
0,0.000000,3,-2.811502e+01,-4.560408e+00,1.865402e+00,1.476835e-01,1.104621e-01,4.570925e-01,6.325852e+11
0,0.000000,4,2.961281e+01,8.371582e+00,-2.252336e+01,6.591962e-01,8.273601e-01,9.308043e-01,2.595639e+11
0,0.000000,5,-3.800548e+01,-2.844694e+01,3.886433e+01,9.671351e-01,3.437245e-02,8.271344e-01,3.550747e+11
0,0.000000,6,-2.174328e+01,-2.685725e+01,-1.571135e+00,-2.213751e-01,9.841981e-01,1.319219e-01,9.408660e+11
0,0.000000,7,5.675094e+00,-1.907686e+01,4.220288e+01,5.512015e-01,5.272547e-01,-1.186343e-01,3.559480e+11
0,0.000000,8,-1.811416e+01,-3.307709e+01,4.783164e+01,-7.700269e-01,5.058898e-01,-4.938343e-01,9.451388e+11
0,0.000000,9,1.666249e+01,-2.815150e+01,-3.033306e+01,5.731402e-01,-1.319688e-01,-8.293747e-01,7.724363e+11
0,0.000000,10,4.512018e+01,4.988799e+01,-3.813021e+01,-5.324620e-01,-5.393853e-01,2.059731e-01,6.268507e+11
0,0.000000,11,-2.775936e+01,-3.310525e+01,6.335015e+00,5.583147e-01,-4.364215e-02,-2.924206e-02,5.592105e+11
0,0.000000,12,-2.581937e+01,4.260618e+01,4.042006e+01,1.213294e-01,-8.094182e-01,7.650339e-01,6.788947e+11
0,0.000000,13,3.482358e+01,-3.644002e+01,1.202358e+01,2.972156e-02,-2.918304e-01,6.338104e-01,3.084166e+11
0,0.000000,14,2.881004e+01,4.022178e+01,-4.284315e+01,4.786043e-01,8.021954e-01,-6.194671e-01,9.733405e+11
0,0.000000,15,-3.685949e+01,2.932530e+01,9.615266e+00,-2.923771e-01,9.244010e-01,-6.809944e-01,1.416391e+11
0,0.000000,16,-5.962057e+00,1.448818e+01,1.877269e+01,3.643714e-01,1.418872e-01,1.838549e-01,2.504219e+11
0,0.000000,17,1.662345e+01,-2.555560e+00,4.185016e+01,2.894068e-02,2.200884e-01,7.747483e-02,3.903781e+10
0,0.000000,18,4.641290e+01,-1.443574e+01,-1.692380e+01,5.044587e-01,-4.842791e-01,-1.953389e-01,4.966162e+11
0,0.000000,19,-3.410419e+01,9.259701e+00,-3.539729e+00,-4.192736e-01,-2.282999e-01,-8.784893e-01,6.477329e+11
0,0.000000,20,-1.519495e+01,-2.797418e+01,2.771434e+01,5.768599e-01,7.302799e-01,-7.025933e-02,4.759095e+11
0,0.000000,21,-6.391646e+00,-4.432022e+01,2.134661e+01,-7.953639e-01,6.248437e-02,2.639353e-01,6.206205e+11
0,0.000000,22,-3.587136e+01,-3.292949e+01,1.461195e+01,-7.891692e-01,5.269537e-02,9.537630e-01,8.590683e+11
0,0.000000,23,2.842081e+01,-1.207879e+01,-1.508237e+01,8.863325e-01,9.436182e-01,6.275580e-01,2.411941e+11
0,0.000000,24,-1.423409e+01,3.745344e+01,3.777040e+01,4.114193e-01,-8.104149e-01,3.096950e-01,4.991982e+11
0,0.000000,25,4.599325e+01,-3.802822e+01,4.647553e+01,-2.079680e-01,-6.469688e-01,3.564427e-01,5.033507e+11
0,0.000000,26,2.077578e+01,-1.898110e+01,-3.848776e+01,6.980884e-01,-3.821176e-02,5.224839e-01,9.549150e+11
0,0.000000,27,-4.927582e+01,2.381234e+01,3.121043e+01,5.828998e-01,-7.653290e-01,-6.774388e-01,7.372700e+11
0,0.000000,28,-4.108554e+01,4.750596e+01,4.681456e+01,-1.063926e-01,6.991878e-01,6.916992e-01,1.609882e+11
0,0.000000,29,4.443864e+01,6.971059e-02,1.466530e+01,8.086378e-01,2.408299e-01,2.228165e-01,3.073316e+11
0,0.000000,30,2.969305e+01,-2.103704e+01,2.986690e+01,9.376651e-03,1.996372e-01,8.275828e-01,3.601952e+11
0,0.000000,31,-4.192873e+01,1.750333e+01,-1.918079e+01,-8.240909e-01,-1.736864e-01,-7.594073e-01,8.806104e+11
0,0.000000,32,3.049229e+00,-2.184230e+01,1.140206e+01,2.392738e-01,-4.867270e-01,1.643324e-01,7.577617e+10
0,0.000000,33,-3.937696e+01,-7.198419e+00,-2.810461e+01,-8.987663e-01,8.574258e-01,7.312137e-01,9.553864e+11
0,0.000000,34,4.912785e+00,-2.298489e+00,-2.447293e+01,-3.078832e-01,5.332894e-01,-8.921206e-01,8.522392e+11
0,0.000000,35,-1.335367e+01,4.677311e+01,-2.955208e+01,-1.056479e-01,2.855289e-01,2.534256e-02,5.397793e+11
0,0.000000,36,-4.440788e+01,1.329677e+01,-8.546491e+00,1.728270e-01,8.290892e-01,-9.428886e-01,2.139899e+11
0,0.000000,37,-3.288189e+01,1.107219e+01,-2.275090e+01,-4.451769e-01,-9.225246e-01,-1.711024e-02,3.347481e+11
0,0.000000,38,4.674506e+01,-1.429483e+01,-2.170358e+01,3.315696e-02,6.681337e-01,7.646986e-02,8.640105e+11
0,0.000000,39,1.007116e+01,9.217462e+00,2.133836e+01,9.343498e-01,1.198115e-01,8.357256e-01,4.202074e+11
0,0.000000,40,-2.973298e+01,-6.946594e+00,4.494816e+01,-4.828172e-01,-8.729966e-01,-2.719667e-01,8.465549e+11
0,0.000000,41,4.780463e+01,-1.074276e+01,-4.489447e+01,-7.015451e-01,-9.934114e-01,-3.529075e-01,4.323726e+11
0,0.000000,42,-4.579680e+01,3.149911e+01,2.546674e+01,-9.810347e-01,-6.559143e-01,-9.247368e-01,5.308005e+11
0,0.000000,43,-4.938903e+01,7.586655e+00,-1.113020e+01,2.136426e-01,-6.639176e-01,-7.958369e-01,5.782562e+11
0,0.000000,44,2.279469e+01,-4.800557e+01,4.883471e+01,8.612341e-01,-9.904325e-02,8.756574e-01,1.973164e+11
0,0.000000,45,1.398009e+00,-1.981546e+01,-4.657866e+01,-1.594719e-02,3.888355e-01,-8.294627e-01,6.448413e+11
0,0.000000,46,1.977120e+01,-9.118509e+00,-4.321072e+01,4.794880e-01,-5.523879e-01,6.451205e-01,7.517344e+11
0,0.000000,47,-1.041511e+01,3.601919e+01,-2.247123e+01,-1.960827e-01,-1.278832e-01,3.279714e-01,1.869212e+10
0,0.000000,48,1.040996e+01,2.660673e+01,8.277609e+00,-3.359070e-01,5.720231e-01,1.422464e-01,2.700369e+11
0,0.000000,49,-2.635101e+01,8.951904e-01,-4.812798e+00,5.009401e-01,6.215945e-01,-2.782921e-02,2.500715e+11
0,0.000000,50,5.214994e-01,7.135405e+00,3.837503e+01,-5.941460e-01,9.603379e-01,9.032862e-01,9.432443e+11
0,0.000000,51,-2.960250e+01,2.742033e+01,1.918977e+01,1.996478e-01,2.687904e-01,9.343708e-01,1.176473e+10
0,0.000000,52,-4.295464e+01,1.311711e+01,-4.894375e+01,3.491063e-01,-2.055232e-01,1.866771e-01,1.653365e+10
0,0.000000,53,-3.167500e+01,-3.355382e+01,-2.307368e+01,-1.605202e-01,3.468274e-01,4.422705e-01,1.785078e+11
0,0.000000,54,-1.578906e+00,-2.927794e+01,-8.729364e+00,9.788519e-01,5.571493e-01,-4.070867e-01,2.004294e+11
0,0.000000,55,2.587436e+01,-2.519003e+01,-3.649760e+01,9.254373e-01,-9.553939e-01,6.538432e-01,5.669171e+11
0,0.000000,56,1.566982e+01,2.941070e+01,6.432511e+00,4.543037e-01,-1.494437e-01,1.497752e-01,4.076879e+11
0,0.000000,57,3.225165e+01,-3.317739e+01,-9.169536e+00,-9.884670e-01,-3.346241e-01,3.551357e-01,4.312513e+11
0,0.000000,58,-4.938984e+01,-1.012969e+01,9.571632e+00,-1.937491e-02,2.118474e-01,-9.831546e-01,4.849411e+11
0,0.000000,59,-1.155016e+01,-1.951207e+01,1.720914e+01,-7.135160e-01,1.059581e-01,6.142308e-01,1.149010e+11
0,0.000000,60,7.528211e+00,1.340370e+01,1.685032e+01,-5.360393e-01,-1.437119e-01,-5.343434e-01,9.595409e+11
0,0.000000,61,3.534222e+01,3.077159e+01,-1.391628e+01,3.518775e-01,9.518841e-01,5.382836e-01,6.848882e+11
0,0.000000,62,-1.913700e+01,-5.329035e+00,-3.927884e+01,-3.705369e-01,6.908254e-01,4.058559e-01,8.069937e+11
0,0.000000,63,-4.866359e+00,2.113506e+01,-2.152174e+01,6.716695e-01,-9.675402e-01,9.137480e-01,9.792860e+11
0,0.000000,64,6.920897e+00,2.639894e+01,-4.149626e+01,-7.110178e-01,-2.039472e-01,5.070812e-01,3.827067e+11
0,0.000000,65,3.261704e+01,4.863689e+01,-1.643964e+01,3.591852e-01,5.881696e-01,3.928816e-01,3.619760e+11
0,0.000000,66,2.700268e+01,-3.441739e+00,-4.627635e+01,-8.426865e-01,8.245845e-01,-7.111037e-01,3.994544e+11
0,0.000000,67,2.577050e+01,3.473761e+01,-3.015676e+01,-5.819172e-01,1.174534e-01,-3.356999e-02,5.442740e+10
0,0.000000,68,7.495661e+00,-5.991099e+00,-4.760471e+01,-7.116689e-01,-5.918432e-01,-7.820193e-01,2.957701e+11
0,0.000000,69,1.021048e+01,3.625309e+01,1.651281e+01,-1.434496e-01,6.977997e-01,-9.985366e-01,1.167891e+11
0,0.000000,70,1.429846e+01,1.971725e+01,-3.660089e+00,-1.739771e-01,-6.744898e-01,1.271316e-03,4.967515e+11
0,0.000000,71,-4.249526e+01,1.450838e+01,3.850565e+01,6.655047e-01,-1.508019e-02,-8.330221e-01,5.137580e+10
0,0.000000,72,-4.488134e+01,6.670394e+00,-4.133301e+01,2.522864e-01,-9.864141e-01,-7.787543e-01,7.726057e+11
0,0.000000,73,-2.891287e+01,-2.803868e+01,-4.410346e+01,6.259522e-01,-8.357117e-01,4.481870e-01,2.488388e+11
0,0.000000,74,4.310440e+01,2.248252e+01,-1.508809e+01,1.480572e-01,-1.560046e-01,6.250364e-01,9.871696e+11
0,0.000000,75,8.475282e+00,-1.868462e+01,-2.129178e+00,3.196004e-01,9.164753e-01,-2.724706e-01,4.976270e+11
0,0.000000,76,-4.930245e+00,-5.274634e+00,3.434627e+00,3.768297e-03,-9.720848e-01,2.420323e-01,1.367471e+11
0,0.000000,77,-4.792495e+01,2.316390e+01,3.983361e+01,-5.367563e-01,9.025044e-01,9.146031e-01,5.415200e+10
0,0.000000,78,-4.666037e+01,1.813951e+01,-2.141507e+01,9.288806e-01,-1.875594e-01,2.699367e-01,5.430842e+11
0,0.000000,79,3.282180e+01,-5.251350e+00,2.550894e+00,-1.740583e-01,5.212807e-01,-9.915657e-01,8.204332e+10
0,0.000000,80,2.188780e+01,-1.320181e+01,6.532356e+00,-6.608489e-01,6.304711e-01,-8.006604e-01,6.747451e+11
0,0.000000,81,3.291931e+01,2.206860e+01,2.994870e+01,6.998873e-01,-9.535001e-02,3.956463e-01,9.074988e+10
0,0.000000,82,-9.642281e+00,1.551247e+01,-3.738365e+01,-1.260530e-01,-3.269604e-01,-1.759744e-01,4.073997e+11
0,0.000000,83,2.427401e+01,-4.530189e+01,4.398827e+01,1.419162e-01,-1.106478e-02,-6.921665e-02,9.840897e+11
0,0.000000,84,-2.448921e+01,-3.039117e+00,-4.433000e+01,9.479719e-01,6.751814e-01,2.440471e-01,1.521259e+11
0,0.000000,85,1.528262e+01,2.216934e+01,3.150212e+01,-3.596124e-02,-1.152413e-01,2.290164e-01,3.386434e+11
0,0.000000,86,3.947043e+01,-1.876686e+01,-8.647141e+00,-4.034369e-01,9.349122e-01,7.938421e-02,7.379025e+11
0,0.000000,87,-1.960241e+01,4.517049e+01,-3.633311e+01,-9.065680e-01,9.973720e-01,-8.468968e-01,6.214974e+11
0,0.000000,88,-6.846410e-01,4.194327e+00,1.016031e+01,4.965231e-01,-9.768958e-01,3.166061e-01,7.250250e+11
0,0.000000,89,3.491428e+01,-2.196734e+01,3.658089e+01,3.938132e-03,-9.959601e-01,3.616602e-01,9.841486e+11
0,0.000000,90,-5.560070e+00,-2.046617e+01,-1.840485e+01,-3.217927e-01,2.153394e-01,4.589602e-01,6.410113e+11
0,0.000000,91,7.512582e+00,-2.308278e+01,-1.273598e+01,7.582034e-01,-5.582459e-01,1.861817e-02,9.265595e+11
0,0.000000,92,-2.804370e+01,8.586069e+00,4.349184e+00,4.254333e-01,-7.443921e-01,-7.098102e-01,4.663684e+11
0,0.000000,93,-3.606439e+01,3.033979e+01,-3.167744e+01,9.769978e-01,-8.325509e-01,-9.019308e-01,4.955633e+11
0,0.000000,94,-4.142555e+01,2.298647e+01,-2.554361e+00,6.028756e-02,-9.495939e-01,5.808158e-01,8.705549e+11
0,0.000000,95,1.328727e+01,1.988797e+00,6.632593e-01,-5.840029e-01,5.781203e-01,7.585456e-01,9.622928e+10
0,0.000000,96,-4.900628e+01,-1.114181e+01,-4.870820e+01,-5.409995e-01,9.488852e-01,1.128197e-01,9.427947e+11
0,0.000000,97,-3.977535e+01,2.015047e+01,-9.680492e+00,-5.167948e-01,9.805391e-03,1.728414e-01,2.378005e+11
0,0.000000,98,8.862723e+00,1.354553e+01,2.205694e+01,3.487434e-01,-2.693600e-01,-6.099483e-01,2.124703e+11
0,0.000000,99,-1.094769e+01,4.854337e+01,-4.262371e+01,-9.532084e-01,1.064337e-02,1.607910e-01,2.390804e+11
0,0.000000,100,-2.056182e+01,-4.033169e+00,-1.815054e+01,-3.913619e-01,6.965004e-01,-3.371747e-01,5.384811e+11
0,0.000000,101,3.226928e+01,3.878225e+01,-2.396377e+00,8.498787e-01,1.786545e-01,7.584626e-01,1.748765e+11
0,0.000000,102,-4.057701e+01,-3.434797e+00,-1.033566e+01,3.657143e-01,-7.977853e-01,-7.655743e-01,3.636566e+11
0,0.000000,103,-3.357264e+00,-1.877613e+01,6.174436e+00,7.139008e-01,-4.046552e-01,2.710145e-01,8.815427e+11
0,0.000000,104,3.029941e+01,-2.840972e+01,-3.882594e+01,-8.052482e-01,3.511422e-01,-1.395296e-01,4.076780e+11
0,0.000000,105,2.382128e+00,2.616479e+01,4.355143e+01,-3.069719e-01,2.989407e-01,-1.768989e-01,2.787389e+11
0,0.000000,106,-2.612024e+01,-2.092181e+01,-6.200465e+00,-3.339449e-01,5.128678e-01,6.692775e-01,2.572584e+10
0,0.000000,107,3.575412e+01,4.518516e+01,-1.268864e+01,-3.520628e-01,-4.718194e-01,8.697159e-01,1.891098e+11
0,0.000000,108,6.176272e+00,7.036519e+00,-4.387348e+01,-2.704864e-01,5.725359e-01,-6.539885e-01,4.675114e+11
0,0.000000,109,-3.816097e+00,1.032410e+01,3.638277e+01,9.713206e-01,-2.702224e-01,5.986840e-01,3.388526e+11
0,0.000000,110,-4.856408e+01,-2.891075e+01,1.036278e+01,-4.936865e-01,3.348789e-03,-9.167537e-01,5.903224e+11
0,0.000000,111,-2.418917e+01,3.762619e+01,1.020690e+01,-7.687010e-01,6.562271e-01,9.503651e-01,4.452219e+11
0,0.000000,112,-4.077961e+01,4.100405e+01,1.205371e+01,3.079332e-01,-3.918868e-02,3.636046e-01,2.853614e+10
0,0.000000,113,-2.333264e+01,3.548081e+01,-1.914391e+00,4.570253e-01,-8.390189e-02,-3.106324e-01,7.170312e+11
0,0.000000,114,3.229379e+01,-3.559742e+01,-4.536527e+01,6.745941e-01,-2.901633e-01,2.999503e-01,9.954927e+10
0,0.000000,115,3.565927e+01,1.915983e+01,1.766381e+01,-7.705980e-01,1.357204e-01,-4.425859e-01,2.380470e+11
0,0.000000,116,-1.040263e+01,-2.461104e+01,1.699686e+01,-2.364484e-02,-6.721398e-01,-4.189886e-01,1.507227e+11
0,0.000000,117,1.443357e+01,4.723080e+01,-3.391325e+01,8.220187e-01,6.542322e-01,2.834472e-01,6.431268e+11
0,0.000000,118,-2.148348e+01,4.864074e+01,-1.463051e+01,-7.837939e-01,-7.391336e-01,-1.999154e-01,9.459461e+11
0,0.000000,119,-1.464846e+00,-4.499826e+01,-4.641461e+01,-3.161115e-01,4.832314e-01,4.249840e-01,4.620788e+11
0,0.000000,120,-1.905241e+01,4.911991e+01,1.869958e+01,4.108992e-01,-5.098226e-01,-2.860712e-01,2.016909e+11
0,0.000000,121,-9.098124e+00,1.474701e+01,-1.642287e+01,-8.932910e-01,2.395564e-01,-6.722284e-03,9.647202e+11
0,0.000000,122,-5.310570e+00,-3.616375e+01,1.038858e+01,4.641189e-01,-7.504602e-01,9.151616e-01,8.417609e+11
0,0.000000,123,-2.447969e+01,-1.423769e+01,2.855626e+01,4.811093e-01,-1.847190e-01,6.428331e-01,9.167391e+10
0,0.000000,124,-3.507438e+01,3.390857e+00,3.914418e+00,-8.253591e-02,5.021529e-02,-5.477201e-01,1.725398e+11
0,0.000000,125,2.701963e+01,8.310439e+00,-1.421912e+01,-6.415698e-01,-5.388510e-01,3.871603e-01,2.402439e+11
0,0.000000,126,3.503527e+01,-3.097810e+01,-3.030666e+01,-4.055060e-01,-3.428371e-01,6.016385e-01,3.901340e+10
0,0.000000,127,-4.664864e+00,2.584000e+01,3.694690e+01,4.171089e-01,-7.679538e-01,3.100633e-01,4.546180e+11
0,0.000000,128,2.366359e+00,-2.355180e+00,3.160799e+00,3.458395e-01,-9.792865e-01,-8.584957e-01,1.403353e+11
0,0.000000,129,3.546441e+00,-2.031079e+01,-2.041666e+01,-3.886785e-01,7.599931e-01,3.072845e-01,4.900271e+11
0,0.000000,130,-3.894289e+01,-1.527776e+01,2.174454e+01,9.218475e-01,7.488272e-02,8.287577e-01,2.655890e+11
0,0.000000,131,3.660228e+01,2.151981e+01,-2.125228e+01,-3.612516e-01,-5.280368e-02,-6.861076e-01,3.764936e+10
0,0.000000,132,8.962127e+00,3.119779e+01,-2.296226e+00,-7.734303e-01,-4.231479e-01,-9.827085e-01,7.883426e+11
0,0.000000,133,-2.012172e+01,-4.206021e+01,4.178564e+01,6.684945e-01,-2.474199e-01,-5.726202e-01,1.485089e+11
0,0.000000,134,-2.437134e+01,3.673321e+01,1.247838e+01,-2.662848e-01,-5.708910e-01,-3.155415e-01,3.345036e+11
0,0.000000,135,2.519959e+01,-2.433919e+01,8.595212e+00,2.360374e-01,9.436125e-01,7.468587e-01,9.380190e+11
0,0.000000,136,-5.459560e+00,-4.696245e+01,4.653215e+01,-9.299487e-01,6.847068e-01,-1.152815e-01,1.568274e+11
0,0.000000,137,-3.692205e+01,-4.899500e+00,4.345152e+01,-1.408754e-01,6.080580e-02,7.047432e-01,2.711714e+11
0,0.000000,138,4.066929e+01,-4.339385e+01,-9.628247e+00,-6.740410e-01,8.667872e-01,-9.429973e-01,5.345388e+11
0,0.000000,139,-3.520519e+01,-1.292694e+01,3.576185e+01,7.998880e-01,2.546774e-01,-1.128587e-01,5.227831e+11
0,0.000000,140,9.914496e+00,-1.830000e+01,-4.464443e+00,-9.109013e-01,-3.052490e-01,-1.586458e-01,8.877927e+10
0,0.000000,141,-3.102711e+01,3.630364e+01,-2.721144e+01,-3.589832e-01,-3.719173e-01,-6.751986e-01,7.525700e+11
0,0.000000,142,3.444443e+01,-4.852277e+01,-4.861198e+01,5.022744e-01,-8.383324e-01,-1.648045e-01,9.149756e+11
0,0.000000,143,-4.857726e+01,-5.390091e+00,-5.604612e+00,-6.756490e-01,6.336594e-01,-3.968552e-01,7.149830e+10
0,0.000000,144,-5.583158e+00,2.451430e+01,8.008217e+00,-9.133732e-01,-8.757140e-01,-9.291245e-01,9.698411e+10
0,0.000000,145,-9.048152e+00,-4.388516e+00,-3.325622e+01,1.984948e-01,-3.616976e-01,-2.093534e-01,9.205582e+11
0,0.000000,146,1.331926e+01,5.772403e+00,1.698264e+01,-4.472629e-02,1.449927e-01,3.674133e-01,2.364863e+11
0,0.000000,147,1.533301e+01,-3.986956e+01,-3.571092e+01,3.351150e-01,9.480695e-02,1.736894e-01,8.314357e+11
0,0.000000,148,-1.357668e+01,3.884171e+01,3.918525e+01,6.168032e-01,2.671202e-01,-5.613059e-02,8.531978e+11
0,0.000000,149,1.957031e+01,7.372443e-01,4.395777e+01,-7.895569e-01,9.269746e-01,-7.859690e-01,7.074243e+11
0,0.000000,150,-2.173615e+01,2.338805e-01,1.242247e+01,8.316622e-01,-8.798743e-01,-4.118977e-01,3.995333e+11
0,0.000000,151,1.325592e+01,4.777578e+01,1.222420e+01,-4.282214e-01,-8.418756e-01,5.302656e-01,9.539123e+11
0,0.000000,152,1.264657e+01,-1.480225e+01,2.831798e+01,9.813977e-01,-5.192108e-01,3.500647e-01,8.011094e+11
0,0.000000,153,3.739547e+01,-3.530329e+01,1.508154e+01,1.393155e-01,3.086790e-01,1.807863e-01,6.781305e+11
0,0.000000,154,1.178268e+01,1.974086e+01,-1.206518e+01,8.009306e-01,-6.005051e-01,-9.928541e-01,8.181334e+11
0,0.000000,155,-2.401897e+01,-2.023759e+01,-2.902357e+01,7.847389e-01,-4.492362e-01,6.640126e-01,1.864761e+11
0,0.000000,156,-1.455559e+01,9.713913e+00,-3.682945e+01,9.618196e-01,8.982333e-01,8.297708e-01,9.718925e+11
0,0.000000,157,-3.104888e+01,8.991775e+00,2.707091e+01,-8.730682e-01,4.737696e-01,-1.569510e-01,6.367924e+11
0,0.000000,158,-1.087757e+01,-4.880823e+01,-1.919970e+01,-9.818977e-01,4.186526e-01,3.747024e-01,9.104213e+11
0,0.000000,159,4.090738e+01,1.909242e+01,2.258128e+01,-6.622319e-01,9.770965e-01,8.711542e-01,7.064095e+10
0,0.000000,160,-2.360698e+01,2.675834e+01,-2.604878e+01,2.367486e-01,-2.705549e-01,-2.575645e-01,6.032912e+11
0,0.000000,161,-1.861608e+01,-2.138969e+01,7.089271e+00,6.700802e-03,7.520418e-01,-3.167964e-01,5.711481e+11
0,0.000000,162,1.129057e+01,2.631263e+01,-3.000600e+01,-9.917399e-01,5.500879e-01,1.588586e-02,2.304936e+10
0,0.000000,163,-1.562974e+00,-3.047059e+01,4.226976e+01,-2.131120e-01,7.724366e-01,2.970208e-01,5.667048e+11
0,0.000000,164,3.747666e+01,8.408748e+00,1.235815e+01,-7.226065e-01,-2.966582e-01,7.261875e-01,7.595003e+11
0,0.000000,165,2.163934e+01,-2.656885e+01,-1.436449e+01,-9.395348e-01,4.082928e-02,8.544957e-01,5.382472e+11
0,0.000000,166,-1.035645e+01,-2.311504e+01,-3.996007e+01,-9.813176e-01,-9.360482e-01,-3.993215e-01,2.333654e+10
0,0.000000,167,3.070199e+01,3.082822e+01,-4.733476e+01,-4.172198e-01,-9.928473e-01,8.987000e-01,6.879858e+11
0,0.000000,168,3.897946e+01,9.786040e+00,-2.528378e+01,5.291224e-01,-6.361043e-01,7.414874e-01,9.042254e+11
0,0.000000,169,3.361875e+00,2.338375e+01,1.603290e+01,-4.999757e-01,9.362980e-01,-9.666317e-01,2.874423e+11
0,0.000000,170,-1.143637e+00,4.439320e+01,3.138277e+01,7.699983e-01,-5.744368e-01,8.284540e-01,8.953970e+11
0,0.000000,171,-2.552425e+01,-2.854337e+01,4.078116e+01,-8.964452e-01,-9.543031e-01,8.689281e-01,3.497358e+11
0,0.000000,172,-4.735752e+01,3.838141e+01,-4.719984e+01,8.324389e-01,-3.665109e-02,-4.496724e-01,6.839728e+11
0,0.000000,173,1.636223e+01,-3.540925e+01,8.403860e+00,-6.055178e-01,7.594900e-01,-5.112648e-01,4.527807e+11
0,0.000000,174,3.478940e+01,-2.389482e+01,2.274980e+01,-3.270847e-01,-5.900325e-01,8.265140e-02,2.292422e+11
0,0.000000,175,-8.223463e+00,-4.444728e+00,-3.842029e+01,3.250458e-01,3.402380e-01,-9.527825e-01,7.171573e+11
0,0.000000,176,1.929675e+01,4.580728e+01,-4.425322e+01,4.387845e-01,6.837737e-01,-8.290612e-01,6.392556e+11
0,0.000000,177,-1.764387e+01,-1.393668e+01,-1.836077e+01,9.743673e-01,1.308159e-02,8.008619e-01,1.925805e+11
0,0.000000,178,-1.137142e+01,-3.552015e+01,1.316780e+01,-5.316404e-01,-1.882994e-01,-2.816481e-01,5.749311e+11
0,0.000000,179,1.108341e+01,4.005016e+01,2.920942e+01,-9.428011e-01,-2.878913e-01,8.157828e-01,6.942111e+11
0,0.000000,180,-4.738266e+01,4.315002e+01,-9.457740e+00,4.382816e-01,7.791459e-01,-7.421922e-02,4.441478e+11
0,0.000000,181,2.314598e+01,4.835981e+00,-4.258552e+01,-8.899577e-01,8.179861e-01,-2.189257e-01,5.178276e+10
0,0.000000,182,-8.446614e+00,-2.090319e+01,-2.733705e+01,6.036394e-01,-1.284668e-01,7.166150e-01,4.563950e+10
0,0.000000,183,3.416169e+01,-2.825166e+01,1.066370e+01,-9.509802e-02,-7.640298e-01,-2.025376e-01,4.862399e+11
0,0.000000,184,-2.596054e+00,-1.933774e+01,-3.278273e+01,4.256186e-04,-5.237546e-01,1.551907e-01,2.271601e+11
0,0.000000,185,-3.723043e+01,-4.595143e+01,1.578867e+01,7.183110e-01,1.776911e-01,4.640630e-01,9.150349e+11
0,0.000000,186,-2.161383e-01,-3.774314e+01,4.563815e+01,8.267450e-01,-1.729266e-01,-6.339780e-01,7.180402e+11
0,0.000000,187,3.493033e+01,-4.586815e+01,2.511917e+01,3.818405e-01,-4.823961e-01,-2.843428e-01,1.519375e+11
0,0.000000,188,-1.232130e+01,2.565598e+01,1.244217e+01,7.016530e-01,-8.736353e-01,5.931888e-01,3.575289e+11
0,0.000000,189,-1.986949e+01,-1.258102e+01,7.039294e+00,-1.419985e-01,-1.706490e-01,-5.434407e-01,2.952747e+11
0,0.000000,190,-4.964789e+01,4.603112e+01,-2.976670e+01,2.719336e-03,-8.342404e-01,-6.825712e-01,4.205848e+11
0,0.000000,191,-3.583459e-01,-1.582746e+01,-3.700757e+01,-3.085602e-01,-2.339121e-01,7.622319e-01,4.627374e+10
0,0.000000,192,1.418459e+01,-2.610554e+01,-3.199886e+01,-9.627341e-01,9.910087e-01,6.088661e-01,8.707648e+11
0,0.000000,193,-4.413133e+01,1.010275e+01,-2.795013e+01,-2.800164e-01,9.504344e-01,5.817834e-01,7.911026e+11
0,0.000000,194,-1.101073e+01,-4.808287e+01,-4.228511e+01,-2.131725e-01,9.589650e-01,-4.410364e-01,8.958257e+11
0,0.000000,195,-4.376377e+01,-6.180377e+00,-1.904944e+01,1.175578e-01,5.598433e-01,-1.211402e-01,9.054538e+11
0,0.000000,196,-3.370344e+01,-1.794542e+01,4.411389e+01,6.096230e-01,1.189807e-01,-7.576994e-01,8.252100e+11
0,0.000000,197,5.499472e+00,4.255833e+01,1.929039e+01,2.273629e-01,5.322160e-02,8.268052e-01,9.739365e+11
0,0.000000,198,1.828026e-01,2.042943e+01,2.626658e+01,7.834415e-01,4.469313e-01,6.796293e-01,2.922832e+11
0,0.000000,199,2.029482e+01,-3.807035e+01,-3.200920e+01,5.306210e-01,1.149854e-01,-2.117291e-02,3.308485e+11
0,0.000000,200,-1.625857e+01,4.288434e+01,-2.714119e+01,7.598805e-04,-5.012215e-01,-6.605459e-01,3.121395e+11
0,0.000000,201,3.088796e+01,-2.091227e+01,-3.713642e+01,-2.722513e-01,-5.670787e-01,6.430794e-01,9.777802e+11
0,0.000000,202,2.430715e+01,2.349423e+01,4.512290e+01,-5.102010e-01,-1.215268e-01,4.277896e-01,1.452540e+11
0,0.000000,203,-3.372978e+01,5.370947e+00,-7.824524e+00,7.313008e-01,3.460119e-01,2.033254e-01,6.346513e+11
0,0.000000,204,-2.695014e+01,-4.089237e+01,4.550503e+01,1.358259e-01,-9.601606e-01,-6.327231e-01,7.760998e+10
0,0.000000,205,-2.306911e+01,-1.466345e+01,-1.265157e+01,-8.436229e-01,2.884856e-01,4.240355e-03,4.476423e+11
0,0.000000,206,3.607035e+01,-1.763401e+01,-8.038134e+00,2.075498e-01,-8.827956e-01,-2.583047e-01,8.501877e+11
0,0.000000,207,-2.161230e-01,-4.152575e+01,4.852947e+01,3.210820e-01,2.769039e-01,-1.859012e-01,5.309295e+11
0,0.000000,208,-1.885421e+01,-4.912879e+01,-3.428477e+01,8.391305e-02,-8.004232e-01,-7.755948e-01,1.187708e+11
0,0.000000,209,-3.802919e+01,-2.041590e+01,-3.218376e+01,-2.219660e-01,2.984129e-01,1.032935e-01,4.725335e+11
0,0.000000,210,-2.065507e+01,-4.462331e+01,4.092684e+01,-6.916945e-01,-2.451464e-01,-3.422258e-01,7.603484e+11
0,0.000000,211,-6.397102e+00,1.997348e+01,1.066021e+01,8.677355e-01,5.689545e-01,1.837934e-01,5.984647e+11
0,0.000000,212,-7.707078e+00,4.989461e+01,-3.793998e+01,4.687742e-01,-9.846835e-01,-4.444951e-01,2.835802e+11
0,0.000000,213,-3.925533e+01,-1.100450e+01,-1.137869e+01,-5.456905e-01,3.715921e-01,1.287511e-01,6.200100e+11
0,0.000000,214,-1.649975e+01,-3.839777e+01,-4.166227e+01,2.569036e-01,-6.604215e-01,9.852914e-01,7.847785e+11
0,0.000000,215,4.721605e+00,-1.784672e+01,4.053216e+00,9.664900e-01,-9.574649e-01,-7.057315e-01,9.179416e+11
0,0.000000,216,3.057448e+01,2.390309e+01,1.152153e+00,-5.426519e-01,4.759542e-01,2.642434e-01,9.634306e+11
0,0.000000,217,2.456353e+01,4.098741e+01,-2.605952e+01,7.061640e-01,-4.003417e-01,2.512359e-01,8.943437e+10
0,0.000000,218,4.856252e+01,-3.100065e+01,1.964085e+01,-3.587446e-01,-3.879683e-01,5.595715e-01,9.495887e+11
0,0.000000,219,-2.419492e+00,2.724315e+01,2.316840e+01,-9.539578e-01,-8.120715e-01,-4.555677e-01,1.620348e+10
0,0.000000,220,-3.847682e+01,-8.064960e+00,4.233789e+01,8.419534e-01,-6.832373e-01,-1.301991e-01,1.581542e+11
0,0.000000,221,3.963584e+01,-4.329779e+01,-3.872881e+01,2.839875e-01,9.537925e-01,-2.957666e-01,5.001250e+11
0,0.000000,222,-2.232746e+01,4.777347e+01,7.531251e+00,-4.752987e-01,-6.645436e-01,-4.565580e-01,5.871486e+11
0,0.000000,223,-2.625598e+00,-4.484933e+01,3.205786e+00,8.990982e-01,6.478764e-01,-4.725163e-01,9.728445e+11
0,0.000000,224,4.179025e+01,3.595804e+00,4.788364e+01,-9.337314e-01,9.106169e-01,8.044306e-01,9.545699e+11
0,0.000000,225,-3.863102e+01,-1.628843e+01,-3.962383e+01,-9.799036e-01,-1.917243e-01,-5.670528e-01,6.555216e+11
0,0.000000,226,-1.189659e+01,6.859031e+00,-3.528823e+01,3.155191e-01,9.264995e-02,4.448605e-01,9.209091e+11
0,0.000000,227,2.140532e+01,4.941512e+01,3.088543e-01,-6.244056e-01,-9.086841e-01,-9.297072e-01,1.459728e+11
0,0.000000,228,3.695962e+01,-2.011117e+01,-3.900835e+01,5.749972e-01,6.696926e-01,-8.224943e-01,8.224266e+11
0,0.000000,229,2.901548e+01,4.909681e+01,2.747439e+01,8.076891e-01,-3.438322e-01,7.570112e-01,9.147538e+11
0,0.000000,230,2.322217e+01,-4.050208e+01,6.593472e+00,-7.734883e-01,3.271391e-01,4.261049e-01,7.733052e+11
0,0.000000,231,-2.901055e+01,-6.451728e+00,1.911256e+01,8.478953e-01,-1.407321e-01,-6.115717e-01,1.206274e+11
0,0.000000,232,-2.470807e+00,-2.706395e+01,-2.509089e+01,-3.102238e-01,5.649762e-02,-2.819848e-01,1.410628e+11
0,0.000000,233,-1.369049e+01,-5.223953e+00,4.530196e+01,-6.935002e-01,-1.225428e-01,4.555271e-01,6.652347e+10
0,0.000000,234,2.668125e+01,1.062692e+01,4.709872e+01,-1.931556e-03,4.024968e-01,7.384375e-02,6.161672e+11
0,0.000000,235,-1.351821e+01,-2.500257e+01,-1.166945e+01,1.494248e-01,3.709141e-01,-8.511379e-01,5.036735e+11
0,0.000000,236,-3.849090e+01,-2.313548e+01,1.104049e+01,1.807659e-01,-3.988538e-03,7.189921e-01,9.359183e+11
0,0.000000,237,-4.737455e+01,-2.814963e+01,-4.323423e+01,-2.213007e-01,3.325282e-01,-9.586453e-01,5.471736e+11
0,0.000000,238,-3.950073e+01,2.484409e+01,9.969396e+00,7.436104e-01,-2.905799e-01,1.413622e-01,3.771310e+11
0,0.000000,239,-4.440416e+01,-3.923970e+01,4.831295e+01,-1.584473e-01,-2.848453e-01,-2.671300e-01,9.955339e+11
0,0.000000,240,-4.569656e+01,-5.913394e+00,-5.851147e-01,-6.837491e-01,4.190225e-01,-7.908924e-01,7.510233e+11
0,0.000000,241,-2.924830e+01,4.640498e+01,1.837794e+01,-5.324569e-01,-6.348931e-01,5.028743e-01,6.268900e+11
0,0.000000,242,3.488176e+01,2.721145e+01,-3.342793e+01,9.076206e-01,4.111084e-02,5.308294e-01,8.273594e+11
0,0.000000,243,3.752655e+01,-1.639042e+01,-3.035450e+01,8.624478e-01,-1.126024e-01,-6.408310e-01,3.584803e+11
0,0.000000,244,3.012762e+01,4.601950e+00,-1.525110e+01,6.886211e-01,9.737711e-01,6.832758e-01,1.241163e+10
0,0.000000,245,1.963968e+01,4.461917e+01,2.509444e+01,8.078276e-01,8.204830e-01,-1.305524e-01,1.463085e+11
0,0.000000,246,-4.072050e+01,-3.138391e+01,2.608065e+01,8.832251e-01,9.165509e-01,8.530546e-01,8.964686e+11
0,0.000000,247,-2.116911e+00,1.919420e+01,2.210384e+01,-2.918073e-01,-9.439244e-01,8.349868e-01,2.924671e+11
0,0.000000,248,-2.826335e+00,-4.029221e+01,1.373206e+01,-4.539744e-01,2.861948e-01,9.696192e-01,1.261501e+11
0,0.000000,249,1.299830e+01,3.264475e+01,-3.802406e+01,-3.472404e-01,5.452784e-01,7.414075e-01,2.379907e+11
0,0.000000,250,1.828807e+01,-1.945725e+01,-1.320210e+01,5.513513e-01,-1.682304e-02,-7.424289e-01,7.201153e+11
0,0.000000,251,-5.013605e+00,-4.446872e+01,1.127111e+01,8.573897e-01,4.945096e-01,-3.325010e-01,2.899633e+11
0,0.000000,252,2.752926e+01,-2.487571e+01,6.811151e+00,-5.059414e-01,-3.033584e-01,-5.891358e-01,5.248417e+11
0,0.000000,253,4.914182e+01,-3.097583e+01,1.373655e+01,2.428024e-01,-9.666216e-01,5.142497e-01,9.483032e+11
0,0.000000,254,2.893284e+01,1.278286e+01,-3.219254e+01,-5.558179e-02,8.665122e-01,9.210725e-02,2.554059e+11
0,0.000000,255,-7.515543e+00,1.748392e+01,4.651730e+01,7.494170e-01,4.603039e-01,1.557681e-01,8.053693e+11
10,0.100000,0,-4.665747e+01,-1.706212e+01,1.900851e+01,4.560325e-02,-5.837185e-01,-5.922253e-01,6.401929e+11
10,0.100000,1,3.632732e+01,-1.978028e+01,-4.752883e+01,-4.137536e-01,5.504158e-01,-8.777859e-02,1.443711e+11
10,0.100000,2,-3.931032e+01,2.607662e+01,-4.177574e+01,1.922659e-01,6.627849e-02,6.390133e-01,9.819425e+11
10,0.100000,3,-2.809656e+01,-4.547560e+00,1.907771e+00,2.147990e-01,1.432010e-01,3.963363e-01,6.325852e+11
10,0.100000,4,2.967560e+01,8.452559e+00,-2.242755e+01,6.022906e-01,7.952200e-01,9.802811e-01,2.595639e+11
10,0.100000,5,-3.790244e+01,-2.843947e+01,3.894072e+01,1.082372e+00,1.077982e-01,7.120604e-01,3.550747e+11
10,0.100000,6,-2.176071e+01,-2.675200e+01,-1.555402e+00,-1.358658e-01,1.108325e+00,1.781267e-01,9.408660e+11
10,0.100000,7,5.728383e+00,-1.902334e+01,4.218268e+01,5.179077e-01,5.416365e-01,-2.702625e-01,3.559480e+11
10,0.100000,8,-1.819014e+01,-3.302394e+01,4.777301e+01,-7.515499e-01,5.524521e-01,-6.619997e-01,9.451388e+11
10,0.100000,9,1.670349e+01,-2.814509e+01,-3.042376e+01,2.768229e-01,2.240657e-01,-9.660592e-01,7.724363e+11
10,0.100000,10,4.506159e+01,4.982874e+01,-3.810689e+01,-6.297708e-01,-6.359708e-01,2.554391e-01,6.268507e+11
10,0.100000,11,-2.769904e+01,-3.310051e+01,6.332558e+00,6.399907e-01,1.220128e-01,-2.085067e-02,5.592105e+11
10,0.100000,12,-2.580172e+01,4.251924e+01,4.049034e+01,2.216228e-01,-9.184580e-01,6.518932e-01,6.788947e+11
10,0.100000,13,3.482894e+01,-3.645481e+01,1.209393e+01,7.366765e-02,-2.940311e-02,7.604829e-01,3.084166e+11
10,0.100000,14,2.885339e+01,4.029586e+01,-4.290038e+01,3.965888e-01,6.905660e-01,-5.336924e-01,9.733405e+11
10,0.100000,15,-3.688451e+01,2.940830e+01,9.543788e+00,-2.150154e-01,7.527071e-01,-7.421670e-01,1.416391e+11
10,0.100000,16,-5.920566e+00,1.450261e+01,1.878597e+01,4.563544e-01,1.463317e-01,9.120640e-02,2.504219e+11
10,0.100000,17,1.662941e+01,-2.526051e+00,4.185445e+01,8.474505e-02,3.574216e-01,1.436737e-02,3.903781e+10
10,0.100000,18,4.645239e+01,-1.448411e+01,-1.695414e+01,3.049227e-01,-4.821069e-01,-3.925074e-01,4.966162e+11
10,0.100000,19,-3.414042e+01,9.228686e+00,-3.633578e+00,-3.153643e-01,-3.776946e-01,-9.881583e-01,6.477329e+11
10,0.100000,20,-1.513600e+01,-2.789797e+01,2.770114e+01,5.997515e-01,7.881596e-01,-1.825818e-01,4.759095e+11
10,0.100000,21,-6.471138e+00,-4.430369e+01,2.136608e+01,-7.944252e-01,2.494496e-01,1.381631e-01,6.206205e+11
10,0.100000,22,-3.594532e+01,-3.291631e+01,1.470501e+01,-6.989622e-01,1.966049e-01,9.117898e-01,8.590683e+11
10,0.100000,23,2.850422e+01,-1.198784e+01,-1.501716e+01,7.913852e-01,8.815816e-01,6.721137e-01,2.411941e+11
10,0.100000,24,-1.416801e+01,3.741581e+01,3.784270e+01,8.679929e-01,-7.996776e-03,1.060056e+00,4.991982e+11
10,0.100000,25,4.596736e+01,-3.808968e+01,4.650588e+01,-3.005683e-01,-5.881744e-01,2.602523e-01,5.033507e+11
10,0.100000,26,2.084626e+01,-1.898677e+01,-3.842589e+01,7.102126e-01,-7.180225e-02,6.973066e-01,9.549150e+11
10,0.100000,27,-4.921046e+01,2.373404e+01,3.113736e+01,7.113740e-01,-7.974567e-01,-7.744388e-01,7.372700e+11
10,0.100000,28,-4.109208e+01,4.757150e+01,4.687896e+01,-3.181621e-02,6.196467e-01,6.050615e-01,1.609882e+11
10,0.100000,29,4.450999e+01,9.348251e-02,1.468403e+01,6.355905e-01,2.351144e-01,1.583886e-01,3.073316e+11
10,0.100000,30,2.969220e+01,-2.101640e+01,2.994553e+01,-2.315079e-02,2.117744e-01,7.526720e-01,3.601952e+11
10,0.100000,31,-4.200965e+01,1.748067e+01,-1.925695e+01,-7.985464e-01,-2.699326e-01,-7.641293e-01,8.806104e+11
10,0.100000,32,3.069947e+00,-2.188529e+01,1.140767e+01,1.809385e-01,-3.833885e-01,-3.243154e-02,7.577617e+10
10,0.100000,33,-3.946085e+01,-7.110246e+00,-2.802420e+01,-7.899047e-01,9.017242e-01,8.640228e-01,9.553864e+11
10,0.100000,34,4.878706e+00,-2.247285e+00,-2.455909e+01,-3.677618e-01,4.946890e-01,-8.366075e-01,8.522392e+11
10,0.100000,35,-1.336751e+01,4.679080e+01,-2.954621e+01,-1.650555e-01,8.787283e-02,8.580829e-02,5.397793e+11
10,0.100000,36,-4.438024e+01,1.337570e+01,-8.643585e+00,3.613698e-01,7.569864e-01,-9.937857e-01,2.139899e+11
10,0.100000,37,-3.292491e+01,1.097775e+01,-2.274795e+01,-4.179785e-01,-9.623166e-01,6.774706e-02,3.347481e+11
10,0.100000,38,4.673681e+01,-1.422829e+01,-2.168577e+01,-1.769648e-01,6.624661e-01,2.615559e-01,8.640105e+11
10,0.100000,39,1.015704e+01,9.235763e+00,2.141102e+01,7.967938e-01,2.340791e-01,6.374023e-01,4.202074e+11
10,0.100000,40,-2.978098e+01,-7.036746e+00,4.491175e+01,-4.777379e-01,-9.249899e-01,-4.394702e-01,8.465549e+11
10,0.100000,41,4.772571e+01,-1.084320e+01,-4.492302e+01,-8.610095e-01,-1.013436e+00,-2.303045e-01,4.323726e+11
10,0.100000,42,-4.588909e+01,3.142760e+01,2.537125e+01,-8.752083e-01,-7.636461e-01,-9.795487e-01,5.308005e+11
10,0.100000,43,-4.935403e+01,7.519425e+00,-1.121006e+01,4.614131e-01,-6.791718e-01,-8.007585e-01,5.782562e+11
10,0.100000,44,2.288087e+01,-4.800551e+01,4.890786e+01,8.616114e-01,8.179193e-02,6.137124e-01,1.973164e+11
10,0.100000,45,1.397456e+00,-1.977307e+01,-4.665082e+01,2.977926e-03,4.526514e-01,-6.333577e-01,6.448413e+11
10,0.100000,46,1.981723e+01,-9.177278e+00,-4.313645e+01,4.444998e-01,-6.166633e-01,8.224189e-01,7.517344e+11
10,0.100000,47,-1.043630e+01,3.599961e+01,-2.243650e+01,-2.247804e-01,-2.512902e-01,3.630928e-01,1.869212e+10
10,0.100000,48,1.037525e+01,2.665984e+01,8.288744e+00,-3.561614e-01,4.973690e-01,8.621694e-02,2.700369e+11
10,0.100000,49,-2.630191e+01,9.568940e-01,-4.814811e+00,4.827008e-01,6.134113e-01,-1.395143e-02,2.500715e+11
10,0.100000,50,4.587213e-01,7.233845e+00,3.845583e+01,-6.557710e-01,1.004500e+00,7.297487e-01,9.432443e+11
10,0.100000,51,-2.957787e+01,2.744368e+01,1.927764e+01,2.844377e-01,2.046489e-01,8.331306e-01,1.176473e+10
10,0.100000,52,-4.291471e+01,1.309400e+01,-4.891457e+01,4.403037e-01,-2.521829e-01,3.779262e-01,1.653365e+10
10,0.100000,53,-3.168526e+01,-3.351132e+01,-2.302622e+01,-5.513894e-02,4.889794e-01,5.009891e-01,1.785078e+11
10,0.100000,54,-1.479470e+00,-2.921269e+01,-8.769148e+00,1.007214e+00,7.305779e-01,-3.903328e-01,2.004294e+11
10,0.100000,55,2.596683e+01,-2.527542e+01,-3.642810e+01,9.246749e-01,-7.705939e-01,7.280399e-01,5.669171e+11
10,0.100000,56,1.570771e+01,2.938865e+01,6.445501e+00,3.171459e-01,-2.787023e-01,1.137512e-01,4.076879e+11
10,0.100000,57,3.214626e+01,-3.320245e+01,-9.132612e+00,-1.107481e+00,-1.819260e-01,3.807483e-01,4.312513e+11
10,0.100000,58,-4.938057e+01,-1.010860e+01,9.470215e+00,1.842641e-01,2.102087e-01,-1.039609e+00,4.849411e+11
10,0.100000,59,-1.161999e+01,-1.950237e+01,1.726309e+01,-6.857952e-01,8.978451e-02,4.783923e-01,1.149010e+11
10,0.100000,60,7.472173e+00,1.338550e+01,1.679764e+01,-5.801073e-01,-2.129941e-01,-5.208295e-01,9.595409e+11
10,0.100000,61,3.537229e+01,3.085975e+01,-1.386155e+01,2.588171e-01,8.241399e-01,5.547204e-01,6.848882e+11
10,0.100000,62,-1.916770e+01,-5.256681e+00,-3.922842e+01,-2.549421e-01,7.502269e-01,5.843954e-01,8.069937e+11
10,0.100000,63,-4.801951e+00,2.102985e+01,-2.142559e+01,6.212090e-01,-1.121248e+00,1.000491e+00,9.792860e+11
10,0.100000,64,6.848808e+00,2.637443e+01,-4.143803e+01,-7.290416e-01,-2.788297e-01,6.437583e-01,3.827067e+11
10,0.100000,65,3.264954e+01,4.868696e+01,-1.639840e+01,2.968358e-01,4.291883e-01,4.281931e-01,3.619760e+11
10,0.100000,66,2.691192e+01,-3.363743e+00,-4.633758e+01,-9.605819e-01,7.434359e-01,-5.314927e-01,3.994544e+11
10,0.100000,67,2.570980e+01,3.474410e+01,-3.015832e+01,-6.275143e-01,2.201414e-02,-8.823595e-04,5.442740e+10
10,0.100000,68,7.423591e+00,-6.051299e+00,-4.767171e+01,-7.281747e-01,-6.102464e-01,-5.783816e-01,2.957701e+11
10,0.100000,69,1.019083e+01,3.632024e+01,1.641165e+01,-2.397612e-01,6.498091e-01,-1.021914e+00,1.167891e+11
10,0.100000,70,1.427605e+01,1.964734e+01,-3.661732e+00,-2.649080e-01,-7.192238e-01,-3.085888e-02,4.967515e+11
10,0.100000,71,-4.242341e+01,1.450522e+01,3.841549e+01,7.618514e-01,-4.521371e-02,-9.577643e-01,5.137580e+10
10,0.100000,72,-4.484906e+01,6.570718e+00,-4.140222e+01,3.804122e-01,-1.005249e+00,-6.211793e-01,7.726057e+11
10,0.100000,73,-2.884654e+01,-2.811693e+01,-4.405107e+01,6.939263e-01,-7.389434e-01,5.856302e-01,2.488388e+11
10,0.100000,74,4.310957e+01,2.246396e+01,-1.502505e+01,-2.708577e-02,-2.098528e-01,6.347942e-01,9.871696e+11
10,0.100000,75,8.504341e+00,-1.859068e+01,-2.157706e+00,2.668313e-01,9.572415e-01,-2.962978e-01,4.976270e+11
10,0.100000,76,-4.928278e+00,-5.373276e+00,3.457697e+00,3.267905e-02,-9.981521e-01,2.213441e-01,1.367471e+11
10,0.100000,77,-4.797343e+01,2.325184e+01,3.991620e+01,-4.421861e-01,8.603019e-01,7.534714e-01,5.415200e+10
10,0.100000,78,-4.654701e+01,1.811313e+01,-2.138080e+01,1.303482e+00,-3.269271e-01,4.032932e-01,5.430842e+11
10,0.100000,79,3.279668e+01,-5.202268e+00,2.449721e+00,-3.143692e-01,4.658889e-01,-1.028205e+00,8.204332e+10
10,0.100000,80,2.181711e+01,-1.314219e+01,6.448974e+00,-7.446015e-01,5.681987e-01,-8.608827e-01,6.747451e+11
10,0.100000,81,3.298275e+01,2.205527e+01,2.998299e+01,5.807592e-01,-1.643569e-01,2.997556e-01,9.074988e+10
10,0.100000,82,-9.659147e+00,1.546711e+01,-3.739138e+01,-2.039509e-01,-5.579667e-01,3.852561e-03,4.073997e+11
10,0.100000,83,2.428480e+01,-4.529873e+01,4.397774e+01,8.011843e-02,6.655810e-02,-1.349745e-01,9.840897e+11
10,0.100000,84,-2.438677e+01,-2.972016e+00,-4.429191e+01,1.086913e+00,6.674695e-01,4.933006e-01,1.521259e+11
10,0.100000,85,1.527328e+01,2.215384e+01,3.151790e+01,-1.404505e-01,-1.874152e-01,9.969789e-02,3.386434e+11
10,0.100000,86,3.939882e+01,-1.866457e+01,-8.636316e+00,-9.785618e-01,1.093768e+00,1.325652e-01,7.379025e+11
10,0.100000,87,-1.968963e+01,4.526311e+01,-3.641010e+01,-8.441488e-01,8.678392e-01,-7.069759e-01,6.214974e+11
10,0.100000,88,-6.345676e-01,4.096470e+00,1.018980e+01,5.041595e-01,-9.798981e-01,2.770858e-01,7.250250e+11
10,0.100000,89,3.490854e+01,-2.206541e+01,3.660881e+01,-1.076647e-01,-9.680643e-01,2.115440e-01,9.841486e+11
10,0.100000,90,-5.588707e+00,-2.044096e+01,-1.835546e+01,-2.574781e-01,2.820937e-01,5.225017e-01,6.410113e+11
10,0.100000,91,7.587595e+00,-2.313266e+01,-1.273311e+01,7.435495e-01,-4.499739e-01,3.698449e-02,9.265595e+11
10,0.100000,92,-2.799926e+01,8.506935e+00,4.272244e+00,4.597865e-01,-8.297807e-01,-8.181487e-01,4.663684e+11
10,0.100000,93,-3.596046e+01,3.025140e+01,-3.176252e+01,1.090070e+00,-9.258246e-01,-8.089937e-01,4.955633e+11
10,0.100000,94,-4.141143e+01,2.288448e+01,-2.499510e+00,2.074505e-01,-1.077423e+00,5.219563e-01,8.705549e+11
10,0.100000,95,1.322432e+01,2.044661e+00,7.388051e-01,-6.667468e-01,5.427114e-01,7.529313e-01,9.622928e+10
10,0.100000,96,-4.905345e+01,-1.104549e+01,-4.868926e+01,-4.150291e-01,9.748412e-01,2.519550e-01,9.427947e+11
10,0.100000,97,-3.982215e+01,2.014466e+01,-9.661841e+00,-4.280063e-01,-1.139668e-01,1.978558e-01,2.378005e+11
10,0.100000,98,8.891896e+00,1.350971e+01,2.197812e+01,2.450579e-01,-4.313783e-01,-9.334043e-01,2.124703e+11
10,0.100000,99,-1.104237e+01,4.853792e+01,-4.259782e+01,-9.413085e-01,-1.079564e-01,3.391265e-01,2.390804e+11
10,0.100000,100,-2.059865e+01,-3.963776e+00,-1.818164e+01,-3.494320e-01,6.919214e-01,-2.895738e-01,5.384811e+11
10,0.100000,101,3.234826e+01,3.879234e+01,-2.321981e+00,7.406517e-01,3.720268e-02,7.319999e-01,1.748765e+11
10,0.100000,102,-4.053252e+01,-3.515560e+00,-1.041285e+01,5.093755e-01,-8.160024e-01,-7.773258e-01,3.636566e+11
10,0.100000,103,-3.281896e+00,-1.881460e+01,6.197328e+00,7.861080e-01,-3.684012e-01,1.943485e-01,8.815427e+11
10,0.100000,104,3.020881e+01,-2.835895e+01,-3.882923e+01,-9.889152e-01,6.364685e-01,5.561929e-02,4.076780e+11
10,0.100000,105,2.347854e+00,2.619003e+01,4.352377e+01,-3.720790e-01,2.142501e-01,-3.581946e-01,2.787389e+11
10,0.100000,106,-2.614564e+01,-2.086681e+01,-6.130376e+00,-1.884968e-01,5.803544e-01,7.268028e-01,2.572584e+10
10,0.100000,107,3.571171e+01,4.513209e+01,-1.260336e+01,-4.828921e-01,-5.789389e-01,8.390538e-01,1.891098e+11
10,0.100000,108,6.146243e+00,7.090158e+00,-4.392954e+01,-3.246869e-01,5.068514e-01,-4.841726e-01,4.675114e+11
10,0.100000,109,-3.710522e+00,1.029184e+01,3.643877e+01,1.126153e+00,-3.663435e-01,5.295447e-01,3.388526e+11
10,0.100000,110,-4.860124e+01,-2.890437e+01,1.027168e+01,-2.717982e-01,1.131593e-01,-9.062440e-01,5.903224e+11
10,0.100000,111,-2.426398e+01,3.767870e+01,1.031807e+01,-7.304409e-01,4.119489e-01,1.247355e+00,4.452219e+11
10,0.100000,112,-4.074134e+01,4.099313e+01,1.208796e+01,4.440444e-01,-1.663629e-01,3.251842e-01,2.853614e+10
10,0.100000,113,-2.328434e+01,3.546597e+01,-1.944693e+00,5.041042e-01,-2.010542e-01,-2.968642e-01,7.170312e+11
10,0.100000,114,3.235604e+01,-3.562001e+01,-4.532589e+01,5.799291e-01,-1.732203e-01,4.704428e-01,9.954927e+10
10,0.100000,115,3.557514e+01,1.916880e+01,1.761516e+01,-8.992151e-01,5.204129e-02,-5.224347e-01,2.380470e+11
10,0.100000,116,-1.040445e+01,-2.467513e+01,1.694799e+01,-1.380911e-02,-6.154114e-01,-5.455346e-01,1.507227e+11
10,0.100000,117,1.451525e+01,4.728847e+01,-3.388308e+01,8.123364e-01,5.131583e-01,3.166226e-01,6.431268e+11
10,0.100000,118,-2.155985e+01,4.855750e+01,-1.464997e+01,-7.471736e-01,-9.086573e-01,-1.903665e-01,9.459461e+11
10,0.100000,119,-1.498169e+00,-4.494363e+01,-4.636434e+01,-3.473528e-01,5.979590e-01,5.663518e-01,4.620788e+11
10,0.100000,120,-1.901100e+01,4.905924e+01,1.866699e+01,4.168331e-01,-6.859438e-01,-3.584926e-01,2.016909e+11
10,0.100000,121,-9.185775e+00,1.476914e+01,-1.642453e+01,-8.624810e-01,2.062798e-01,-2.475428e-02,9.647202e+11
10,0.100000,122,-5.267086e+00,-3.623393e+01,1.047925e+01,4.110086e-01,-6.620356e-01,8.993617e-01,8.417609e+11
10,0.100000,123,-2.443018e+01,-1.425605e+01,2.861519e+01,5.065012e-01,-1.826780e-01,5.455008e-01,9.167391e+10
10,0.100000,124,-3.507385e+01,3.395061e+00,3.852136e+00,7.722003e-02,3.533257e-02,-6.843209e-01,1.725398e+11
10,0.100000,125,2.695068e+01,8.254393e+00,-1.418044e+01,-7.287451e-01,-5.780934e-01,3.865266e-01,2.402439e+11
10,0.100000,126,3.498488e+01,-3.100333e+01,-3.024609e+01,-5.843417e-01,-1.780885e-01,6.090131e-01,3.901340e+10
10,0.100000,127,-4.622305e+00,2.575903e+01,3.697123e+01,4.326165e-01,-8.438950e-01,1.887446e-01,4.546180e+11
10,0.100000,128,2.398578e+00,-2.454374e+00,3.075043e+00,3.029295e-01,-1.002451e+00,-8.568150e-01,1.403353e+11
10,0.100000,129,3.507508e+00,-2.023271e+01,-2.037963e+01,-3.898482e-01,7.974734e-01,4.215210e-01,4.900271e+11
10,0.100000,130,-3.884656e+01,-1.527176e+01,2.182105e+01,9.976799e-01,4.779140e-02,7.130058e-01,2.655890e+11
10,0.100000,131,3.656198e+01,2.151105e+01,-2.131649e+01,-4.373767e-01,-1.162696e-01,-6.063297e-01,3.764936e+10
10,0.100000,132,8.883632e+00,3.114686e+01,-2.392642e+00,-7.943676e-01,-5.796388e-01,-9.490083e-01,7.883426e+11
10,0.100000,133,-2.006027e+01,-4.211022e+01,4.171263e+01,5.650584e-01,-7.073001e-01,-8.582981e-01,1.485089e+11
10,0.100000,134,-2.439256e+01,3.668192e+01,1.241787e+01,-1.689166e-01,-4.576807e-01,-8.470334e-01,3.345036e+11
10,0.100000,135,2.523592e+01,-2.424629e+01,8.653310e+00,4.653224e-01,9.144395e-01,4.429861e-01,9.380190e+11
10,0.100000,136,-5.550753e+00,-4.688317e+01,4.651486e+01,-8.971017e-01,8.809089e-01,-2.202413e-01,1.568274e+11
10,0.100000,137,-3.692761e+01,-4.901731e+00,4.351365e+01,1.475835e-02,-9.038695e-02,5.527228e-01,2.711714e+11
10,0.100000,138,4.059479e+01,-4.329885e+01,-9.721281e+00,-8.032450e-01,1.018223e+00,-9.199532e-01,5.345388e+11
10,0.100000,139,-3.511939e+01,-1.290205e+01,3.574803e+01,9.054760e-01,2.440821e-01,-1.586625e-01,5.227831e+11
10,0.100000,140,9.807479e+00,-1.833338e+01,-4.460831e+00,-1.201278e+00,-3.550219e-01,2.020516e-01,8.877927e+10
10,0.100000,141,-3.105919e+01,3.625747e+01,-2.727644e+01,-2.895605e-01,-5.352295e-01,-6.292968e-01,7.525700e+11
10,0.100000,142,3.449119e+01,-4.859998e+01,-4.862232e+01,4.392680e-01,-7.179170e-01,-5.324620e-02,9.149756e+11
10,0.100000,143,-4.862773e+01,-5.325339e+00,-5.639916e+00,-3.645452e-01,6.586722e-01,-3.169559e-01,7.149830e+10
10,0.100000,144,-5.674946e+00,2.441487e+01,7.919628e+00,-9.209917e-01,-1.091653e+00,-8.493524e-01,9.698411e+10
10,0.100000,145,-9.027595e+00,-4.421920e+00,-3.328054e+01,2.113329e-01,-3.110022e-01,-2.702528e-01,9.205582e+11
10,0.100000,146,1.330570e+01,5.790804e+00,1.701757e+01,-2.099252e-01,2.159917e-01,3.344683e-01,2.364863e+11
10,0.100000,147,1.536769e+01,-3.984812e+01,-3.568606e+01,3.563885e-01,3.123732e-01,3.098869e-01,8.314357e+11
10,0.100000,148,-1.352637e+01,3.883467e+01,3.914463e+01,4.082940e-01,-3.542041e-01,-6.920447e-01,8.531978e+11
10,0.100000,149,1.948799e+01,8.299964e-01,4.387136e+01,-8.507805e-01,9.278952e-01,-9.280736e-01,7.074243e+11
10,0.100000,150,-2.165090e+01,1.443043e-01,1.237531e+01,8.694532e-01,-9.087988e-01,-5.204560e-01,3.995333e+11
10,0.100000,151,1.320894e+01,4.768159e+01,1.227775e+01,-5.038056e-01,-1.023722e+00,5.397687e-01,9.539123e+11
10,0.100000,152,1.274222e+01,-1.485285e+01,2.834636e+01,9.362233e-01,-4.952480e-01,2.295772e-01,8.011094e+11
10,0.100000,153,3.740018e+01,-3.526502e+01,1.509060e+01,-2.858693e-02,4.429761e-01,1.683182e-02,6.781305e+11
10,0.100000,154,1.185976e+01,1.967683e+01,-1.216006e+01,7.460456e-01,-6.730441e-01,-9.128317e-01,8.181334e+11
10,0.100000,155,-2.393662e+01,-2.027631e+01,-2.895173e+01,8.553743e-01,-3.364834e-01,7.628808e-01,1.864761e+11
10,0.100000,156,-1.444398e+01,9.787578e+00,-3.673139e+01,1.242047e+00,6.030620e-01,1.103485e+00,9.718925e+11
10,0.100000,157,-3.113128e+01,9.036567e+00,2.704918e+01,-7.838930e-01,4.267805e-01,-2.665331e-01,6.367924e+11
10,0.100000,158,-1.097366e+01,-4.875708e+01,-1.915995e+01,-9.437572e-01,5.875453e-01,4.162354e-01,9.104213e+11
10,0.100000,159,4.083236e+01,1.918638e+01,2.266301e+01,-8.219644e-01,9.089529e-01,7.732782e-01,7.064095e+10
10,0.100000,160,-2.358208e+01,2.672635e+01,-2.607087e+01,2.589907e-01,-3.603184e-01,-1.908794e-01,6.032912e+11
10,0.100000,161,-1.861273e+01,-2.131189e+01,7.053534e+00,5.530442e-02,7.992849e-01,-3.905891e-01,5.711481e+11
10,0.100000,162,1.118870e+01,2.636277e+01,-3.000049e+01,-1.040728e+00,4.614432e-01,8.724745e-02,2.304936e+10
10,0.100000,163,-1.585164e+00,-3.039408e+01,4.229428e+01,-2.289693e-01,7.591325e-01,2.025343e-01,5.667048e+11
10,0.100000,164,3.739690e+01,8.376879e+00,1.242789e+01,-8.589610e-01,-3.366676e-01,6.737192e-01,7.595003e+11
10,0.100000,165,2.153905e+01,-2.655537e+01,-1.427738e+01,-1.054810e+00,2.121443e-01,8.845640e-01,5.382472e+11
10,0.100000,166,-1.045132e+01,-2.320335e+01,-3.999166e+01,-9.220905e-01,-8.399771e-01,-2.477105e-01,2.333654e+10
10,0.100000,167,3.065583e+01,3.072814e+01,-4.723642e+01,-4.977509e-01,-1.007326e+00,1.052452e+00,6.879858e+11
10,0.100000,168,3.902384e+01,9.720707e+00,-2.520590e+01,3.738926e-01,-6.674157e-01,8.094109e-01,9.042254e+11
10,0.100000,169,3.309980e+00,2.346955e+01,1.593364e+01,-5.344258e-01,7.940825e-01,-1.013900e+00,2.874423e+11
10,0.100000,170,-1.066313e+00,4.432712e+01,3.145954e+01,7.759544e-01,-7.314957e-01,7.178686e-01,8.953970e+11
10,0.100000,171,-2.561094e+01,-2.863625e+01,4.086244e+01,-8.426312e-01,-9.077667e-01,7.668497e-01,3.497358e+11
10,0.100000,172,-4.726894e+01,3.837254e+01,-4.723879e+01,9.295018e-01,-1.312874e-01,-3.401813e-01,6.839728e+11
10,0.100000,173,1.630240e+01,-3.532589e+01,8.349023e+00,-5.925310e-01,8.939686e-01,-5.786172e-01,4.527807e+11
10,0.100000,174,3.475056e+01,-2.395299e+01,2.275239e+01,-4.384319e-01,-5.748175e-01,-2.046969e-02,2.292422e+11
10,0.100000,175,-8.194388e+00,-4.408105e+00,-3.849474e+01,2.628804e-01,3.870648e-01,-5.745530e-01,7.171573e+11
10,0.100000,176,1.934045e+01,4.586825e+01,-4.432931e+01,4.357459e-01,5.491807e-01,-7.052102e-01,6.392556e+11
10,0.100000,177,-1.754456e+01,-1.393172e+01,-1.827588e+01,1.008357e+00,7.919098e-02,8.878866e-01,1.925805e+11
10,0.100000,178,-1.141629e+01,-3.553286e+01,1.313369e+01,-3.808735e-01,-7.722815e-02,-3.891595e-01,5.749311e+11
10,0.100000,179,1.098408e+01,4.001593e+01,2.928335e+01,-1.034746e+00,-3.868637e-01,6.766890e-01,6.942111e+11
10,0.100000,180,-4.733214e+01,4.322096e+01,-9.465245e+00,5.600332e-01,6.523849e-01,-7.573604e-02,4.441478e+11
10,0.100000,181,2.305306e+01,4.913054e+00,-4.260002e+01,-9.613437e-01,7.321101e-01,-8.443645e-02,5.178276e+10
10,0.100000,182,-8.381626e+00,-2.091041e+01,-2.725822e+01,6.877336e-01,-2.622860e-02,8.470489e-01,4.563950e+10
10,0.100000,183,3.414298e+01,-2.832586e+01,1.064070e+01,-2.621765e-01,-7.239581e-01,-2.520200e-01,4.862399e+11
10,0.100000,184,-2.594114e+00,-1.938533e+01,-3.276000e+01,3.500090e-02,-4.367019e-01,2.862444e-01,2.271601e+11
10,0.100000,185,-3.715323e+01,-4.592325e+01,1.583361e+01,8.158931e-01,3.669207e-01,4.372941e-01,9.150349e+11
10,0.100000,186,-1.359444e-01,-3.776028e+01,4.557186e+01,7.813579e-01,-1.703562e-01,-6.859812e-01,7.180402e+11
10,0.100000,187,3.496434e+01,-4.590808e+01,2.508605e+01,3.058995e-01,-3.312618e-01,-3.694463e-01,1.519375e+11
10,0.100000,188,-1.224618e+01,2.556166e+01,1.249826e+01,7.918994e-01,-1.000146e+00,5.344525e-01,3.575289e+11
10,0.100000,189,-1.988108e+01,-1.259914e+01,6.981290e+00,-9.450541e-02,-1.899301e-01,-6.099182e-01,2.952747e+11
10,0.100000,190,-4.964154e+01,4.594118e+01,-2.983259e+01,1.133366e-01,-9.526233e-01,-6.394176e-01,4.205848e+11
10,0.100000,191,-3.895043e-01,-1.584879e+01,-3.692259e+01,-3.140533e-01,-1.964511e-01,9.215288e-01,4.627374e+10
10,0.100000,192,1.410420e+01,-2.601292e+01,-3.192430e+01,-6.741968e-01,8.734637e-01,8.536649e-01,8.707648e+11
10,0.100000,193,-4.415058e+01,1.019721e+01,-2.788477e+01,-1.207295e-01,9.399774e-01,7.127429e-01,7.911026e+11
10,0.100000,194,-1.103022e+01,-4.797794e+01,-4.232389e+01,-1.799767e-01,1.123256e+00,-3.440508e-01,8.958257e+11
10,0.100000,195,-4.374049e+01,-6.121807e+00,-1.905831e+01,3.271327e-01,6.068646e-01,-6.218954e-02,9.054538e+11
10,0.100000,196,-3.363801e+01,-1.793069e+01,4.402876e+01,6.908856e-01,1.706436e-01,-9.277987e-01,8.252100e+11
10,0.100000,197,5.522578e+00,4.255572e+01,1.937108e+01,2.340930e-01,-9.103365e-02,7.905670e-01,9.739365e+11
10,0.100000,198,2.593722e-01,2.046855e+01,2.632394e+01,7.509924e-01,3.453493e-01,4.873936e-01,2.922832e+11
10,0.100000,199,2.033926e+01,-3.804786e+01,-3.201129e+01,3.738524e-01,3.149210e-01,-2.049054e-02,3.308485e+11
10,0.100000,200,-1.625574e+01,4.283157e+01,-2.720778e+01,5.065690e-02,-5.492443e-01,-6.699063e-01,3.121395e+11
10,0.100000,201,3.085457e+01,-2.097032e+01,-3.706760e+01,-3.855494e-01,-5.916919e-01,7.248020e-01,9.777802e+11
10,0.100000,202,2.425176e+01,2.347754e+01,4.515874e+01,-5.895714e-01,-2.040839e-01,3.015883e-01,1.452540e+11
10,0.100000,203,-3.365261e+01,5.407094e+00,-7.799019e+00,8.042295e-01,3.747225e-01,2.979010e-01,6.346513e+11
10,0.100000,204,-2.692969e+01,-4.098244e+01,4.543333e+01,2.608183e-01,-8.519893e-01,-7.861004e-01,7.760998e+10
10,0.100000,205,-2.314876e+01,-1.463057e+01,-1.264938e+01,-7.579807e-01,3.618469e-01,3.636818e-02,4.476423e+11
10,0.100000,206,3.610199e+01,-1.772775e+01,-8.068081e+00,4.110974e-01,-9.810353e-01,-3.337623e-01,8.501877e+11
10,0.100000,207,-1.861289e-01,-4.148365e+01,4.849628e+01,2.829918e-01,5.389924e-01,-4.516955e-01,5.309295e+11
10,0.100000,208,-1.884053e+01,-4.920005e+01,-3.436017e+01,1.800933e-01,-6.406790e-01,-7.363424e-01,1.187708e+11
10,0.100000,209,-3.804553e+01,-2.037812e+01,-3.217081e+01,-1.154835e-01,4.426677e-01,1.509339e-01,4.725335e+11
10,0.100000,210,-2.072053e+01,-4.463275e+01,4.089019e+01,-6.233464e-01,2.896791e-02,-3.865733e-01,7.603484e+11
10,0.100000,211,-6.308341e+00,2.002754e+01,1.067789e+01,9.036953e-01,5.175234e-01,1.709980e-01,5.984647e+11
10,0.100000,212,-7.663487e+00,4.978748e+01,-3.798008e+01,4.088447e-01,-1.142044e+00,-3.652953e-01,2.835802e+11
10,0.100000,213,-3.930353e+01,-1.095915e+01,-1.136549e+01,-4.298125e-01,5.207011e-01,1.345841e-01,6.200100e+11
10,0.100000,214,-1.646981e+01,-3.845973e+01,-4.155763e+01,3.342107e-01,-5.863348e-01,1.096351e+00,7.847785e+11
10,0.100000,215,4.815000e+00,-1.794177e+01,3.977922e+00,9.076311e-01,-9.443654e-01,-7.917644e-01,9.179416e+11
10,0.100000,216,3.051308e+01,2.394640e+01,1.176736e+00,-6.724642e-01,3.978960e-01,2.307921e-01,9.634306e+11
10,0.100000,217,2.463109e+01,4.094050e+01,-2.603324e+01,6.504551e-01,-5.253987e-01,2.722084e-01,8.943437e+10
10,0.100000,218,4.851778e+01,-3.103643e+01,1.968327e+01,-5.196203e-01,-3.334711e-01,3.133362e-01,9.495887e+11
10,0.100000,219,-2.513148e+00,2.715367e+01,2.311778e+01,-9.220820e-01,-9.624413e-01,-5.475063e-01,1.620348e+10
10,0.100000,220,-3.837934e+01,-8.130814e+00,4.231958e+01,1.082975e+00,-6.386169e-01,-2.262702e-01,1.581542e+11
10,0.100000,221,3.965709e+01,-4.319606e+01,-3.875574e+01,1.539575e-01,1.069214e+00,-2.474432e-01,5.001250e+11
10,0.100000,222,-2.237312e+01,4.769626e+01,7.485564e+00,-4.413876e-01,-8.601477e-01,-4.571236e-01,5.871486e+11
10,0.100000,223,-2.536756e+00,-4.477249e+01,3.161254e+00,8.796454e-01,8.669226e-01,-4.230183e-01,9.728445e+11
10,0.100000,224,4.169097e+01,3.685940e+00,4.795843e+01,-1.040996e+00,8.938009e-01,7.017343e-01,9.545699e+11
10,0.100000,225,-3.872396e+01,-1.630420e+01,-3.967182e+01,-8.880523e-01,-1.299072e-01,-4.088122e-01,6.555216e+11
10,0.100000,226,-1.187572e+01,6.877403e+00,-3.524383e+01,1.214958e-01,2.600657e-01,4.432368e-01,9.209091e+11
10,0.100000,227,2.133865e+01,4.931556e+01,2.168377e-01,-7.010581e-01,-1.066805e+00,-9.123871e-01,1.459728e+11
10,0.100000,228,3.699942e+01,-2.004397e+01,-3.908083e+01,2.544834e-01,6.735861e-01,-6.447220e-01,8.224266e+11
10,0.100000,229,2.909057e+01,4.905618e+01,2.754624e+01,7.045140e-01,-4.573865e-01,6.869672e-01,9.147538e+11
10,0.100000,230,2.314089e+01,-4.045765e+01,6.635038e+00,-8.449810e-01,5.401466e-01,4.069937e-01,7.733052e+11
10,0.100000,231,-2.892145e+01,-6.466549e+00,1.904537e+01,9.262093e-01,-1.543514e-01,-7.212277e-01,1.206274e+11
10,0.100000,232,-2.499186e+00,-2.704895e+01,-2.511250e+01,-2.621697e-01,2.264138e-01,-1.623383e-01,1.410628e+11
10,0.100000,233,-1.375938e+01,-5.236349e+00,4.533900e+01,-6.852510e-01,-1.251710e-01,3.006403e-01,6.652347e+10
10,0.100000,234,2.667664e+01,1.066416e+01,4.709874e+01,-8.214148e-02,3.478647e-01,-6.001217e-02,6.161672e+11
10,0.100000,235,-1.349980e+01,-2.495856e+01,-1.175169e+01,2.126573e-01,4.967274e-01,-7.989135e-01,5.036735e+11
10,0.100000,236,-3.846637e+01,-2.313436e+01,1.111222e+01,2.979714e-01,2.368853e-02,7.158284e-01,9.359183e+11
10,0.100000,237,-4.739015e+01,-2.811050e+01,-4.332478e+01,-1.026699e-01,4.393936e-01,-8.620828e-01,5.471736e+11
10,0.100000,238,-3.941861e+01,2.481183e+01,9.978635e+00,8.842793e-01,-3.487981e-01,5.224494e-02,3.771310e+11
10,0.100000,239,-4.441461e+01,-3.926377e+01,4.828033e+01,-6.044898e-02,-2.044847e-01,-3.745363e-01,9.955339e+11
10,0.100000,240,-4.575432e+01,-5.870185e+00,-6.673213e-01,-4.907668e-01,4.427625e-01,-8.476293e-01,7.510233e+11
10,0.100000,241,-2.929583e+01,4.633324e+01,1.842383e+01,-4.285278e-01,-7.849484e-01,4.229154e-01,6.268900e+11
10,0.100000,242,3.496648e+01,2.721207e+01,-3.337082e+01,7.976721e-01,-2.250548e-02,6.039448e-01,8.273594e+11
10,0.100000,243,3.760281e+01,-1.640360e+01,-3.041802e+01,6.806872e-01,-1.475087e-01,-6.304252e-01,3.584803e+11
10,0.100000,244,3.018866e+01,4.700417e+00,-1.518252e+01,5.460003e-01,9.934642e-01,6.875854e-01,1.241163e+10
10,0.100000,245,1.971502e+01,4.469471e+01,2.507736e+01,7.090645e-01,7.022465e-01,-2.036130e-01,1.463085e+11
10,0.100000,246,-4.062478e+01,-3.128700e+01,2.615985e+01,1.017759e+00,1.011853e+00,7.419029e-01,8.964686e+11
10,0.100000,247,-2.142555e+00,1.909591e+01,2.218309e+01,-2.275916e-01,-1.014447e+00,7.570995e-01,2.924671e+11
10,0.100000,248,-2.879821e+00,-4.025234e+01,1.381870e+01,-6.010340e-01,4.913618e-01,7.809127e-01,1.261501e+11
10,0.100000,249,1.296199e+01,3.269447e+01,-3.794506e+01,-3.759992e-01,4.577615e-01,8.299024e-01,2.379907e+11
10,0.100000,250,1.833860e+01,-1.946002e+01,-1.327527e+01,4.675651e-01,-3.703972e-02,-7.227697e-01,7.201153e+11
10,0.100000,251,-4.926965e+00,-4.440330e+01,1.123363e+01,8.734782e-01,7.852368e-01,-4.091969e-01,2.899633e+11
10,0.100000,252,2.744534e+01,-2.489655e+01,6.773655e+00,-1.108456e+00,-1.265171e-01,-1.959866e-01,5.248417e+11
10,0.100000,253,4.915450e+01,-3.106940e+01,1.379518e+01,3.150731e-02,-9.101364e-01,6.453806e-01,9.483032e+11
10,0.100000,254,2.892378e+01,1.286662e+01,-3.217672e+01,-1.193280e-01,8.139517e-01,2.121024e-01,2.554059e+11
10,0.100000,255,-7.438474e+00,1.752785e+01,4.652247e+01,7.881294e-01,4.221282e-01,-3.352435e-02,8.053693e+11
20,0.200000,0,-4.664187e+01,-1.712030e+01,1.894421e+01,2.463612e-01,-5.802959e-01,-6.844046e-01,6.401929e+11
20,0.200000,1,3.627811e+01,-1.972417e+01,-4.752236e+01,-5.560441e-01,5.697411e-01,1.895772e-01,1.443711e+11
20,0.200000,2,-3.928609e+01,2.607979e+01,-4.170342e+01,2.833268e-01,3.412426e-03,7.921517e-01,9.819425e+11
20,0.200000,3,-2.807137e+01,-4.531444e+00,1.944057e+00,2.823574e-01,1.758344e-01,3.354494e-01,6.325852e+11
20,0.200000,4,2.973270e+01,8.530265e+00,-2.232681e+01,5.452348e-01,7.620527e-01,1.029516e+00,2.595639e+11
20,0.200000,5,-3.778784e+01,-2.842463e+01,3.900557e+01,1.198044e+00,1.816872e-01,5.964341e-01,3.550747e+11
20,0.200000,6,-2.176959e+01,-2.663435e+01,-1.535045e+00,-5.024199e-02,1.232223e+00,2.244130e-01,9.408660e+11
20,0.200000,7,5.778347e+00,-1.896838e+01,4.214731e+01,4.847058e-01,5.561284e-01,-4.220995e-01,3.559480e+11
20,0.200000,8,-1.826431e+01,-3.296612e+01,4.769755e+01,-7.337832e-01,5.994738e-01,-8.303513e-01,9.451388e+11
20,0.200000,9,1.671482e+01,-2.810307e+01,-3.052665e+01,-2.154013e-02,5.815778e-01,-1.076738e+00,7.724363e+11
20,0.200000,10,4.499324e+01,4.975982e+01,-3.807863e+01,-7.274429e-01,-7.327874e-01,3.049169e-01,6.268507e+11
20,0.200000,11,-2.763052e+01,-3.307918e+01,6.330901e+00,7.223187e-01,2.879853e-01,-1.317158e-02,5.592105e+11
20,0.200000,12,-2.577404e+01,4.242142e+01,4.054929e+01,3.219964e-01,-1.027054e+00,5.384085e-01,6.788947e+11
20,0.200000,13,3.483897e+01,-3.644304e+01,1.217700e+01,1.231578e-01,2.390444e-01,8.885913e-01,3.084166e+11
20,0.200000,14,2.888852e+01,4.035880e+01,-4.294900e+01,3.142259e-01,5.794510e-01,-4.471963e-01,9.733405e+11
20,0.200000,15,-3.690160e+01,2.947412e+01,9.466283e+00,-1.343306e-01,5.808065e-01,-8.017049e-01,1.416391e+11
20,0.200000,16,-5.869840e+00,1.451751e+01,1.879004e+01,5.490184e-01,1.512776e-01,-4.077754e-04,2.504219e+11
20,0.200000,17,1.664097e+01,-2.482429e+00,4.185237e+01,1.407852e-01,5.018546e-01,-4.968866e-02,3.903781e+10
20,0.200000,18,4.647181e+01,-1.453185e+01,-1.700453e+01,1.032183e-01,-4.723894e-01,-5.964578e-01,4.966162e+11
20,0.200000,19,-3.416610e+01,9.182499e+00,-3.738620e+00,-2.081990e-01,-5.315098e-01,-1.102071e+00,6.477329e+11
20,0.200000,20,-1.507478e+01,-2.781599e+01,2.767669e+01,6.223249e-01,8.456700e-01,-2.951980e-01,4.759095e+11
20,0.200000,21,-6.550489e+00,-4.426844e+01,2.137298e+01,-7.926290e-01,4.369681e-01,1.242835e-02,6.206205e+11
20,0.200000,22,-3.601023e+01,-3.288872e+01,1.479391e+01,-6.082340e-01,3.408738e-01,8.704246e-01,8.590683e+11
20,0.200000,23,2.857814e+01,-1.190313e+01,-1.494752e+01,6.965564e-01,8.187224e-01,7.163128e-01,2.411941e+11
20,0.200000,24,-1.405322e+01,3.746765e+01,3.799317e+01,1.397449e+00,1.004079e+00,1.898346e+00,4.991982e+11
20,0.200000,25,4.593221e+01,-3.814526e+01,4.652662e+01,-3.932068e-01,-5.292813e-01,1.640083e-01,5.033507e+11
20,0.200000,26,2.091794e+01,-1.899580e+01,-3.834657e+01,7.221835e-01,-1.054695e-01,8.715638e-01,9.549150e+11
20,0.200000,27,-4.913227e+01,2.365254e+01,3.105455e+01,8.396895e-01,-8.293256e-01,-8.720212e-01,7.372700e+11
20,0.200000,28,-4.109117e+01,4.762909e+01,4.693471e+01,4.249233e-02,5.401512e-01,5.186901e-01,1.609882e+11
20,0.200000,29,4.456402e+01,1.166608e-01,1.469634e+01,4.622267e-01,2.289949e-01,9.423111e-02,3.073316e+11
20,0.200000,30,2.968810e+01,-2.099462e+01,3.001670e+01,-5.573129e-02,2.225370e-01,6.781890e-01,3.601952e+11
20,0.200000,31,-4.208864e+01,1.744842e+01,-1.933391e+01,-7.849113e-01,-3.651440e-01,-7.751382e-01,8.806104e+11
20,0.200000,32,3.084831e+00,-2.191797e+01,1.139361e+01,1.225544e-01,-2.805681e-01,-2.292598e-01,7.577617e+10
20,0.200000,33,-3.953385e+01,-7.017601e+00,-2.793039e+01,-6.811138e-01,9.468164e-01,9.991500e-01,9.553864e+11
20,0.200000,34,4.838619e+00,-2.199931e+00,-2.463968e+01,-4.280200e-01,4.562585e-01,-7.807812e-01,8.522392e+11
20,0.200000,35,-1.338724e+01,4.678869e+01,-2.953433e+01,-2.236937e-01,-1.103694e-01,1.457102e-01,5.397793e+11
20,0.200000,36,-4.433367e+01,1.344747e+01,-8.745732e+00,5.511818e-01,6.856244e-01,-1.044022e+00,2.139899e+11
20,0.200000,37,-3.296522e+01,1.087934e+01,-2.273650e+01,-3.910249e-01,-1.001795e+00,1.527606e-01,3.347481e+11
20,0.200000,38,4.670761e+01,-1.416255e+01,-2.164927e+01,-3.860666e-01,6.526924e-01,4.503549e-01,8.640105e+11
20,0.200000,39,1.022905e+01,9.265291e+00,2.146384e+01,6.569214e-01,3.449723e-01,4.387497e-01,4.202074e+11
20,0.200000,40,-2.982851e+01,-7.132147e+00,4.485856e+01,-4.733904e-01,-9.778972e-01,-6.076882e-01,8.465549e+11
20,0.200000,41,4.763081e+01,-1.094566e+01,-4.493928e+01,-1.021123e+00,-1.033672e+00,-1.069299e-01,4.323726e+11
20,0.200000,42,-4.597075e+01,3.134529e+01,2.527030e+01,-7.685135e-01,-8.718066e-01,-1.033910e+00,5.308005e+11
20,0.200000,43,-4.929427e+01,7.450664e+00,-1.129042e+01,7.091754e-01,-6.945309e-01,-8.059691e-01,5.782562e+11
20,0.200000,44,2.296688e+01,-4.798749e+01,4.895488e+01,8.583986e-01,2.603880e-01,3.529659e-01,1.973164e+11
20,0.200000,45,1.398788e+00,-1.972430e+01,-4.670337e+01,2.175085e-02,5.164280e-01,-4.371506e-01,6.448413e+11
20,0.200000,46,1.985975e+01,-9.242508e+00,-4.304446e+01,4.094200e-01,-6.815445e-01,9.997357e-01,7.517344e+11
20,0.200000,47,-1.046035e+01,3.596768e+01,-2.239826e+01,-2.534271e-01,-3.750037e-01,3.981951e-01,1.869212e+10
20,0.200000,48,1.033852e+01,2.670538e+01,8.294327e+00,-3.764758e-01,4.208105e-01,3.109893e-02,2.700369e+11
20,0.200000,49,-2.625469e+01,1.017819e+00,-4.815478e+00,4.634566e-01,6.059678e-01,-8.302646e-04,2.500715e+11
20,0.200000,50,3.895924e-01,7.336866e+00,3.851913e+01,-7.209498e-01,1.051759e+00,5.532058e-01,9.432443e+11
20,0.200000,51,-2.954477e+01,2.746062e+01,1.935537e+01,3.691093e-01,1.404426e-01,7.317394e-01,1.176473e+10
20,0.200000,52,-4.286568e+01,1.306618e+01,-4.886625e+01,5.313228e-01,-2.995210e-01,5.692388e-01,1.653365e+10
20,0.200000,53,-3.168497e+01,-3.345461e+01,-2.297289e+01,5.049691e-02,6.311224e-01,5.597650e-01,1.785078e+11
20,0.200000,54,-1.377136e+00,-2.913007e+01,-8.807275e+00,1.036715e+00,9.043597e-01,-3.738986e-01,2.004294e+11
20,0.200000,55,2.605948e+01,-2.534221e+01,-3.635146e+01,9.289258e-01,-5.835265e-01,7.967506e-01,5.669171e+11
20,0.200000,56,1.573190e+01,2.935369e+01,6.454927e+00,1.805498e-01,-4.075585e-01,7.841555e-02,4.076879e+11
20,0.200000,57,3.202898e+01,-3.321223e+01,-9.093140e+00,-1.226176e+00,-2.884370e-02,4.061125e-01,4.312513e+11
20,0.200000,58,-4.935096e+01,-1.008764e+01,9.363126e+00,3.877293e-01,2.092849e-01,-1.096567e+00,4.849411e+11
20,0.200000,59,-1.168705e+01,-1.949423e+01,1.730347e+01,-6.581566e-01,7.482877e-02,3.427733e-01,1.149010e+11
20,0.200000,60,7.411802e+00,1.336047e+01,1.674627e+01,-6.227974e-01,-2.806456e-01,-5.077899e-01,9.595409e+11
20,0.200000,61,3.539303e+01,3.093514e+01,-1.380517e+01,1.650832e-01,6.965039e-01,5.711686e-01,6.848882e+11
20,0.200000,62,-1.918683e+01,-5.178409e+00,-3.916021e+01,-1.390477e-01,8.092777e-01,7.619824e-01,8.069937e+11
20,0.200000,63,-4.742700e+00,2.090926e+01,-2.132078e+01,5.687065e-01,-1.275296e+00,1.087123e+00,9.792860e+11
20,0.200000,64,6.774887e+00,2.634239e+01,-4.136614e+01,-7.476165e-01,-3.545232e-01,7.803430e-01,3.827067e+11
20,0.200000,65,3.267575e+01,4.872113e+01,-1.635366e+01,2.337007e-01,2.700561e-01,4.631680e-01,3.619760e+11
20,0.200000,66,2.680944e+01,-3.293869e+00,-4.638082e+01,-1.077153e+00,6.621510e-01,-3.512689e-01,3.994544e+11
20,0.200000,67,2.564454e+01,3.474107e+01,-3.015657e+01,-6.730662e-01,-7.302410e-02,3.267315e-02,5.442740e+10
20,0.200000,68,7.349838e+00,-6.113319e+00,-4.771833e+01,-7.452861e-01,-6.283089e-01,-3.744282e-01,2.957701e+11
20,0.200000,69,1.016159e+01,3.638257e+01,1.630827e+01,-3.353625e-01,6.017470e-01,-1.043177e+00,1.167891e+11
20,0.200000,70,1.424461e+01,1.957295e+01,-3.666570e+00,-3.548255e-01,-7.640760e-01,-6.266981e-02,4.967515e+11
20,0.200000,71,-4.234193e+01,1.449903e+01,3.831283e+01,8.582874e-01,-7.552796e-02,-1.082947e+00,5.137580e+10
20,0.200000,72,-4.480400e+01,6.469150e+00,-4.145568e+01,5.080455e-01,-1.024238e+00,-4.638646e-01,7.726057e+11
20,0.200000,73,-2.877339e+01,-2.818551e+01,-4.398497e+01,7.622786e-01,-6.423808e-01,7.226327e-01,2.488388e+11
20,0.200000,74,4.309724e+01,2.244001e+01,-1.496104e+01,-2.018295e-01,-2.637949e-01,6.443483e-01,9.871696e+11
20,0.200000,75,8.528131e+00,-1.849302e+01,-2.188876e+00,2.143151e-01,9.912615e-01,-3.253660e-01,4.976270e+11
20,0.200000,76,-4.923418e+00,-5.474531e+00,3.478665e+00,6.163213e-02,-1.024364e+00,2.000492e-01,1.367471e+11
20,0.200000,77,-4.801240e+01,2.333549e+01,3.998276e+01,-3.466938e-01,8.167474e-01,5.939859e-01,5.415200e+10
20,0.200000,78,-4.639517e+01,1.807252e+01,-2.133278e+01,1.697786e+00,-4.718409e-01,5.444833e-01,5.430842e+11
20,0.200000,79,3.275752e+01,-5.158730e+00,2.344893e+00,-4.548776e-01,4.103909e-01,-1.064689e+00,8.204332e+10
20,0.200000,80,2.173802e+01,-1.308879e+01,6.359593e+00,-8.287862e-01,5.059927e-01,-9.206990e-01,6.747451e+11
20,0.200000,81,3.303427e+01,2.203504e+01,3.000770e+01,4.615146e-01,-2.333636e-01,2.039296e-01,9.074988e+10
20,0.200000,82,-9.683971e+00,1.539835e+01,-3.738096e+01,-2.849740e-01,-7.947024e-01,1.868365e-01,4.073997e+11
20,0.200000,83,2.428945e+01,-4.528778e+01,4.396061e+01,1.910513e-02,1.447769e-01,-2.010695e-01,9.840897e+11
20,0.200000,84,-2.427039e+01,-2.905730e+00,-4.422875e+01,1.226987e+00,6.589778e-01,7.450343e-01,1.521259e+11
20,0.200000,85,1.525348e+01,2.213113e+01,3.152077e+01,-2.451237e-01,-2.595868e-01,-2.936147e-02,3.386434e+11
20,0.200000,86,3.926677e+01,-1.854679e+01,-8.619840e+00,-1.611310e+00,1.245440e+00,1.924665e-01,7.379025e+11
20,0.200000,87,-1.977062e+01,4.534272e+01,-3.647315e+01,-7.817848e-01,7.373610e-01,-5.681524e-01,6.214974e+11
20,0.200000,88,-5.837371e-01,3.998333e+00,1.021531e+01,5.116824e-01,-9.825072e-01,2.370902e-01,7.250250e+11
20,0.200000,89,3.489162e+01,-2.216065e+01,3.662169e+01,-2.195147e-01,-9.396072e-01,6.119154e-02,9.841486e+11
20,0.200000,90,-5.610945e+00,-2.040909e+01,-1.829972e+01,-1.937518e-01,3.487175e-01,5.860124e-01,6.410113e+11
20,0.200000,91,7.661153e+00,-2.317166e+01,-1.272836e+01,7.290890e-01,-3.408030e-01,5.625716e-02,9.265595e+11
20,0.200000,92,-2.795141e+01,8.419247e+00,4.184466e+00,4.936783e-01,-9.154626e-01,-9.266082e-01,4.663684e+11
20,0.200000,93,-3.584531e+01,3.015372e+01,-3.183829e+01,1.201550e+00,-1.018438e+00,-7.157917e-01,4.955633e+11
20,0.200000,94,-4.138259e+01,2.276971e+01,-2.450590e+00,3.547035e-01,-1.205065e+00,4.622768e-01,8.705549e+11
20,0.200000,95,1.315310e+01,2.096987e+00,8.137891e-01,-7.495018e-01,5.073384e-01,7.473092e-01,9.622928e+10
20,0.200000,96,-4.908802e+01,-1.094658e+01,-4.865642e+01,-2.888608e-01,1.000742e+00,3.911209e-01,9.427947e+11
20,0.200000,97,-3.986002e+01,2.012638e+01,-9.640628e+00,-3.382829e-01,-2.394121e-01,2.239927e-01,2.378005e+11
20,0.200000,98,8.910690e+00,1.345750e+01,2.186717e+01,1.411659e-01,-5.970308e-01,-1.253050e+00,2.124703e+11
20,0.200000,99,-1.113581e+01,4.852055e+01,-4.255411e+01,-9.287968e-01,-2.277083e-01,5.171605e-01,2.390804e+11
20,0.200000,100,-2.063128e+01,-3.894806e+00,-1.820796e+01,-3.075474e-01,6.879654e-01,-2.416211e-01,5.384811e+11
20,0.200000,101,3.241630e+01,3.878827e+01,-2.250262e+00,6.311051e-01,-1.042947e-01,7.049919e-01,1.748765e+11
20,0.200000,102,-4.047377e+01,-3.598265e+00,-1.049130e+01,6.511705e-01,-8.364516e-01,-7.905102e-01,3.636566e+11
20,0.200000,103,-3.199344e+00,-1.884945e+01,6.212501e+00,8.576920e-01,-3.322419e-01,1.166886e-01,8.815427e+11
20,0.200000,104,3.009963e+01,-2.827936e+01,-3.881254e+01,-1.176624e+00,9.274487e-01,2.593558e-01,4.076780e+11
20,0.200000,105,2.307039e+00,2.620676e+01,4.347796e+01,-4.377558e-01,1.288233e-01,-5.400269e-01,2.787389e+11
20,0.200000,106,-2.615646e+01,-2.080510e+01,-6.054517e+00,-4.227603e-02,6.469630e-01,7.846539e-01,2.572584e+10
20,0.200000,107,3.565630e+01,4.506829e+01,-1.252112e+01,-6.120683e-01,-6.865099e-01,8.088545e-01,1.891098e+11
20,0.200000,108,6.110784e+00,7.137239e+00,-4.396859e+01,-3.791026e-01,4.413382e-01,-3.137703e-01,4.675114e+11
20,0.200000,109,-3.588936e+00,1.024960e+01,3.648832e+01,1.290929e+00,-4.693890e-01,4.689736e-01,3.388526e+11
20,0.200000,110,-4.861625e+01,-2.888701e+01,1.018167e+01,-5.048735e-02,2.230070e-01,-8.949291e-01,5.903224e+11
20,0.200000,111,-2.433466e+01,3.770420e+01,1.046081e+01,-6.865057e-01,1.167298e-01,1.582978e+00,4.452219e+11
20,0.200000,112,-4.068943e+01,4.096950e+01,1.211836e+01,5.804981e-01,-2.936801e-01,2.867491e-01,2.853614e+10
20,0.200000,113,-2.323136e+01,3.543942e+01,-1.973645e+00,5.508227e-01,-3.182625e-01,-2.835846e-01,7.170312e+11
20,0.200000,114,3.240881e+01,-3.563089e+01,-4.526949e+01,4.848857e-01,-5.619305e-02,6.406048e-01,9.954927e+10
20,0.200000,115,3.547813e+01,1.916940e+01,1.755853e+01,-1.028211e+00,-3.172490e-02,-6.022419e-01,2.380470e+11
20,0.200000,116,-1.040528e+01,-2.473359e+01,1.688653e+01,-3.720726e-03,-5.595013e-01,-6.710255e-01,1.507227e+11
20,0.200000,117,1.459593e+01,4.733203e+01,-3.384959e+01,8.022242e-01,3.721179e-01,3.498825e-01,6.431268e+11
20,0.200000,118,-2.163254e+01,4.845731e+01,-1.466848e+01,-7.102884e-01,-1.078200e+00,-1.806920e-01,9.459461e+11
20,0.200000,119,-1.534662e+00,-4.487752e+01,-4.629992e+01,-3.794416e-01,7.127816e-01,7.078096e-01,4.620788e+11
20,0.200000,120,-1.896898e+01,4.898096e+01,1.862717e+01,4.229909e-01,-8.620940e-01,-4.305398e-01,2.016909e+11
20,0.200000,121,-9.270231e+00,1.478794e+01,-1.642802e+01,-8.295700e-01,1.729843e-01,-4.341516e-02,9.647202e+11
20,0.200000,122,-5.228874e+00,-3.629531e+01,1.056823e+01,3.585745e-01,-5.745869e-01,8.818091e-01,8.417609e+11
20,0.200000,123,-2.437816e+01,-1.427422e+01,2.866440e+01,5.312320e-01,-1.808498e-01,4.485013e-01,9.167391e+10
20,0.200000,124,-3.505732e+01,3.397771e+00,3.776167e+00,2.375480e-01,2.036943e-02,-8.214649e-01,1.725398e+11
20,0.200000,125,2.687302e+01,8.194435e+00,-1.414181e+01,-8.157356e-01,-6.171398e-01,3.861221e-01,2.402439e+11
20,0.200000,126,3.491660e+01,-3.101206e+01,-3.018479e+01,-7.634898e-01,-1.293014e-02,6.162243e-01,3.901340e+10
20,0.200000,127,-4.578162e+00,2.567046e+01,3.698346e+01,4.487308e-01,-9.200557e-01,6.800586e-02,4.546180e+11
20,0.200000,128,2.426542e+00,-2.555941e+00,2.989450e+00,2.606872e-01,-1.026646e+00,-8.552161e-01,1.403353e+11
20,0.200000,129,3.468465e+00,-2.015096e+01,-2.033126e+01,-3.908906e-01,8.337647e-01,5.345610e-01,4.900271e+11
20,0.200000,130,-3.874252e+01,-1.526848e+01,2.188601e+01,1.075498e+00,2.053207e-02,5.978896e-01,2.655890e+11
20,0.200000,131,3.651400e+01,2.149589e+01,-2.137280e+01,-5.147377e-01,-1.805665e-01,-5.278687e-01,3.764936e+10
20,0.200000,132,8.803044e+00,3.108030e+01,-2.485699e+00,-8.153013e-01,-7.359148e-01,-9.155061e-01,7.883426e+11
20,0.200000,133,-2.001129e+01,-4.220700e+01,4.161110e+01,4.210663e-01,-1.186371e+00,-1.144799e+00,1.485089e+11
20,0.200000,134,-2.440443e+01,3.664542e+01,1.230171e+01,-7.879093e-02,-2.758066e-01,-1.429744e+00,3.345036e+11
20,0.200000,135,2.529473e+01,-2.415737e+01,8.679876e+00,6.889434e-01,8.650218e-01,1.156778e-01,9.380190e+11
20,0.200000,136,-5.638630e+00,-4.678435e+01,4.648702e+01,-8.636748e-01,1.075730e+00,-3.262094e-01,1.568274e+11
20,0.200000,137,-3.691739e+01,-4.919123e+00,4.356045e+01,1.744841e-01,-2.424595e-01,3.984606e-01,2.711714e+11
20,0.200000,138,4.050734e+01,-4.318868e+01,-9.812001e+00,-9.328586e-01,1.169951e+00,-8.967420e-01,5.345388e+11
20,0.200000,139,-3.502304e+01,-1.287826e+01,3.572972e+01,1.010994e+00,2.327344e-01,-2.030097e-01,5.227831e+11
20,0.200000,140,9.671039e+00,-1.837087e+01,-4.418379e+00,-1.499416e+00,-3.882086e-01,6.161675e-01,8.877927e+10
20,0.200000,141,-3.108432e+01,3.619494e+01,-2.733685e+01,-2.200805e-01,-6.990817e-01,-5.836059e-01,7.525700e+11
20,0.200000,142,3.453165e+01,-4.866515e+01,-4.862153e+01,3.762580e-01,-5.975243e-01,5.779445e-02,9.149756e+11
20,0.200000,143,-4.864698e+01,-5.258159e+00,-5.667134e+00,-5.153618e-02,6.823232e-01,-2.352326e-01,7.149830e+10
20,0.200000,144,-5.767274e+00,2.429372e+01,7.839462e+00,-9.244975e-01,-1.309935e+00,-7.613372e-01,9.698411e+10
20,0.200000,145,-9.005759e+00,-4.450106e+00,-3.331076e+01,2.241174e-01,-2.576071e-01,-3.280559e-01,9.205582e+11
20,0.200000,146,1.327563e+01,5.816336e+00,1.704922e+01,-3.750257e-01,2.876326e-01,3.017499e-01,2.364863e+11
20,0.200000,147,1.540452e+01,-3.980489e+01,-3.564758e+01,3.780307e-01,5.304495e-01,4.460771e-01,8.314357e+11
20,0.200000,148,-1.349867e+01,3.876007e+01,3.903859e+01,1.576950e-01,-1.098773e+00,-1.379211e+00,8.531978e+11
20,0.200000,149,1.939953e+01,9.228129e-01,4.377074e+01,-9.122409e-01,9.283053e-01,-1.070075e+00,7.074243e+11
20,0.200000,150,-2.156190e+01,5.182162e-02,1.231729e+01,9.067954e-01,-9.379810e-01,-6.292161e-01,3.995333e+11
20,0.200000,151,1.315438e+01,4.756920e+01,1.233227e+01,-5.798243e-01,-1.205912e+00,5.498545e-01,9.539123e+11
20,0.200000,152,1.283336e+01,-1.490106e+01,2.836269e+01,8.909485e-01,-4.713415e-01,1.090690e-01,8.011094e+11
20,0.200000,153,3.738799e+01,-3.521346e+01,1.508324e+01,-1.986795e-01,5.746168e-01,-1.479435e-01,6.781305e+11
20,0.200000,154,1.193130e+01,1.960553e+01,-1.224695e+01,6.900436e-01,-7.457033e-01,-8.331523e-01,8.181334e+11
20,0.200000,155,-2.384717e+01,-2.030376e+01,-2.886999e+01,9.266531e-01,-2.237403e-01,8.620947e-01,1.864761e+11
20,0.200000,156,-1.430430e+01,9.831047e+00,-3.660603e+01,1.524386e+00,2.941279e-01,1.376623e+00,9.718925e+11
20,0.200000,157,-3.120476e+01,9.076663e+00,2.701651e+01,-6.945864e-01,3.798403e-01,-3.759709e-01,6.367924e+11
20,0.200000,158,-1.106592e+01,-4.868903e+01,-1.911604e+01,-9.052088e-01,7.565390e-01,4.578086e-01,9.104213e+11
20,0.200000,159,4.074142e+01,1.927351e+01,2.273498e+01,-9.808900e-01,8.405349e-01,6.759775e-01,7.064095e+10
20,0.200000,160,-2.355497e+01,2.668536e+01,-2.608629e+01,2.810026e-01,-4.505770e-01,-1.242733e-01,6.032912e+11
20,0.200000,161,-1.860456e+01,-2.122935e+01,7.010402e+00,1.031577e-01,8.467717e-01,-4.647071e-01,5.711481e+11
20,0.200000,162,1.108193e+01,2.640400e+01,-2.998784e+01,-1.089742e+00,3.720739e-01,1.587072e-01,2.304936e+10
20,0.200000,163,-1.608897e+00,-3.031887e+01,4.230925e+01,-2.440687e-01,7.462996e-01,1.061164e-01,5.667048e+11
20,0.200000,164,3.730350e+01,8.341024e+00,1.249236e+01,-9.952836e-01,-3.764268e-01,6.208833e-01,7.595003e+11
20,0.200000,165,2.142721e+01,-2.652460e+01,-1.418730e+01,-1.170465e+00,3.862336e-01,9.139494e-01,5.382472e+11
20,0.200000,166,-1.054028e+01,-2.328209e+01,-4.000810e+01,-8.630816e-01,-7.444610e-01,-9.616777e-02,2.333654e+10
20,0.200000,167,3.060166e+01,3.062661e+01,-4.712277e+01,-5.774542e-01,-1.021919e+00,1.205037e+00,6.879858e+11
20,0.200000,168,3.905268e+01,9.652244e+00,-2.512122e+01,2.184159e-01,-6.987228e-01,8.772596e-01,9.042254e+11
20,0.200000,169,3.254656e+00,2.354117e+01,1.582963e+01,-5.685961e-01,6.524776e-01,-1.061679e+00,2.874423e+11
20,0.200000,170,-9.883725e-01,4.424532e+01,3.152522e+01,7.822879e-01,-8.888432e-01,6.066423e-01,8.953970e+11
20,0.200000,171,-2.569220e+01,-2.872444e+01,4.093351e+01,-7.878085e-01,-8.606378e-01,6.648303e-01,3.497358e+11
20,0.200000,172,-4.717065e+01,3.835420e+01,-4.726676e+01,1.026444e+00,-2.260678e-01,-2.302084e-01,6.839728e+11
20,0.200000,173,1.624385e+01,-3.522913e+01,8.287485e+00,-5.798057e-01,1.027844e+00,-6.453884e-01,4.527807e+11
20,0.200000,174,3.470062e+01,-2.400963e+01,2.274465e+01,-5.491996e-01,-5.595367e-01,-1.241091e-01,2.292422e+11
20,0.200000,175,-8.171476e+00,-4.366953e+00,-3.853146e+01,2.015617e-01,4.311503e-01,-1.976121e-01,7.171573e+11
20,0.200000,176,1.938388e+01,4.591578e+01,-4.439303e+01,4.331157e-01,4.147772e-01,-5.815189e-01,6.392556e+11
20,0.200000,177,-1.744186e+01,-1.392023e+01,-1.818237e+01,1.042369e+00,1.439894e-01,9.734510e-01,1.925805e+11
20,0.200000,178,-1.144606e+01,-3.553449e+01,1.308902e+01,-2.295088e-01,3.352713e-02,-4.931864e-01,5.749311e+11
20,0.200000,179,1.087550e+01,3.997181e+01,2.934336e+01,-1.127764e+00,-4.856558e-01,5.374020e-01,6.942111e+11
20,0.200000,180,-4.726945e+01,4.327922e+01,-9.472902e+00,6.815679e-01,5.255509e-01,-7.724732e-02,4.441478e+11
20,0.200000,181,2.295301e+01,4.981558e+00,-4.260106e+01,-1.032494e+00,6.465793e-01,5.013665e-02,5.178276e+10
20,0.200000,182,-8.308220e+00,-2.090743e+01,-2.716631e+01,7.719889e-01,7.569613e-02,9.781929e-01,4.563950e+10
20,0.200000,183,3.410764e+01,-2.839603e+01,1.061289e+01,-4.279351e-01,-6.833773e-01,-2.990339e-01,4.862399e+11
20,0.200000,184,-2.588693e+00,-1.942420e+01,-3.272415e+01,6.998412e-02,-3.492450e-01,4.177123e-01,2.271601e+11
20,0.200000,185,-3.706629e+01,-4.587614e+01,1.587586e+01,9.132204e-01,5.564098e-01,4.104758e-01,9.150349e+11
20,0.200000,186,-6.039519e-02,-3.777723e+01,4.550060e+01,7.340316e-01,-1.689930e-01,-7.335181e-01,7.180402e+11
20,0.200000,187,3.499075e+01,-4.593287e+01,2.504443e+01,2.299235e-01,-1.797259e-01,-4.542960e-01,1.519375e+11
20,0.200000,188,-1.216193e+01,2.545467e+01,1.254844e+01,8.841943e-01,-1.127181e+00,4.748403e-01,3.575289e+11
20,0.200000,189,-1.988792e+01,-1.261923e+01,6.916661e+00,-4.697316e-02,-2.098821e-01,-6.760082e-01,2.952747e+11
20,0.200000,190,-4.962411e+01,4.583941e+01,-2.989415e+01,2.242900e-01,-1.071049e+00,-5.961718e-01,4.205848e+11
20,0.200000,191,-4.212105e-01,-1.586636e+01,-3.682164e+01,-3.195219e-01,-1.586333e-01,1.081559e+00,4.627374e+10
20,0.200000,192,1.405276e+01,-2.593210e+01,-3.182653e+01,-3.824957e-01,7.540213e-01,1.076320e+00,8.707648e+11
20,0.200000,193,-4.415385e+01,1.029068e+01,-2.780616e+01,3.939298e-02,9.305161e-01,8.464500e-01,7.911026e+11
20,0.200000,194,-1.104641e+01,-4.785654e+01,-4.235292e+01,-1.471544e-01,1.288437e+00,-2.461141e-01,8.958257e+11
20,0.200000,195,-4.369623e+01,-6.058532e+00,-1.906131e+01,5.371141e-01,6.539299e-01,-3.875879e-03,9.054538e+11
20,0.200000,196,-3.356445e+01,-1.791073e+01,4.392663e+01,7.720814e-01,2.232855e-01,-1.097976e+00,8.252100e+11
20,0.200000,197,5.546361e+00,4.253867e+01,1.944812e+01,2.408879e-01,-2.355377e-01,7.540207e-01,9.739365e+11
20,0.200000,198,3.326306e-01,2.049744e+01,2.636227e+01,7.173489e-01,2.425789e-01,2.986960e-01,2.922832e+11
20,0.200000,199,2.036799e+01,-3.800537e+01,-3.201330e+01,2.163855e-01,5.148408e-01,-1.982851e-02,3.308485e+11
20,0.200000,200,-1.624796e+01,4.277407e+01,-2.727517e+01,9.986588e-02,-5.957974e-01,-6.768190e-01,3.121395e+11
20,0.200000,201,3.080941e+01,-2.103090e+01,-3.699069e+01,-5.069994e-01,-6.174651e-01,8.051844e-01,9.777802e+11
20,0.200000,202,2.418844e+01,2.345258e+01,4.518195e+01,-6.688531e-01,-2.868820e-01,1.751600e-01,1.452540e+11
20,0.200000,203,-3.356832e+01,5.446353e+00,-7.763842e+00,8.739642e-01,4.079552e-01,3.965490e-01,6.346513e+11
20,0.200000,204,-2.689669e+01,-4.106167e+01,4.534623e+01,3.867316e-01,-7.433183e-01,-9.405436e-01,7.760998e+10
20,0.200000,205,-2.321984e+01,-1.459034e+01,-1.264394e+01,-6.721623e-01,4.354143e-01,6.925540e-02,4.476423e+11
20,0.200000,206,3.615649e+01,-1.783095e+01,-8.105867e+00,6.640613e-01,-1.072596e+00,-4.151326e-01,8.501877e+11
20,0.200000,207,-1.598156e-01,-4.141527e+01,4.843630e+01,2.472402e-01,8.025636e-01,-7.218905e-01,5.309295e+11
20,0.200000,208,-1.881723e+01,-4.925528e+01,-3.443165e+01,2.763148e-01,-4.796372e-01,-6.972659e-01,1.187708e+11
20,0.200000,209,-3.805124e+01,-2.032596e+01,-3.215308e+01,-9.534330e-03,5.860780e-01,1.989873e-01,4.725335e+11
20,0.200000,210,-2.077878e+01,-4.461462e+01,4.084909e+01,-5.476356e-01,3.071007e-01,-4.309121e-01,7.603484e+11
20,0.200000,211,-6.216049e+00,2.007648e+01,1.069425e+01,9.384783e-01,4.665510e-01,1.575382e-01,5.984647e+11
20,0.200000,212,-7.625955e+00,4.966470e+01,-3.801223e+01,3.477012e-01,-1.297692e+00,-2.855222e-01,2.835802e+11
20,0.200000,213,-3.934013e+01,-1.089877e+01,-1.135173e+01,-3.136197e-01,6.722309e-01,1.398734e-01,6.200100e+11
20,0.200000,214,-1.643209e+01,-3.851433e+01,-4.144193e+01,4.125168e-01,-5.132287e-01,1.206387e+00,7.847785e+11
20,0.200000,215,4.902616e+00,-1.803536e+01,3.893951e+00,8.506973e-01,-9.287271e-01,-8.791466e-01,9.179416e+11
20,0.200000,216,3.043869e+01,2.398188e+01,1.197980e+00,-8.022740e-01,3.196160e-01,1.974371e-01,9.634306e+11
20,0.200000,217,2.469306e+01,4.088109e+01,-2.600486e+01,5.946005e-01,-6.503606e-01,2.934753e-01,8.943437e+10
20,0.200000,218,4.845705e+01,-3.106686e+01,1.970099e+01,-6.788620e-01,-2.806015e-01,6.542768e-02,9.495887e+11
20,0.200000,219,-2.603530e+00,2.704915e+01,2.305800e+01,-8.886380e-01,-1.112807e+00,-6.390497e-01,1.620348e+10
20,0.200000,220,-3.825789e+01,-8.192300e+00,4.229174e+01,1.321861e+00,-5.956156e-01,-3.207662e-01,1.581542e+11
20,0.200000,221,3.966533e+01,-4.308280e+01,-3.877779e+01,2.370823e-02,1.184463e+00,-1.983822e-01,5.001250e+11
20,0.200000,222,-2.241539e+01,4.759946e+01,7.439823e+00,-4.072418e-01,-1.056207e+00,-4.576168e-01,5.871486e+11
20,0.200000,223,-2.449874e+00,-4.467376e+01,3.121693e+00,8.599260e-01,1.085667e+00,-3.731157e-01,9.728445e+11
20,0.200000,224,4.158097e+01,3.774400e+00,4.802295e+01,-1.148312e+00,8.770847e-01,5.987905e-01,9.545699e+11
20,0.200000,225,-3.880771e+01,-1.631378e+01,-3.970404e+01,-7.961235e-01,-6.774747e-02,-2.513099e-01,6.555216e+11
20,0.200000,226,-1.187429e+01,6.913377e+00,-3.519965e+01,-7.421703e-02,4.446589e-01,4.401484e-01,9.209091e+11
20,0.200000,227,2.126436e+01,4.920017e+01,1.265431e-01,-7.770054e-01,-1.225125e+00,-8.952480e-01,1.459728e+11
20,0.200000,228,3.700757e+01,-1.997649e+01,-3.913547e+01,-5.912300e-02,6.756849e-01,-4.657459e-01,8.224266e+11
20,0.200000,229,2.915535e+01,4.900421e+01,2.761108e+01,6.014161e-01,-5.706648e-01,6.169128e-01,9.147538e+11
20,0.200000,230,2.305246e+01,-4.039191e+01,6.674647e+00,-9.166438e-01,7.534279e-01,3.870360e-01,7.733052e+11
20,0.200000,231,-2.882452e+01,-6.482736e+00,1.896720e+01,1.004512e+00,-1.680310e-01,-8.312354e-01,1.206274e+11
20,0.200000,232,-2.522764e+00,-2.701698e+01,-2.512217e+01,-2.141956e-01,3.959410e-01,-4.292626e-02,1.410628e+11
20,0.200000,233,-1.382746e+01,-5.249028e+00,4.536054e+01,-6.770815e-01,-1.281630e-01,1.456102e-01,6.652347e+10
20,0.200000,234,2.666402e+01,1.069595e+01,4.708537e+01,-1.623272e-01,2.934200e-01,-1.939555e-01,6.161672e+11
20,0.200000,235,-1.347501e+01,-2.490194e+01,-1.182874e+01,2.768923e-01,6.231494e-01,-7.473200e-01,5.036735e+11
20,0.200000,236,-3.843014e+01,-2.313047e+01,1.118362e+01,4.148194e-01,5.133298e-02,7.125985e-01,9.359183e+11
20,0.200000,237,-4.739390e+01,-2.806069e+01,-4.340566e+01,1.570387e-02,5.461489e-01,-7.651707e-01,5.471736e+11
20,0.200000,238,-3.932253e+01,2.477374e+01,9.978934e+00,1.023296e+00,-4.072984e-01,-3.738517e-02,3.771310e+11
20,0.200000,239,-4.441526e+01,-3.927979e+01,4.823697e+01,3.782779e-02,-1.239652e-01,-4.819309e-01,9.955339e+11
20,0.200000,240,-4.579276e+01,-5.824604e+00,-7.552266e-01,-2.972857e-01,4.665007e-01,-9.048518e-01,7.510233e+11
20,0.200000,241,-2.933297e+01,4.624649e+01,1.846171e+01,-3.247131e-01,-9.351218e-01,3.424929e-01,6.268900e+11
20,0.200000,242,3.504018e+01,2.720630e+01,-3.330641e+01,6.873575e-01,-8.649815e-02,6.770035e-01,8.273594e+11
20,0.200000,243,3.766081e+01,-1.642026e+01,-3.048047e+01,4.973837e-01,-1.821370e-01,-6.195833e-01,3.584803e+11
20,0.200000,244,3.023528e+01,4.800808e+00,-1.511356e+01,4.006193e-01,1.012312e+00,6.911677e-01,1.241163e+10
20,0.200000,245,1.978057e+01,4.475843e+01,2.505299e+01,6.117947e-01,5.839090e-01,-2.764049e-01,1.463085e+11
20,0.200000,246,-4.051561e+01,-3.118060e+01,2.622791e+01,1.152106e+00,1.106669e+00,6.302991e-01,8.964686e+11
20,0.200000,247,-2.161809e+00,1.899067e+01,2.225434e+01,-1.639392e-01,-1.083251e+00,6.755473e-01,2.924671e+11
20,0.200000,248,-2.948022e+00,-4.019170e+01,1.388604e+01,-7.483370e-01,7.012274e-01,5.840186e-01,1.261501e+11
20,0.200000,249,1.292281e+01,3.273541e+01,-3.785720e+01,-4.046831e-01,3.697373e-01,9.183474e-01,2.379907e+11
20,0.200000,250,1.838074e+01,-1.946494e+01,-1.334641e+01,3.835557e-01,-5.939782e-02,-7.019140e-01,7.201153e+11
20,0.200000,251,-4.838827e+00,-4.430864e+01,1.118854e+01,8.875301e-01,1.079167e+00,-4.849023e-01,2.899633e+11
20,0.200000,252,2.730183e+01,-2.489794e+01,6.777395e+00,-1.703518e+00,8.456738e-02,2.367496e-01,5.248417e+11
20,0.200000,253,4.914594e+01,-3.115721e+01,1.386699e+01,-1.817266e-01,-8.514760e-01,7.779157e-01,9.483032e+11
20,0.200000,254,2.890832e+01,1.294512e+01,-3.214893e+01,-1.835093e-01,7.614540e-01,3.316137e-01,2.554059e+11
20,0.200000,255,-7.357517e+00,1.756795e+01,4.650867e+01,8.271618e-01,3.837600e-01,-2.235762e-01,8.053693e+11
30,0.300000,0,-4.660618e+01,-1.717816e+01,1.887071e+01,4.475116e-01,-5.772535e-01,-7.763493e-01,6.401929e+11
30,0.300000,1,3.621473e+01,-1.966615e+01,-4.748809e+01,-6.972909e-01,5.887008e-01,4.683149e-01,1.443711e+11
30,0.300000,2,-3.925271e+01,2.607668e+01,-4.161574e+01,3.752113e-01,-5.935438e-02,9.460849e-01,9.819425e+11
30,0.300000,3,-2.803940e+01,-4.512066e+00,1.974241e+00,3.503498e-01,2.084783e-01,2.743003e-01,6.325852e+11
30,0.300000,4,2.978407e+01,8.604597e+00,-2.222117e+01,4.880287e-01,7.278236e-01,1.078476e+00,2.595639e+11
30,0.300000,5,-3.766165e+01,-2.840237e+01,3.905882e+01,1.314270e+00,2.561258e-01,4.801665e-01,3.550747e+11
30,0.300000,6,-2.176990e+01,-2.650432e+01,-1.510050e+00,3.558529e-02,1.356016e+00,2.708654e-01,9.408660e+11
30,0.300000,7,5.824995e+00,-1.891197e+01,4.209673e+01,4.515819e-01,5.707455e-01,-5.742167e-01,3.559480e+11
30,0.300000,8,-1.833675e+01,-3.290356e+01,4.760524e+01,-7.167466e-01,6.469798e-01,-9.989797e-01,9.451388e+11
30,0.300000,9,1.669571e+01,-2.802480e+01,-3.063942e+01,-3.325992e-01,9.496733e-01,-1.166588e+00,7.724363e+11
30,0.300000,10,4.491510e+01,4.968120e+01,-3.804541e+01,-8.255213e-01,-8.298758e-01,3.544280e-01,6.268507e+11
30,0.300000,11,-2.755373e+01,-3.304123e+01,6.329974e+00,8.053160e-01,4.543721e-01,-6.171606e-03,5.592105e+11
30,0.300000,12,-2.573631e+01,4.231275e+01,4.059687e+01,4.225933e-01,-1.135315e+00,4.244862e-01,6.788947e+11
30,0.300000,13,3.485442e+01,-3.640401e+01,1.227311e+01,1.817712e-01,5.155132e-01,1.021467e+00,3.084166e+11
30,0.300000,14,2.891540e+01,4.041066e+01,-4.298893e+01,2.314674e-01,4.688086e-01,-3.599456e-01,9.733405e+11
30,0.300000,15,-3.691044e+01,2.952273e+01,9.382909e+00,-5.045648e-02,4.085173e-01,-8.597433e-01,1.416391e+11
30,0.300000,16,-5.809803e+00,1.453293e+01,1.878501e+01,6.425252e-01,1.567306e-01,-9.098162e-02,2.504219e+11
30,0.300000,17,1.665816e+01,-2.423911e+00,4.184384e+01,1.976732e-01,6.547265e-01,-1.143688e-01,3.903781e+10
30,0.300000,18,4.647093e+01,-1.457816e+01,-1.707589e+01,-1.006382e-01,-4.540329e-01,-8.114815e-01,4.966162e+11
30,0.300000,19,-3.418084e+01,9.120625e+00,-3.855338e+00,-9.710682e-02,-6.910837e-01,-1.221336e+00,6.477329e+11
30,0.300000,20,-1.501132e+01,-2.772827e+01,2.764096e+01,6.445825e-01,9.028511e-01,-4.081875e-01,4.759095e+11
30,0.300000,21,-6.629613e+00,-4.421440e+01,2.136730e+01,-7.899846e-01,6.252227e-01,-1.134502e-01,6.206205e+11
30,0.300000,22,-3.606604e+01,-3.284667e+01,1.487870e+01,-5.169077e-01,4.857055e-01,8.295998e-01,8.590683e+11
30,0.300000,23,2.864259e+01,-1.182475e+01,-1.487348e+01,6.018290e-01,7.549975e-01,7.600949e-01,2.411941e+11
30,0.300000,24,-1.387208e+01,3.765638e+01,3.824745e+01,2.239777e+00,2.850503e+00,3.201726e+00,4.991982e+11
30,0.300000,25,4.588779e+01,-3.819494e+01,4.653772e+01,-4.859256e-01,-4.702709e-01,6.767771e-02,5.033507e+11
30,0.300000,26,2.099082e+01,-1.900822e+01,-3.824985e+01,7.344161e-01,-1.396672e-01,1.045475e+00,9.549150e+11
30,0.300000,27,-4.904124e+01,2.356787e+01,3.096195e+01,9.679150e-01,-8.609498e-01,-9.702554e-01,7.372700e+11
30,0.300000,28,-4.108284e+01,4.767874e+01,4.698184e+01,1.165481e-01,4.606726e-01,4.325545e-01,1.609882e+11
30,0.300000,29,4.460069e+01,1.392042e-01,1.470224e+01,2.884595e-01,2.224583e-01,3.029657e-02,3.073316e+11
30,0.300000,30,2.968073e+01,-2.097184e+01,3.008044e+01,-8.830546e-02,2.318781e-01,6.041680e-01,3.601952e+11
30,0.300000,31,-4.216711e+01,1.740675e+01,-1.941241e+01,-7.875374e-01,-4.586625e-01,-7.945354e-01,8.806104e+11
30,0.300000,32,3.093864e+00,-2.194038e+01,1.135983e+01,6.391383e-02,-1.780173e-01,-4.266342e-01,7.577617e+10
30,0.300000,33,-3.959598e+01,-6.920399e+00,-2.782292e+01,-5.722944e-01,9.927706e-01,1.136902e+00,9.553864e+11
30,0.300000,34,4.792483e+00,-2.156412e+00,-2.471467e+01,-4.887085e-01,4.179800e-01,-7.245981e-01,8.522392e+11
30,0.300000,35,-1.341282e+01,4.676670e+01,-2.951649e+01,-2.818834e-01,-3.096251e-01,2.052015e-01,5.397793e+11
30,0.300000,36,-4.426805e+01,1.351214e+01,-8.852873e+00,7.422977e-01,6.148822e-01,-1.093749e+00,2.139899e+11
30,0.300000,37,-3.300286e+01,1.077700e+01,-2.271654e+01,-3.644117e-01,-1.040981e+00,2.380138e-01,3.347481e+11
30,0.300000,38,4.665754e+01,-1.409803e+01,-2.159358e+01,-5.943701e-01,6.382410e-01,6.453503e-01,8.640105e+11
30,0.300000,39,1.028691e+01,9.305793e+00,2.149673e+01,5.139123e-01,4.539630e-01,2.386696e-01,4.202074e+11
30,0.300000,40,-2.987565e+01,-7.232896e+00,4.478850e+01,-4.699671e-01,-1.031868e+00,-7.768495e-01,8.465549e+11
30,0.300000,41,4.751986e+01,-1.105015e+01,-4.494314e+01,-1.182005e+00,-1.054104e+00,1.729873e-02,4.323726e+11
30,0.300000,42,-4.604169e+01,3.125214e+01,2.516394e+01,-6.608923e-01,-9.804662e-01,-1.087817e+00,5.308005e+11
30,0.300000,43,-4.920971e+01,7.380362e+00,-1.137131e+01,9.572184e-01,-7.099740e-01,-8.115034e-01,5.782562e+11
30,0.300000,44,2.305239e+01,-4.795170e+01,4.897584e+01,8.519779e-01,4.374998e-01,9.221821e-02,1.973164e+11
30,0.300000,45,1.401990e+00,-1.966915e+01,-4.673628e+01,4.040318e-02,5.802079e-01,-2.407251e-01,6.448413e+11
30,0.300000,46,1.989876e+01,-9.314265e+00,-4.293473e+01,3.742839e-01,-7.471745e-01,1.177244e+00,7.517344e+11
30,0.300000,47,-1.048727e+01,3.592336e+01,-2.235651e+01,-2.820410e-01,-4.991016e-01,4.333079e-01,1.869212e+10
30,0.300000,48,1.029976e+01,2.674316e+01,8.294441e+00,-3.967337e-01,3.424075e-01,-2.326922e-02,2.700369e+11
30,0.300000,49,-2.620945e+01,1.078045e+00,-4.814871e+00,4.430610e-01,5.993518e-01,1.163207e-02,2.500715e+11
30,0.300000,50,3.137040e-01,7.444820e+00,3.856456e+01,-7.906970e-01,1.102922e+00,3.727012e-01,9.432443e+11
30,0.300000,51,-2.950321e+01,2.747113e+01,1.942296e+01,4.536897e-01,7.610208e-02,6.301314e-01,1.176473e+10
30,0.300000,52,-4.280754e+01,1.303359e+01,-4.879880e+01,6.222511e-01,-3.475802e-01,7.607305e-01,1.653365e+10
30,0.300000,53,-3.167409e+01,-3.338367e+01,-2.291368e+01,1.564547e-01,7.733493e-01,6.186481e-01,1.785078e+11
30,0.300000,54,-1.271784e+00,-2.903006e+01,-8.843775e+00,1.067449e+00,1.078649e+00,-3.577629e-01,2.004294e+11
30,0.300000,55,2.615289e+01,-2.539014e+01,-3.626831e+01,9.393878e-01,-3.935306e-01,8.588390e-01,5.669171e+11
30,0.300000,56,1.574246e+01,2.930586e+01,6.460855e+00,4.429725e-02,-5.361512e-01,4.371452e-02,4.076879e+11
30,0.300000,57,3.189985e+01,-3.320667e+01,-9.051146e+00,-1.344619e+00,1.248002e-01,4.312232e-01,4.312513e+11
30,0.300000,58,-4.930100e+01,-1.006673e+01,9.250312e+00,5.911551e-01,2.090753e-01,-1.154040e+00,4.849411e+11
30,0.300000,59,-1.175135e+01,-1.948751e+01,1.733030e+01,-6.305927e-01,6.099434e-02,2.073288e-01,1.149010e+11
30,0.300000,60,7.347252e+00,1.332874e+01,1.669622e+01,-6.638040e-01,-3.471374e-01,-4.944326e-01,9.595409e+11
30,0.300000,61,3.540435e+01,3.099777e+01,-1.374715e+01,7.065802e-02,5.688592e-01,5.876159e-01,6.848882e+11
30,0.300000,62,-1.919433e+01,-5.094242e+00,-3.907428e+01,-2.257575e-02,8.681454e-01,9.388151e-01,8.069937e+11
30,0.300000,63,-4.688822e+00,2.077323e+01,-2.120731e+01,5.139342e-01,-1.429887e+00,1.173720e+00,9.792860e+11
30,0.300000,64,6.699078e+00,2.630274e+01,-4.128060e+01,-7.667399e-01,-4.310746e-01,9.169107e-01,3.827067e+11
30,0.300000,65,3.269562e+01,4.873937e+01,-1.630543e+01,1.697859e-01,1.106601e-01,4.978583e-01,3.619760e+11
30,0.300000,66,2.669537e+01,-3.232135e+00,-4.640600e+01,-1.192434e+00,5.806453e-01,-1.703000e-01,3.994544e+11
30,0.300000,67,2.557473e+01,3.472856e+01,-3.015142e+01,-7.185904e-01,-1.677412e-01,6.707992e-02,5.442740e+10
30,0.300000,68,7.274340e+00,-6.177129e+00,-4.774454e+01,-7.629998e-01,-6.460675e-01,-1.700435e-01,2.957701e+11
30,0.300000,69,1.012283e+01,3.644011e+01,1.620289e+01,-4.302419e-01,5.537901e-01,-1.062179e+00,1.167891e+11
30,0.300000,70,1.420422e+01,1.949407e+01,-3.674575e+00,-4.438651e-01,-8.090839e-01,-9.424446e-02,4.967515e+11
30,0.300000,71,-4.225079e+01,1.448980e+01,3.819763e+01,9.548637e-01,-1.060301e-01,-1.208647e+00,5.137580e+10
30,0.300000,72,-4.474619e+01,6.365673e+00,-4.149342e+01,6.352847e-01,-1.043405e+00,-3.066801e-01,7.726057e+11
30,0.300000,73,-2.869338e+01,-2.824444e+01,-4.390519e+01,8.310521e-01,-5.459521e-01,8.592835e-01,2.488388e+11
30,0.300000,74,4.306746e+01,2.241066e+01,-1.489609e+01,-3.763146e-01,-3.178508e-01,6.537112e-01,9.871696e+11
30,0.300000,75,8.546721e+00,-1.839240e+01,-2.223442e+00,1.629071e-01,1.016978e+00,-3.641911e-01,4.976270e+11
30,0.300000,76,-4.915659e+00,-5.578418e+00,3.497468e+00,9.065269e-02,-1.050773e+00,1.780833e-01,1.367471e+11
30,0.300000,77,-4.804178e+01,2.341471e+01,4.003346e+01,-2.502855e-01,7.719276e-01,4.360662e-01,5.415200e+10
30,0.300000,78,-4.620248e+01,1.801703e+01,-2.127007e+01,2.119152e+00,-6.240251e-01,6.967651e-01,5.430842e+11
30,0.300000,79,3.270429e+01,-5.120752e+00,2.236422e+00,-5.956575e-01,3.547006e-01,-1.101071e+00,8.204332e+10
30,0.300000,80,2.165050e+01,-1.304162e+01,6.264248e+00,-9.133723e-01,4.437458e-01,-9.802118e-01,6.747451e+11
30,0.300000,81,3.307385e+01,2.200790e+01,3.002282e+01,3.420809e-01,-3.024056e-01,1.081106e-01,9.074988e+10
30,0.300000,82,-9.717085e+00,1.530552e+01,-3.735203e+01,-3.694550e-01,-1.038942e+00,3.737998e-01,4.073997e+11
30,0.300000,83,2.428803e+01,-4.526898e+01,4.393686e+01,-4.123237e-02,2.234959e-01,-2.673255e-01,9.840897e+11
30,0.300000,84,-2.413992e+01,-2.840335e+00,-4.414027e+01,1.368501e+00,6.497278e-01,9.996555e-01,1.521259e+11
30,0.300000,85,1.522320e+01,2.210120e+01,3.151075e+01,-3.500721e-01,-3.318008e-01,-1.582663e-01,3.386434e+11
30,0.300000,86,3.906642e+01,-1.841429e+01,-8.596745e+00,-2.344044e+00,1.388632e+00,2.649284e-01,7.379025e+11
30,0.300000,87,-1.984536e+01,4.540924e+01,-3.652237e+01,-7.193546e-01,6.058874e-01,-4.302323e-01,6.214974e+11
30,0.300000,88,-5.321598e-01,3.899958e+00,1.023680e+01,5.191060e-01,-9.846899e-01,1.966210e-01,7.250250e+11
30,0.300000,89,3.486350e+01,-2.225302e+01,3.661953e+01,-3.317067e-01,-9.105490e-01,-8.953689e-02,9.841486e+11
30,0.300000,90,-5.626839e+00,-2.037055e+01,-1.823762e+01,-1.305084e-01,4.152380e-01,6.495633e-01,6.410113e+11
30,0.300000,91,7.733275e+00,-2.319969e+01,-1.272164e+01,7.148255e-01,-2.307560e-01,7.640470e-02,9.265595e+11
30,0.300000,92,-2.790020e+01,8.322968e+00,4.085824e+00,5.270644e-01,-1.001609e+00,-1.035425e+00,4.663684e+11
30,0.300000,93,-3.571910e+01,3.004681e+01,-3.190473e+01,1.311455e+00,-1.110416e+00,-6.222246e-01,4.955633e+11
30,0.300000,94,-4.133901e+01,2.264219e+01,-2.407688e+00,5.021233e-01,-1.332641e+00,4.016489e-01,8.705549e+11
30,0.300000,95,1.307359e+01,2.145776e+00,8.882097e-01,-8.323367e-01,4.719791e-01,7.416604e-01,9.622928e+10
30,0.300000,96,-4.910995e+01,-1.084509e+01,-4.860964e+01,-1.624172e-01,1.026608e+00,5.304017e-01,9.427947e+11
30,0.300000,97,-3.988887e+01,2.009545e+01,-9.616738e+00,-2.475430e-01,-3.666810e-01,2.512613e-01,2.378005e+11
30,0.300000,98,8.919075e+00,1.338847e+01,2.172438e+01,3.688328e-02,-7.673858e-01,-1.570857e+00,2.124703e+11
30,0.300000,99,-1.122798e+01,4.849113e+01,-4.249261e+01,-9.156821e-01,-3.487234e-01,6.950452e-01,2.390804e+11
30,0.300000,100,-2.065974e+01,-3.826198e+00,-1.822947e+01,-2.657108e-01,6.846410e-01,-1.932842e-01,5.384811e+11
30,0.300000,101,3.247337e+01,3.877006e+01,-2.181274e+00,5.211715e-01,-2.459276e-01,6.774286e-01,1.748765e+11
30,0.300000,102,-4.040094e+01,-3.683155e+00,-1.057114e+01,7.911617e-01,-8.595025e-01,-8.052228e-01,3.636566e+11
30,0.300000,103,-3.109657e+00,-1.888069e+01,6.219846e+00,9.288854e-01,-2.961506e-01,3.789053e-02,8.815427e+11
30,0.300000,104,2.997142e+01,-2.817025e+01,-3.877492e+01,-1.369189e+00,1.226290e+00,4.734598e-01,4.076780e+11
30,0.300000,105,2.259621e+00,2.621491e+01,4.341392e+01,-5.040925e-01,4.256489e-02,-7.225490e-01,2.787389e+11
30,0.300000,106,-2.615260e+01,-2.073679e+01,-5.972848e+00,1.048737e-01,7.126475e-01,8.429896e-01,2.572584e+10
30,0.300000,107,3.558806e+01,4.499370e+01,-1.244188e+01,-7.397281e-01,-7.945388e-01,7.790266e-01,1.891098e+11
30,0.300000,108,6.069868e+00,7.177775e+00,-4.399056e+01,-4.338002e-01,3.759424e-01,-1.426492e-01,4.675114e+11
30,0.300000,109,-3.450201e+00,1.019658e+01,3.653238e+01,1.468378e+00,-5.814236e-01,4.192336e-01,3.388526e+11
30,0.300000,110,-4.860914e+01,-2.885867e+01,1.009283e+01,1.704877e-01,3.329885e-01,-8.827813e-01,5.903224e+11
30,0.300000,111,-2.440050e+01,3.769544e+01,1.064107e+01,-6.334863e-01,-2.751907e-01,1.999098e+00,4.452219e+11
30,0.300000,112,-4.062386e+01,4.093312e+01,1.214492e+01,7.174038e-01,-4.212026e-01,2.482639e-01,2.853614e+10
30,0.300000,113,-2.317372e+01,3.540114e+01,-2.001295e+00,5.972215e-01,-4.356311e-01,-2.707776e-01,7.170312e+11
30,0.300000,114,3.245205e+01,-3.563007e+01,-4.519608e+01,3.894084e-01,6.101765e-02,8.105043e-01,9.954927e+10
30,0.300000,115,3.536819e+01,1.916161e+01,1.749391e+01,-1.157662e+00,-1.156335e-01,-6.820556e-01,2.380470e+11
30,0.300000,116,-1.040508e+01,-2.478650e+01,1.681257e+01,6.675303e-03,-5.043501e-01,-7.956129e-01,1.507227e+11
30,0.300000,117,1.467558e+01,4.736148e+01,-3.381277e+01,7.917212e-01,2.310288e-01,3.832307e-01,6.431268e+11
30,0.300000,118,-2.170153e+01,4.834016e+01,-1.468601e+01,-6.731129e-01,-1.247863e+00,-1.708971e-01,9.459461e+11
30,0.300000,119,-1.574415e+00,-4.479991e+01,-4.622135e+01,-4.124779e-01,8.277777e-01,8.494417e-01,4.620788e+11
30,0.300000,120,-1.892633e+01,4.888505e+01,1.858017e+01,4.293231e-01,-1.038420e+00,-5.022964e-01,2.016909e+11
30,0.300000,121,-9.351272e+00,1.480340e+01,-1.643342e+01,-7.943860e-01,1.396871e-01,-6.280391e-02,9.647202e+11
30,0.300000,122,-5.195876e+00,-3.634802e+01,1.065538e+01,3.066318e-01,-4.883591e-01,8.627703e-01,8.417609e+11
30,0.300000,123,-2.432371e+01,-1.429221e+01,2.870393e+01,5.552940e-01,-1.792467e-01,3.517943e-01,9.167391e+10
30,0.300000,124,-3.502471e+01,3.398983e+00,3.686440e+00,3.986226e-01,5.369206e-03,-9.594428e-01,1.725398e+11
30,0.300000,125,2.678667e+01,8.130582e+00,-1.410321e+01,-9.025868e-01,-6.560087e-01,3.859753e-01,2.402439e+11
30,0.300000,126,3.483037e+01,-3.100423e+01,-3.012278e+01,-9.432342e-01,1.530642e-01,6.231026e-01,3.901340e+10
30,0.300000,127,-4.532372e+00,2.557425e+01,3.698365e+01,4.655076e-01,-9.964682e-01,-5.214380e-02,4.546180e+11
30,0.300000,128,2.450317e+00,-2.659986e+00,2.904010e+00,2.190898e-01,-1.051888e+00,-8.537599e-01,1.403353e+11
30,0.300000,129,3.429325e+00,-2.006564e+01,-2.027163e+01,-3.918063e-01,8.689293e-01,6.465906e-01,4.900271e+11
30,0.300000,130,-3.863061e+01,-1.526794e+01,2.193949e+01,1.155151e+00,-6.997765e-03,4.832556e-01,2.655890e+11
30,0.300000,131,3.645822e+01,2.147426e+01,-2.142132e+01,-5.932727e-01,-2.456382e-01,-4.505249e-01,3.764936e+10
30,0.300000,132,8.720363e+00,3.099812e+01,-2.575413e+00,-8.362326e-01,-8.921233e-01,-8.821409e-01,7.883426e+11
30,0.300000,133,-1.997976e+01,-4.235449e+01,4.148035e+01,2.176069e-01,-1.723171e+00,-1.443373e+00,1.485089e+11
30,0.300000,134,-2.440786e+01,3.663346e+01,1.212203e+01,-4.266299e-04,3.558386e-02,-2.119499e+00,3.345036e+11
30,0.300000,135,2.537644e+01,-2.407499e+01,8.671416e+00,9.255949e-01,7.838050e-01,-2.577858e-01,9.380190e+11
30,0.300000,136,-5.723131e+00,-4.666612e+01,4.644851e+01,-8.296484e-01,1.269450e+00,-4.333632e-01,1.568274e+11
30,0.300000,137,-3.689096e+01,-4.951805e+00,4.359170e+01,3.384440e-01,-3.961463e-01,2.416869e-01,2.711714e+11
30,0.300000,138,4.040690e+01,-4.306332e+01,-9.900390e+00,-1.062975e+00,1.322076e+00,-8.733499e-01,5.345388e+11
30,0.300000,139,-3.491614e+01,-1.285564e+01,3.570705e+01,1.116543e+00,2.206077e-01,-2.456803e-01,5.227831e+11
30,0.300000,140,9.504103e+00,-1.841043e+01,-4.330405e+00,-1.810871e+00,-3.970473e-01,1.110044e+00,8.877927e+10
30,0.300000,141,-3.110251e+01,3.611599e+01,-2.739271e+01,-1.505161e-01,-8.636388e-01,-5.381066e-01,7.525700e+11
30,0.300000,142,3.456581e+01,-4.871828e+01,-4.860967e+01,3.132073e-01,-4.770947e-01,1.683799e-01,9.149756e+11
30,0.300000,143,-4.863481e+01,-5.188696e+00,-5.686046e+00,2.640367e-01,7.044645e-01,-1.509397e-01,7.149830e+10
30,0.300000,144,-5.859696e+00,2.415061e+01,7.768593e+00,-9.232252e-01,-1.530700e+00,-6.641629e-01,9.698411e+10
30,0.300000,145,-8.982636e+00,-4.472803e+00,-3.334672e+01,2.370981e-01,-2.014958e-01,-3.853651e-01,9.205582e+11
30,0.300000,146,1.322903e+01,5.849091e+00,1.707760e+01,-5.404119e-01,3.604399e-01,2.692829e-01,2.364863e+11
30,0.300000,147,1.544354e+01,-3.973981e+01,-3.559547e+01,4.002976e-01,7.494885e-01,5.825289e-01,8.314357e+11
30,0.300000,148,-1.350384e+01,3.859011e+01,3.885215e+01,-2.754010e-01,-2.332160e+00,-2.338420e+00,8.531978e+11
30,0.300000,149,1.930491e+01,1.015640e+00,4.365592e+01,-9.740032e-01,9.281434e-01,-1.212065e+00,7.074243e+11
30,0.300000,150,-2.146919e+01,-4.359469e-02,1.224837e+01,9.436870e-01,-9.674476e-01,-7.382774e-01,3.995333e+11
30,0.300000,151,1.309220e+01,4.743857e+01,1.238784e+01,-6.563681e-01,-1.388597e+00,5.605988e-01,9.539123e+11
30,0.300000,152,1.291995e+01,-1.494688e+01,2.836697e+01,8.455360e-01,-4.474793e-01,-1.154667e-02,8.011094e+11
30,0.300000,153,3.735859e+01,-3.514891e+01,1.505927e+01,-3.727659e-01,7.029693e-01,-3.151702e-01,6.781305e+11
30,0.300000,154,1.199717e+01,1.952695e+01,-1.232590e+01,6.329254e-01,-8.185260e-01,-7.536823e-01,8.181334e+11
30,0.300000,155,-2.375055e+01,-2.031993e+01,-2.877831e+01,9.986119e-01,-1.108969e-01,9.617304e-01,1.864761e+11
30,0.300000,156,-1.413593e+01,9.842359e+00,-3.645321e+01,1.816067e+00,-3.976136e-02,1.653170e+00,9.718925e+11
30,0.300000,157,-3.126930e+01,9.112066e+00,2.697290e+01,-6.050960e-01,3.329211e-01,-4.853408e-01,6.367924e+11
30,0.300000,158,-1.115430e+01,-4.860407e+01,-1.906797e+01,-8.662243e-01,9.257443e-01,4.994456e-01,9.104213e+11
30,0.300000,159,4.063462e+01,1.935379e+01,2.279725e+01,-1.139137e+00,7.718170e-01,5.791992e-01,7.064095e+10
30,0.300000,160,-2.352567e+01,2.663531e+01,-2.609506e+01,3.027686e-01,-5.413971e-01,-5.769682e-02,6.032912e+11
30,0.300000,161,-1.859165e+01,-2.114205e+01,6.959834e+00,1.502180e-01,8.945100e-01,-5.393003e-01,5.711481e+11
30,0.300000,162,1.097026e+01,2.643626e+01,-2.996803e+01,-1.138792e+00,2.819055e-01,2.302959e-01,2.304936e+10
30,0.300000,163,-1.634103e+00,-3.024493e+01,4.231447e+01,-2.585049e-01,7.339455e-01,7.816255e-03,5.667048e+11
30,0.300000,164,3.719647e+01,8.301205e+00,1.255152e+01,-1.131665e+00,-4.159621e-01,5.676433e-01,7.595003e+11
30,0.300000,165,2.130378e+01,-2.647626e+01,-1.409432e+01,-1.286724e+00,5.634838e-01,9.425685e-01,5.382472e+11
30,0.300000,166,-1.062335e+01,-2.335131e+01,-4.000938e+01,-8.042339e-01,-6.494146e-01,5.541320e-02,2.333654e+10
30,0.300000,167,3.053957e+01,3.052360e+01,-4.699393e+01,-6.564118e-01,-1.036645e+00,1.356569e+00,6.879858e+11
30,0.300000,168,3.906595e+01,9.580648e+00,-2.502977e+01,6.256724e-02,-7.300541e-01,9.450836e-01,9.042254e+11
30,0.300000,169,3.195924e+00,2.359864e+01,1.572081e+01,-6.026445e-01,5.112372e-01,-1.109929e+00,2.874423e+11
30,0.300000,170,-9.097761e-01,4.414776e+01,3.157973e+01,7.890372e-01,-1.046618e+00,4.946612e-01,8.953970e+11
30,0.300000,171,-2.576791e+01,-2.880788e+01,4.099438e+01,-7.318657e-01,-8.128936e-01,5.627622e-01,3.497358e+11
30,0.300000,172,-4.706268e+01,3.832637e+01,-4.728371e+01,1.123308e+00,-3.210244e-01,-1.196927e-01,6.839728e+11
30,0.300000,173,1.618656e+01,-3.511901e+01,8.219298e+00,-5.671561e-01,1.161206e+00,-7.116554e-01,4.527807e+11
30,0.300000,174,3.463964e+01,-2.406474e+01,2.272651e+01,-6.594264e-01,-5.442040e-01,-2.284440e-01,2.292422e+11
30,0.300000,175,-8.154683e+00,-4.321534e+00,-3.853041e+01,1.403786e-01,4.726544e-01,1.814504e-01,7.171573e+11
30,0.300000,176,1.942707e+01,4.594987e+01,-4.444438e+01,4.309105e-01,2.804545e-01,-4.579126e-01,6.392556e+11
30,0.300000,177,-1.733574e+01,-1.390232e+01,-1.808039e+01,1.076449e+00,2.075289e-01,1.057646e+00,1.925805e+11
30,0.300000,178,-1.146063e+01,-3.552507e+01,1.303413e+01,-7.692296e-02,1.438210e-01,-5.940537e-01,5.749311e+11
30,0.300000,179,1.075755e+01,3.991782e+01,2.938943e+01,-1.221976e+00,-5.842869e-01,3.977668e-01,6.942111e+11
30,0.300000,180,-4.719461e+01,4.332479e+01,-9.480709e+00,8.029628e-01,3.985672e-01,-7.875460e-02,4.441478e+11
30,0.300000,181,2.284586e+01,5.041525e+00,-4.258864e+01,-1.103473e+00,5.613145e-01,1.848989e-01,5.178276e+10
30,0.300000,182,-8.226377e+00,-2.089427e+01,-2.706123e+01,8.564656e-01,1.773423e-01,1.110185e+00,4.563950e+10
30,0.300000,183,3.405578e+01,-2.846211e+01,1.058053e+01,-5.924791e-01,-6.422899e-01,-3.433291e-01,4.862399e+11
30,0.300000,184,-2.579752e+00,-1.945429e+01,-3.267513e+01,1.053634e-01,-2.613178e-01,5.496785e-01,2.271601e+11
30,0.300000,185,-3.696962e+01,-4.581006e+01,1.591543e+01,1.010352e+00,7.462962e-01,3.835933e-01,9.150349e+11
30,0.300000,186,1.030909e-02,-3.779418e+01,4.542491e+01,6.846354e-01,-1.706253e-01,-7.751516e-01,7.180402e+11
30,0.300000,187,3.500956e+01,-4.594249e+01,2.499435e+01,1.538639e-01,-2.768921e-02,-5.389620e-01,1.519375e+11
30,0.300000,188,-1.206833e+01,2.533493e+01,1.259260e+01,9.787730e-01,-1.254867e+00,4.142795e-01,3.575289e+11
30,0.300000,189,-1.988999e+01,-1.264135e+01,6.845441e+00,6.775016e-04,-2.306345e-01,-7.417652e-01,2.952747e+11
30,0.300000,190,-4.959556e+01,4.572578e+01,-2.995139e+01,3.356394e-01,-1.189583e+00,-5.528081e-01,4.205848e+11
30,0.300000,191,-4.534628e-01,-1.588013e+01,-3.670465e+01,-3.249770e-01,-1.204941e-01,1.242472e+00,4.627374e+10
30,0.300000,192,1.403111e+01,-2.586369e+01,-3.170748e+01,-7.780484e-02,6.247848e-01,1.281455e+00,8.707648e+11
30,0.300000,193,-4.414106e+01,1.038326e+01,-2.771402e+01,2.005337e-01,9.222288e-01,9.832964e-01,7.911026e+11
30,0.300000,194,-1.105933e+01,-4.771856e+01,-4.237209e+01,-1.147101e-01,1.454664e+00,-1.470874e-01,8.958257e+11
30,0.300000,195,-4.363094e+01,-5.990548e+00,-1.905852e+01,7.476774e-01,7.010663e-01,5.381195e-02,9.054538e+11
30,0.300000,196,-3.348278e+01,-1.788546e+01,4.380746e+01,8.532390e-01,2.771272e-01,-1.268362e+00,8.252100e+11
30,0.300000,197,5.570827e+00,4.250716e+01,1.952150e+01,2.477657e-01,-3.803851e-01,7.171492e-01,9.739365e+11
30,0.300000,198,4.024619e-01,2.051598e+01,2.638191e+01,6.825710e-01,1.385493e-01,1.130169e-01,2.922832e+11
30,0.300000,199,2.038091e+01,-3.794290e+01,-3.201526e+01,5.752316e-02,7.146177e-01,-1.961105e-02,3.308485e+11
30,0.300000,200,-1.623528e+01,4.271202e+01,-2.734313e+01,1.487591e-01,-6.404083e-01,-6.816937e-01,3.121395e+11
30,0.300000,201,3.075164e+01,-2.109415e+01,-3.690581e+01,-6.367399e-01,-6.451516e-01,8.843150e-01,9.777802e+11
30,0.300000,202,2.411720e+01,2.341932e+01,4.519250e+01,-7.480884e-01,-3.699615e-01,4.843249e-02,1.452540e+11
30,0.300000,203,-3.347726e+01,5.489236e+00,-7.718522e+00,9.399521e-01,4.468684e-01,5.004304e-01,6.346513e+11
30,0.300000,204,-2.685103e+01,-4.113000e+01,4.524362e+01,5.139716e-01,-6.341992e-01,-1.096359e+00,7.760998e+10
30,0.300000,205,-2.328233e+01,-1.454274e+01,-1.263517e+01,-5.861434e-01,5.092899e-01,1.029039e-01,4.476423e+11
30,0.300000,206,3.624060e+01,-1.794289e+01,-8.152339e+00,1.002928e+00,-1.156377e+00,-5.074793e-01,8.501877e+11
30,0.300000,207,-1.369435e-01,-4.132035e+01,4.834895e+01,2.139552e-01,1.070127e+00,-9.987168e-01,5.309295e+11
30,0.300000,208,-1.878430e+01,-4.929431e+01,-3.449924e+01,3.726410e-01,-3.171472e-01,-6.583511e-01,1.187708e+11
30,0.300000,209,-3.804639e+01,-2.025949e+01,-3.213052e+01,9.593213e-02,7.287986e-01,2.474305e-01,4.725335e+11
30,0.300000,210,-2.082888e+01,-4.456810e+01,4.080365e+01,-4.608444e-01,5.969295e-01,-4.730924e-01,7.603484e+11
30,0.300000,211,-6.120346e+00,2.012036e+01,1.070923e+01,9.720133e-01,4.160001e-01,1.433213e-01,5.984647e+11
30,0.300000,212,-7.594607e+00,4.952644e+01,-3.803637e+01,2.852806e-01,-1.451739e+00,-2.051516e-01,2.835802e+11
30,0.300000,213,-3.936508e+01,-1.082308e+01,-1.133748e+01,-1.970612e-01,8.266419e-01,1.445132e-01,6.200100e+11
30,0.300000,214,-1.638648e+01,-3.856168e+01,-4.131529e+01,4.919408e-01,-4.411413e-01,1.315380e+00,7.847785e+11
30,0.300000,215,4.984639e+00,-1.812725e+01,3.801164e+00,7.955519e-01,-9.104285e-01,-9.679578e-01,9.179416e+11
30,0.300000,216,3.035132e+01,2.400953e+01,1.215893e+00,-9.321618e-01,2.410533e-01,1.641642e-01,9.634306e+11
30,0.300000,217,2.474944e+01,4.080918e+01,-2.597433e+01,5.385686e-01,-7.753034e-01,3.150301e-01,8.943437e+10
30,0.300000,218,4.838049e+01,-3.109209e+01,1.969372e+01,-8.363563e-01,-2.294003e-01,-1.865044e-01,9.495887e+11
30,0.300000,219,-2.690479e+00,2.692960e+01,2.298907e+01,-8.535923e-01,-1.263312e+00,-7.303736e-01,1.620348e+10
30,0.300000,220,-3.811262e+01,-8.249546e+00,4.225455e+01,1.559647e+00,-5.536169e-01,-4.133970e-01,1.581542e+11
30,0.300000,221,3.966052e+01,-4.295802e+01,-3.879489e+01,-1.068331e-01,1.299618e+00,-1.485400e-01,5.001250e+11
30,0.300000,222,-2.245422e+01,4.748303e+01,7.394042e+00,-3.728360e-01,-1.252822e+00,-4.579538e-01,5.871486e+11
30,0.300000,223,-2.364981e+00,-4.455317e+01,3.087151e+00,8.398689e-01,1.304340e+00,-3.226574e-01,9.728445e+11
30,0.300000,224,4.146023e+01,3.861194e+00,4.807715e+01,-1.255730e+00,8.604624e-01,4.955397e-01,9.545699e+11
30,0.300000,225,-3.888226e+01,-1.631712e+01,-3.972053e+01,-7.040171e-01,-5.222699e-03,-9.435790e-02,6.555216e+11
30,0.300000,226,-1.189287e+01,6.969308e+00,-3.515605e+01,-2.789960e-01,6.586846e-01,4.313815e-01,9.209091e+11
30,0.300000,227,2.118252e+01,4.906894e+01,3.795277e-02,-8.523002e-01,-1.383740e+00,-8.782837e-01,1.459728e+11
30,0.300000,228,3.698468e+01,-1.990889e+01,-3.917214e+01,-3.672195e-01,6.758857e-01,-2.853815e-01,8.224266e+11
30,0.300000,229,2.920982e+01,4.894093e+01,2.766892e+01,4.983448e-01,-6.837316e-01,5.468070e-01,9.147538e+11
30,0.300000,230,2.295684e+01,-4.030481e+01,6.712212e+00,-9.885800e-01,9.672485e-01,3.661962e-01,7.733052e+11
30,0.300000,231,-2.871977e+01,-6.500295e+00,1.887801e+01,1.082857e+00,-1.817905e-01,-9.416995e-01,1.206274e+11
30,0.300000,232,-2.541546e+00,-2.696807e+01,-2.511990e+01,-1.662497e-01,5.652448e-01,7.644563e-02,1.410628e+11
30,0.300000,233,-1.389472e+01,-5.262026e+00,4.536656e+01,-6.689860e-01,-1.315383e-01,-9.660126e-03,6.652347e+10
30,0.300000,234,2.664338e+01,1.072230e+01,4.705860e+01,-2.425302e-01,2.391407e-01,-3.280543e-01,6.161672e+11
30,0.300000,235,-1.344373e+01,-2.483264e+01,-1.190066e+01,3.422192e-01,7.502566e-01,-6.963138e-01,5.036735e+11
30,0.300000,236,-3.838225e+01,-2.312382e+01,1.125471e+01,5.313471e-01,7.889214e-02,7.093740e-01,9.359183e+11
30,0.300000,237,-4.738583e+01,-2.800021e+01,-4.347683e+01,1.338842e-01,6.528578e-01,-6.678437e-01,5.471736e+11
30,0.300000,238,-3.921262e+01,2.472978e+01,9.970241e+00,1.160820e+00,-4.661104e-01,-1.275494e-01,3.771310e+11
30,0.300000,239,-4.440605e+01,-3.928775e+01,4.818287e+01,1.364347e-01,-4.325063e-02,-5.893602e-01,9.955339e+11
30,0.300000,240,-4.581182e+01,-5.776645e+00,-8.488907e-01,-1.031460e-01,4.903204e-01,-9.627728e-01,7.510233e+11
30,0.300000,241,-2.935973e+01,4.614470e+01,1.849151e+01,-2.208923e-01,-1.085530e+00,2.614971e-01,6.268900e+11
30,0.300000,242,3.510283e+01,2.719411e+01,-3.323469e+01,5.766078e-01,-1.508878e-01,7.500518e-01,8.273594e+11
30,0.300000,243,3.770037e+01,-1.644037e+01,-3.054182e+01,3.121072e-01,-2.166533e-01,-6.085012e-01,3.584803e+11
30,0.300000,244,3.026722e+01,4.903029e+00,-1.504429e+01,2.524388e-01,1.030142e+00,6.939646e-01,1.241163e+10
30,0.300000,245,1.983646e+01,4.481030e+01,2.502136e+01,5.157871e-01,4.653047e-01,-3.489600e-01,1.463085e+11
30,0.300000,246,-4.039302e+01,-3.106474e+01,2.628477e+01,1.286338e+00,1.201069e+00,5.180972e-01,8.964686e+11
30,0.300000,247,-2.174722e+00,1.887864e+01,2.231724e+01,-1.007127e-01,-1.150462e+00,5.904331e-01,2.924671e+11
30,0.300000,248,-3.030993e+00,-4.010977e+01,1.393316e+01,-8.964614e-01,9.170749e-01,3.773598e-01,1.261501e+11
30,0.300000,249,1.288077e+01,3.276752e+01,-3.776050e+01,-4.333017e-01,2.811522e-01,1.006798e+00,2.379907e+11
30,0.300000,250,1.841446e+01,-1.947222e+01,-1.341540e+01,2.992601e-01,-8.409085e-02,-6.798496e-01,7.201153e+11
30,0.300000,251,-4.749404e+00,-4.418437e+01,1.113593e+01,8.993655e-01,1.377083e+00,-5.596867e-01,2.899633e+11
30,0.300000,252,2.709769e+01,-2.487545e+01,6.828379e+00,-2.324579e+00,3.503261e-01,7.495719e-01,5.248417e+11
30,0.300000,253,4.911593e+01,-3.123902e+01,1.395223e+01,-3.973761e-01,-7.905001e-01,9.140574e-01,9.483032e+11
30,0.300000,254,2.888642e+01,1.301838e+01,-3.210922e+01,-2.481402e-01,7.089674e-01,4.507562e-01,2.554059e+11
30,0.300000,255,-7.272637e+00,1.760421e+01,4.647582e+01,8.665665e-01,3.451687e-01,-4.145458e-01,8.053693e+11
40,0.400000,0,-4.655033e+01,-1.723574e+01,1.878803e+01,6.493146e-01,-5.746480e-01,-8.681262e-01,6.401929e+11
40,0.400000,1,3.613726e+01,-1.960626e+01,-4.742584e+01,-8.378927e-01,6.072510e-01,7.489793e-01,1.443711e+11
40,0.400000,2,-3.921009e+01,2.606729e+01,-4.151263e+01,4.680415e-01,-1.220837e-01,1.100944e+00,9.819425e+11
40,0.400000,3,-2.800061e+01,-4.489417e+00,1.998290e+00,4.187689e-01,2.412499e-01,2.127563e-01,6.325852e+11
40,0.400000,4,2.982972e+01,8.675445e+00,-2.211064e+01,4.306762e-01,6.924929e-01,1.127123e+00,2.595639e+11
40,0.400000,5,-3.752380e+01,-2.837263e+01,3.910041e+01,1.431169e+00,3.311992e-01,3.631678e-01,3.550747e+11
40,0.400000,6,-2.176161e+01,-2.636191e+01,-1.480397e+00,1.217073e-01,1.479831e+00,3.175729e-01,9.408660e+11
40,0.400000,7,5.868334e+00,-1.885408e+01,4.203093e+01,4.185218e-01,5.855026e-01,-7.266872e-01,3.559480e+11
40,0.400000,8,-1.840752e+01,-3.283623e+01,4.749606e+01,-7.004707e-01,6.949931e-01,-1.167981e+00,9.451388e+11
40,0.400000,9,1.664420e+01,-2.790863e+01,-3.076013e+01,-6.695770e-01,1.339304e+00,-1.237448e+00,7.724363e+11
40,0.400000,10,4.482714e+01,4.959286e+01,-3.800724e+01,-9.240502e-01,-9.272773e-01,4.039947e-01,6.268507e+11
40,0.400000,11,-2.746860e+01,-3.298662e+01,6.329712e+00,8.890060e-01,6.212727e-01,1.767512e-04,5.592105e+11
40,0.400000,12,-2.568850e+01,4.219328e+01,4.063303e+01,5.235167e-01,-1.243328e+00,3.100404e-01,6.788947e+11
40,0.400000,13,3.487643e+01,-3.633677e+01,1.238296e+01,2.540560e-01,8.027108e-01,1.163054e+00,3.084166e+11
40,0.400000,14,2.893397e+01,4.045147e+01,-4.302008e+01,1.482617e-01,3.585989e-01,-2.719039e-01,9.733405e+11
40,0.400000,15,-3.691073e+01,2.955408e+01,9.293808e+00,3.650486e-02,2.356532e-01,-9.164005e-01,1.416391e+11
40,0.400000,16,-5.740361e+00,1.454893e+01,1.877098e+01,7.370361e-01,1.626916e-01,-1.805040e-01,2.504219e+11
40,0.400000,17,1.668113e+01,-2.349567e+00,4.182883e+01,2.560561e-01,8.176852e-01,-1.793629e-01,3.903781e+10
40,0.400000,18,4.644955e+01,-1.462208e+01,-1.716961e+01,-3.067442e-01,-4.253431e-01,-1.042853e+00,4.966162e+11
40,0.400000,19,-3.418422e+01,9.042400e+00,-3.984340e+00,1.885114e-02,-8.581143e-01,-1.347352e+00,6.477329e+11
40,0.400000,20,-1.494565e+01,-2.763486e+01,2.759391e+01,6.665254e-01,9.597412e-01,-5.216314e-01,4.759095e+11
40,0.400000,21,-6.708427e+00,-4.414148e+01,2.134902e+01,-7.864982e-01,8.143986e-01,-2.396577e-01,6.206205e+11
40,0.400000,22,-3.611267e+01,-3.279010e+01,1.495944e+01,-4.249040e-01,6.313092e-01,7.892479e-01,8.590683e+11
40,0.400000,23,2.869757e+01,-1.175280e+01,-1.479508e+01,5.072046e-01,6.903648e-01,8.034195e-01,2.411941e+11
40,0.400000,24,-1.334620e+01,3.916305e+01,3.850382e+01,1.250823e+01,5.067123e+01,-5.978044e+00,4.991982e+11
40,0.400000,25,4.583409e+01,-3.823872e+01,4.653918e+01,-5.787663e-01,-4.111248e-01,-2.877288e-02,5.033507e+11
40,0.400000,26,2.106497e+01,-1.902411e+01,-3.813574e+01,7.473196e-01,-1.748788e-01,1.219249e+00,9.549150e+11
40,0.400000,27,-4.893740e+01,2.348004e+01,3.085949e+01,1.096118e+00,-8.923415e-01,-1.069214e+00,7.372700e+11
40,0.400000,28,-4.106713e+01,4.772043e+01,4.702037e+01,1.903649e-01,3.811832e-01,3.466248e-01,1.609882e+11
40,0.400000,29,4.461996e+01,1.610705e-01,1.470177e+01,1.142005e-01,2.154911e-01,-3.346248e-02,3.073316e+11
40,0.400000,30,2.967011e+01,-2.094821e+01,3.013681e+01,-1.208068e-01,2.397377e-01,5.306531e-01,3.601952e+11
40,0.400000,31,-4.224705e+01,1.735587e+01,-1.949345e+01,-8.132014e-01,-5.493223e-01,-8.255181e-01,8.806104e+11
40,0.400000,32,3.097010e+00,-2.195255e+01,1.130627e+01,4.802573e-03,-7.548842e-02,-6.250423e-01,7.577617e+10
40,0.400000,33,-3.964722e+01,-6.818551e+00,-2.770151e+01,-4.633443e-01,1.039662e+00,1.277622e+00,9.553864e+11
40,0.400000,34,4.740252e+00,-2.116712e+00,-2.478403e+01,-5.498815e-01,3.798410e-01,-6.680143e-01,8.522392e+11
40,0.400000,35,-1.344420e+01,4.672471e+01,-2.949271e+01,-3.399388e-01,-5.103474e-01,2.644235e-01,5.397793e+11
40,0.400000,36,-4.418325e+01,1.356976e+01,-8.964965e+00,9.347529e-01,5.446460e-01,-1.143115e+00,2.139899e+11
40,0.400000,37,-3.303785e+01,1.067076e+01,-2.268803e+01,-3.382415e-01,-1.079892e+00,3.235912e-01,3.347481e+11
40,0.400000,38,4.658668e+01,-1.403526e+01,-2.151790e+01,-8.020235e-01,6.181802e-01,8.495791e-01,8.640105e+11
40,0.400000,39,1.033025e+01,9.357153e+00,2.150947e+01,3.668243e-01,5.624048e-01,3.591977e-02,4.202074e+11
40,0.400000,40,-2.992251e+01,-7.339107e+00,4.470145e+01,-4.676872e-01,-1.087059e+00,-9.471999e-01,8.465549e+11
40,0.400000,41,4.739277e+01,-1.115669e+01,-4.493454e+01,-1.343778e+00,-1.074710e+00,1.424655e-01,4.323726e+11
40,0.400000,42,-4.610181e+01,3.114809e+01,2.505222e+01,-5.522823e-01,-1.089699e+00,-1.141266e+00,5.308005e+11
40,0.400000,43,-4.910032e+01,7.308513e+00,-1.145279e+01,1.205830e+00,-7.254809e-01,-8.174007e-01,5.782562e+11
40,0.400000,44,2.313710e+01,-4.789825e+01,4.897067e+01,8.426316e-01,6.138332e-01,-1.697132e-01,1.973164e+11
40,0.400000,45,1.407052e+00,-1.960762e+01,-4.674954e+01,5.896940e-02,6.440329e-01,-4.396287e-02,6.448413e+11
40,0.400000,46,1.993425e+01,-9.392634e+00,-4.280722e+01,3.391289e-01,-8.137086e-01,1.355123e+00,7.517344e+11
40,0.400000,47,-1.051704e+01,3.586660e+01,-2.231124e+01,-3.106396e-01,-6.236648e-01,4.684633e-01,1.869212e+10
40,0.400000,48,1.025898e+01,2.677301e+01,8.289153e+00,-4.168157e-01,2.621974e-01,-7.704032e-02,2.700369e+11
40,0.400000,49,-2.616633e+01,1.137659e+00,-4.813049e+00,4.213566e-01,5.936648e-01,2.353428e-02,2.500715e+11
40,0.400000,50,2.305273e-01,7.558153e+00,3.859166e+01,-8.663875e-01,1.159069e+00,1.869080e-01,9.432443e+11
40,0.400000,51,-2.945319e+01,2.747519e+01,1.948037e+01,5.382079e-01,1.156508e-02,5.282529e-01,1.176473e+10
40,0.400000,52,-4.274032e+01,1.299616e+01,-4.871218e+01,7.131773e-01,-3.964061e-01,9.525177e-01,1.653365e+10
40,0.400000,53,-3.165260e+01,-3.329851e+01,-2.284857e+01,2.628025e-01,9.157533e-01,6.776886e-01,1.785078e+11
40,0.400000,54,-1.163287e+00,-2.891258e+01,-8.878677e+00,1.099517e+00,1.253601e+00,-3.419022e-01,2.004294e+11
40,0.400000,55,2.624777e+01,-2.541887e+01,-3.617939e+01,9.576348e-01,-1.998339e-01,9.127866e-01,5.669171e+11
40,0.400000,56,1.573941e+01,2.924517e+01,6.463346e+00,-9.182915e-02,-6.646136e-01,9.603213e-03,4.076879e+11
40,0.400000,57,3.175888e+01,-3.318570e+01,-9.006654e+00,-1.462870e+00,2.791750e-01,4.560704e-01,4.312513e+11
40,0.400000,58,-4.923069e+01,-1.004580e+01,9.131723e+00,7.946761e-01,2.095827e-01,-1.212040e+00,4.849411e+11
40,0.400000,59,-1.181289e+01,-1.948213e+01,1.734359e+01,-6.030939e-01,4.819743e-02,7.200597e-02,1.149010e+11
40,0.400000,60,7.278710e+00,1.329041e+01,1.664756e+01,-7.027489e-01,-4.129093e-01,-4.799563e-01,9.595409e+11
40,0.400000,61,3.540619e+01,3.104763e+01,-1.368749e+01,-2.448169e-02,4.410897e-01,6.040507e-01,6.848882e+11
40,0.400000,62,-1.919014e+01,-5.004192e+00,-3.897070e+01,9.475366e-02,9.269902e-01,1.115073e+00,8.069937e+11
40,0.400000,63,-4.640559e+00,2.062171e+01,-2.108517e+01,4.566295e-01,-1.585232e+00,1.260357e+00,9.792860e+11
40,0.400000,64,6.621327e+00,2.625538e+01,-4.118139e+01,-7.864110e-01,-5.085341e-01,1.053537e+00,3.827067e+11
40,0.400000,65,3.270904e+01,4.874166e+01,-1.625375e+01,1.050883e-01,-4.911329e-02,5.323119e-01,3.619760e+11
40,0.400000,66,2.656985e+01,-3.178567e+00,-4.641304e+01,-1.306455e+00,4.988400e-01,1.154448e-02,3.994544e+11
40,0.400000,67,2.550037e+01,3.470659e+01,-3.014278e+01,-7.641033e-01,-2.622150e-01,1.023244e-01,5.442740e+10
40,0.400000,68,7.197037e+00,-6.242700e+00,-4.775028e+01,-7.813115e-01,-6.635603e-01,3.489129e-02,2.957701e+11
40,0.400000,69,1.007462e+01,3.649286e+01,1.609574e+01,-5.243737e-01,5.061207e-01,-1.078756e+00,1.167891e+11
40,0.400000,70,1.415498e+01,1.941068e+01,-3.685729e+00,-5.321528e-01,-8.542847e-01,-1.256626e-01,4.967515e+11
40,0.400000,71,-4.214998e+01,1.447751e+01,3.806982e+01,1.051631e+00,-1.367275e-01,-1.334943e+00,5.137580e+10
40,0.400000,72,-4.467568e+01,6.260269e+00,-4.151544e+01,7.622263e-01,-1.062774e+00,-1.494962e-01,7.726057e+11
40,0.400000,73,-2.860647e+01,-2.829374e+01,-4.381176e+01,9.002909e-01,-4.495852e-01,9.956694e-01,2.488388e+11
40,0.400000,74,4.302024e+01,2.237589e+01,-1.483022e+01,-5.506785e-01,-3.720411e-01,6.628951e-01,9.871696e+11
40,0.400000,75,8.560282e+00,-1.828980e+01,-2.262775e+00,1.136754e-01,1.031312e+00,-4.206795e-01,4.976270e+11
40,0.400000,76,-4.904994e+00,-5.684960e+00,3.514034e+00,1.197680e-01,-1.077433e+00,1.553777e-01,1.367471e+11
40,0.400000,77,-4.806146e+01,2.348938e+01,4.006845e+01,-1.529632e-01,7.259189e-01,2.796301e-01,5.415200e+10
40,0.400000,78,-4.596566e+01,1.794581e+01,-2.119129e+01,2.578864e+00,-7.860906e-01,8.651128e-01,5.430842e+11
40,0.400000,79,3.263696e+01,-5.088358e+00,2.124316e+00,-7.367837e-01,2.987261e-01,-1.137409e+00,8.204332e+10
40,0.400000,80,2.155449e+01,-1.300067e+01,6.162963e+00,-9.983439e-01,3.813580e-01,-1.039531e+00,6.747451e+11
40,0.400000,81,3.310148e+01,2.197386e+01,3.002836e+01,2.223855e-01,-3.715187e-01,1.224038e-02,9.074988e+10
40,0.400000,82,-9.758849e+00,1.518775e+01,-3.730414e+01,-4.576386e-01,-1.292736e+00,5.657480e-01,4.073997e+11
40,0.400000,83,2.428062e+01,-4.524228e+01,4.390648e+01,-1.009827e-01,3.026294e-01,-3.335701e-01,9.840897e+11
40,0.400000,84,-2.399521e+01,-2.775906e+00,-4.402615e+01,1.511789e+00,6.397380e-01,1.257609e+00,1.521259e+11
40,0.400000,85,1.518240e+01,2.206405e+01,3.148783e+01,-4.553886e-01,-4.041022e-01,-2.871216e-01,3.386434e+11
40,0.400000,86,3.878355e+01,-1.826830e+01,-8.565233e+00,-3.264136e+00,1.513862e+00,3.610448e-01,7.379025e+11
40,0.400000,87,-1.991386e+01,4.546255e+01,-3.655785e+01,-6.567396e-01,4.733589e-01,-2.930320e-01,6.214974e+11
40,0.400000,88,-4.798449e-01,3.801391e+00,1.025421e+01,5.264438e-01,-9.864118e-01,1.556770e-01,7.250250e+11
40,0.400000,89,3.482414e+01,-2.234245e+01,3.660226e+01,-4.443386e-01,-8.808443e-01,-2.407828e-01,9.841486e+11
40,0.400000,90,-5.636429e+00,-2.032538e+01,-1.816916e+01,-6.764644e-02,4.816827e-01,7.132274e-01,6.410113e+11
40,0.400000,91,7.803983e+00,-2.321668e+01,-1.271285e+01,7.007698e-01,-1.198569e-01,9.739807e-02,9.265595e+11
40,0.400000,92,-2.784569e+01,8.218039e+00,3.976269e+00,5.598912e-01,-1.088396e+00,-1.144849e+00,4.663684e+11
40,0.400000,93,-3.558198e+01,2.993074e+01,-3.196179e+01,1.419793e+00,-1.201777e+00,-5.281864e-01,4.955633e+11
40,0.400000,94,-4.128068e+01,2.250191e+01,-2.370908e+00,6.497864e-01,-1.460274e+00,3.399381e-01,8.705549e+11
40,0.400000,95,1.298580e+01,2.191028e+00,9.620630e-01,-9.153213e-01,4.366118e-01,7.359668e-01,9.622928e+10
40,0.400000,96,-4.911922e+01,-1.074101e+01,-4.854893e+01,-3.561969e-02,1.052457e+00,6.698826e-01,9.427947e+11
40,0.400000,97,-3.990858e+01,2.005169e+01,-9.590059e+00,-1.556955e-01,-4.959381e-01,2.796667e-01,2.378005e+11
40,0.400000,98,8.916999e+00,1.330209e+01,2.154983e+01,-6.803075e-02,-9.434662e-01,-1.888553e+00,2.124703e+11
40,0.400000,99,-1.131880e+01,4.844954e+01,-4.241332e+01,-9.019665e-01,-4.711231e-01,8.729279e-01,2.390804e+11
40,0.400000,100,-2.068401e+01,-3.757887e+00,-1.824612e+01,-2.239254e-01,6.819603e-01,-1.445293e-01,5.384811e+11
40,0.400000,101,3.251942e+01,3.873766e+01,-2.115074e+00,4.107824e-01,-3.877858e-01,6.492992e-01,1.748765e+11
40,0.400000,102,-4.031420e+01,-3.770514e+00,-1.065255e+01,9.293934e-01,-8.856109e-01,-8.215629e-01,3.636566e+11
40,0.400000,103,-3.012862e+00,-1.890832e+01,6.219241e+00,9.999103e-01,-2.601063e-01,-4.219732e-02,8.815427e+11
40,0.400000,104,2.982364e+01,-2.803071e+01,-3.871522e+01,-1.567617e+00,1.535600e+00,7.002525e-01,4.076780e+11
40,0.400000,105,2.205529e+00,2.621437e+01,4.333159e+01,-5.711784e-01,-4.463061e-02,-9.059156e-01,2.787389e+11
40,0.400000,106,-2.613397e+01,-2.066195e+01,-5.885311e+00,2.531193e-01,7.773532e-01,9.019814e-01,2.572584e+10
40,0.400000,107,3.550713e+01,4.490828e+01,-1.236560e+01,-8.659900e-01,-9.030323e-01,7.494868e-01,1.891098e+11
40,0.400000,108,6.023463e+00,7.211776e+00,-4.399538e+01,-4.888483e-01,3.106093e-01,2.932750e-02,4.675114e+11
40,0.400000,109,-3.292856e+00,1.013174e+01,3.657221e+01,1.662231e+00,-7.052602e-01,3.836222e-01,3.388526e+11
40,0.400000,110,-4.857994e+01,-2.881931e+01,1.000527e+01,3.913666e-01,4.432011e-01,-8.697658e-01,5.903224e+11
40,0.400000,111,-2.445994e+01,3.763658e+01,1.087141e+01,-5.559554e-01,-9.017329e-01,2.591792e+00,4.452219e+11
40,0.400000,112,-4.054456e+01,4.088397e+01,1.216763e+01,8.548731e-01,-5.489939e-01,2.096948e-01,2.853614e+10
40,0.400000,113,-2.311146e+01,3.535111e+01,-2.027689e+00,6.433387e-01,-5.532611e-01,-2.584101e-01,7.170312e+11
40,0.400000,114,3.248572e+01,-3.561751e+01,-4.510569e+01,2.934512e-01,1.785071e-01,9.802133e-01,9.954927e+10
40,0.400000,115,3.524528e+01,1.914542e+01,1.742131e+01,-1.287647e+00,-1.997397e-01,-7.619244e-01,2.380470e+11
40,0.400000,116,-1.040383e+01,-2.483393e+01,1.672619e+01,1.743350e-02,-4.499116e-01,-9.194381e-01,1.507227e+11
40,0.400000,117,1.475415e+01,4.737682e+01,-3.377260e+01,7.808635e-01,8.980901e-02,4.166715e-01,6.431268e+11
40,0.400000,118,-2.176678e+01,4.820604e+01,-1.470256e+01,-6.356210e-01,-1.417745e+00,-1.609864e-01,9.459461e+11
40,0.400000,119,-1.617528e+00,-4.471080e+01,-4.612861e+01,-4.465690e-01,9.430282e-01,9.913330e-01,4.620788e+11
40,0.400000,120,-1.888305e+01,4.877150e+01,1.852600e+01,4.357807e-01,-1.215074e+00,-5.738412e-01,2.016909e+11
40,0.400000,121,-9.428661e+00,1.481554e+01,-1.644081e+01,-7.567214e-01,1.064041e-01,-8.302442e-02,9.647202e+11
40,0.400000,122,-5.168054e+00,-3.639218e+01,1.074055e+01,2.550273e-01,-4.036593e-01,8.425121e-01,8.417609e+11
40,0.400000,123,-2.426689e+01,-1.431006e+01,2.873381e+01,5.786761e-01,-1.778819e-01,2.553423e-01,9.167391e+10
40,0.400000,124,-3.497595e+01,3.398695e+00,3.582855e+00,5.606298e-01,-9.624234e-03,-1.098557e+00,1.725398e+11
40,0.400000,125,2.669164e+01,8.062851e+00,-1.406461e+01,-9.893473e-01,-6.947212e-01,3.861189e-01,2.402439e+11
40,0.400000,126,3.472612e+01,-3.097973e+01,-3.006012e+01,-1.123857e+00,3.203274e-01,6.294746e-01,3.901340e+10
40,0.400000,127,-4.484865e+00,2.547039e+01,3.697185e+01,4.830095e-01,-1.073184e+00,-1.717025e-01,4.546180e+11
40,0.400000,128,2.469968e+00,-2.766613e+00,2.818705e+00,1.781147e-01,-1.078205e+00,-8.525076e-01,1.403353e+11
40,0.400000,129,3.390099e+00,-1.997687e+01,-2.020085e+01,-3.925994e-01,9.030229e-01,7.577954e-01,4.900271e+11
40,0.400000,130,-3.851063e+01,-1.527017e+01,2.198153e+01,1.236512e+00,-3.490281e-02,3.689513e-01,2.655890e+11
40,0.400000,131,3.639452e+01,2.144609e+01,-2.146216e+01,-6.729372e-01,-3.114420e-01,-3.741116e-01,3.764936e+10
40,0.400000,132,8.635588e+00,3.090031e+01,-2.661796e+00,-8.571631e-01,-1.048410e+00,-8.488560e-01,7.883426e+11
40,0.400000,133,-1.997360e+01,-4.256150e+01,4.131838e+01,-8.598374e-02,-2.378198e+00,-1.769730e+00,1.485089e+11
40,0.400000,134,-2.440490e+01,3.666721e+01,1.186211e+01,4.563779e-02,6.599813e-01,-3.044291e+00,3.345036e+11
40,0.400000,135,2.548367e+01,-2.400360e+01,8.621162e+00,1.200766e+00,6.446912e-01,-7.217496e-01,9.380190e+11
40,0.400000,136,-5.804195e+00,-4.652856e+01,4.639922e+01,-7.949908e-01,1.462334e+00,-5.418815e-01,1.568274e+11
40,0.400000,137,-3.684789e+01,-4.999981e+00,4.360711e+01,5.069194e-01,-5.522240e-01,8.207311e-02,2.711714e+11
40,0.400000,138,4.029342e+01,-4.292273e+01,-9.986430e+00,-1.193688e+00,1.474705e+00,-8.497638e-01,5.345388e+11
40,0.400000,139,-3.479867e+01,-1.283429e+01,3.568023e+01,1.222224e+00,2.076681e-01,-2.864267e-01,5.227831e+11
40,0.400000,140,9.304980e+00,-1.844883e+01,-4.186650e+00,-2.142360e+00,-3.652519e-01,1.729241e+00,8.877927e+10
40,0.400000,141,-3.111373e+01,3.602053e+01,-2.744403e+01,-8.083988e-02,-1.029071e+00,-4.927817e-01,7.525700e+11
40,0.400000,142,3.459366e+01,-4.875936e+01,-4.858677e+01,2.500792e-01,-3.565694e-01,2.785703e-01,9.149756e+11
40,0.400000,143,-4.859090e+01,-5.117110e+00,-5.696348e+00,5.828998e-01,7.249013e-01,-6.322616e-02,7.149830e+10
40,0.400000,144,-5.951691e+00,2.398528e+01,7.707995e+00,-9.163543e-01,-1.754014e+00,-5.567634e-01,9.698411e+10
40,0.400000,145,-8.958192e+00,-4.489733e+00,-3.338849e+01,2.505430e-01,-1.424987e-01,-4.448423e-01,9.205582e+11
40,0.400000,146,1.316586e+01,5.889218e+00,1.710276e+01,-7.064894e-01,4.349723e-01,2.370946e-01,2.364863e+11
40,0.400000,147,1.548483e+01,-3.965275e+01,-3.552969e+01,4.234566e-01,9.699463e-01,7.195126e-01,8.314357e+11
40,0.400000,148,-1.370471e+01,3.763368e+01,3.864482e+01,-6.223057e+00,-3.046541e+01,2.835932e+00,8.531978e+11
40,0.400000,149,1.920410e+01,1.108415e+00,4.352690e+01,-1.036135e+00,9.273308e-01,-1.354134e+00,7.074243e+11
40,0.400000,150,-2.137281e+01,-1.419745e-01,1.216853e+01,9.801242e-01,-9.972242e-01,-8.477397e-01,3.995333e+11
40,0.400000,151,1.302232e+01,4.728963e+01,1.244453e+01,-7.335315e-01,-1.571930e+00,5.720828e-01,9.539123e+11
40,0.400000,152,1.300200e+01,-1.499032e+01,2.835917e+01,7.999469e-01,-4.236501e-01,-1.323569e-01,8.011094e+11
40,0.400000,153,3.731145e+01,-3.507174e+01,1.501836e+01,-5.531018e-01,8.270748e-01,-4.867653e-01,6.781305e+11
40,0.400000,154,1.205727e+01,1.944108e+01,-1.239690e+01,5.746838e-01,-8.915577e-01,-6.742916e-01,8.181334e+11
40,0.400000,155,-2.364670e+01,-2.032480e+01,-2.867663e+01,1.071289e+00,2.156834e-03,1.061865e+00,1.864761e+11
40,0.400000,156,-1.393746e+01,9.818158e+00,-3.627231e+01,2.126101e+00,-4.154766e-01,1.938108e+00,9.718925e+11
40,0.400000,157,-3.132487e+01,9.142778e+00,2.691835e+01,-5.153681e-01,2.859957e-01,-5.947194e-01,6.367924e+11
40,0.400000,158,-1.123876e+01,-4.850218e+01,-1.901573e+01,-8.267748e-01,1.095272e+00,5.411706e-01,9.104213e+11
40,0.400000,159,4.051203e+01,1.942718e+01,2.284987e+01,-1.296832e+00,7.027723e-01,4.828920e-01,7.064095e+10
40,0.400000,160,-2.349421e+01,2.657615e+01,-2.609716e+01,3.242711e-01,-6.328460e-01,8.900985e-03,6.032912e+11
40,0.400000,161,-1.857408e+01,-2.104996e+01,6.901772e+00,1.964358e-01,9.425088e-01,-6.145265e-01,5.711481e+11
40,0.400000,162,1.085368e+01,2.645945e+01,-2.994105e+01,-1.187885e+00,1.908613e-01,3.020441e-01,2.304936e+10
40,0.400000,163,-1.660721e+00,-3.017219e+01,4.230976e+01,-2.723692e-01,7.220700e-01,-9.231525e-02,5.667048e+11
40,0.400000,164,3.707580e+01,8.257444e+00,1.260534e+01,-1.268196e+00,-4.552993e-01,5.139612e-01,7.595003e+11
40,0.400000,165,2.116867e+01,-2.640999e+01,-1.399853e+01,-1.403831e+00,7.443387e-01,9.703004e-01,5.382472e+11
40,0.400000,166,-1.070054e+01,-2.341104e+01,-3.999550e+01,-7.454903e-01,-5.547526e-01,2.071360e-01,2.333654e+10
40,0.400000,167,3.046962e+01,3.041912e+01,-4.684998e+01,-7.347012e-01,-1.051523e+00,1.507157e+00,6.879858e+11
40,0.400000,168,3.906362e+01,9.505918e+00,-2.493153e+01,-9.378035e-02,-7.614368e-01,1.012934e+00,9.042254e+11
40,0.400000,169,3.133785e+00,2.364201e+01,1.560714e+01,-6.367323e-01,3.701179e-01,-1.158619e+00,2.874423e+11
40,0.400000,170,-8.304791e-01,4.403440e+01,3.162299e+01,7.962663e-01,-1.204954e+00,3.817990e-01,8.953970e+11
40,0.400000,171,-2.583796e+01,-2.888651e+01,4.104504e+01,-6.746788e-01,-7.645146e-01,4.605356e-01,3.497358e+11
40,0.400000,172,-4.694502e+01,3.828903e+01,-4.728957e+01,1.220135e+00,-4.161895e-01,-8.572821e-03,6.839728e+11
40,0.400000,173,1.613055e+01,-3.499557e+01,8.144508e+00,-5.543942e-01,1.294153e+00,-7.774829e-01,4.527807e+11
40,0.400000,174,3.456766e+01,-2.411832e+01,2.269789e+01,-7.691447e-01,-5.288364e-01,-3.336555e-01,2.292422e+11
40,0.400000,175,-8.144035e+00,-4.272107e+00,-3.849117e+01,7.860839e-02,5.115472e-01,5.661432e-01,7.171573e+11
40,0.400000,176,1.947006e+01,4.597053e+01,-4.448338e+01,4.291511e-01,1.461034e-01,-3.343160e-01,6.392556e+11
40,0.400000,177,-1.722622e+01,-1.387813e+01,-1.797005e+01,1.110638e+00,2.698571e-01,1.140559e+00,1.925805e+11
40,0.400000,178,-1.145985e+01,-3.550465e+01,1.296932e+01,7.752214e-02,2.534858e-01,-6.920221e-01,5.749311e+11
40,0.400000,179,1.063011e+01,3.985397e+01,2.942150e+01,-1.317513e+00,-6.827719e-01,2.576256e-01,6.942111e+11
40,0.400000,180,-4.710764e+01,4.335766e+01,-9.488668e+00,9.242947e-01,2.713568e-01,-8.025934e-02,4.441478e+11
40,0.400000,181,2.273161e+01,5.092976e+00,-4.256272e+01,-1.174344e+00,4.762381e-01,3.199565e-01,5.178276e+10
40,0.400000,182,-8.136072e+00,-2.087095e+01,-2.694291e+01,9.412231e-01,2.787397e-01,1.243174e+00,4.563950e+10
40,0.400000,183,3.398754e+01,-2.852405e+01,1.054390e+01,-7.558694e-01,-6.006636e-01,-3.846648e-01,4.862399e+11
40,0.400000,184,-2.567252e+00,-1.947556e+01,-3.261287e+01,1.411256e-01,-1.728516e-01,6.822248e-01,2.271601e+11
40,0.400000,185,-3.686325e+01,-4.572496e+01,1.595231e+01,1.107346e+00,9.367180e-01,3.566313e-01,9.150349e+11
40,0.400000,186,7.594868e-02,-3.781156e+01,4.534545e+01,6.329163e-01,-1.772969e-01,-8.090609e-01,7.180402e+11
40,0.400000,187,3.502076e+01,-4.593687e+01,2.493580e+01,7.767329e-02,1.249499e-01,-6.235139e-01,1.519375e+11
40,0.400000,188,-1.196514e+01,2.520238e+01,1.263065e+01,1.075897e+00,-1.383339e+00,3.526919e-01,3.575289e+11
40,0.400000,189,-1.988730e+01,-1.266560e+01,6.767661e+00,4.853104e-02,-2.523309e-01,-8.072447e-01,2.952747e+11
40,0.400000,190,-4.955585e+01,4.560030e+01,-3.000428e+01,4.474457e-01,-1.308288e+00,-5.093004e-01,4.205848e+11
40,0.400000,191,-4.862605e-01,-1.589007e+01,-3.657150e+01,-3.304316e-01,-8.207142e-02,1.404420e+00,4.627374e+10
40,0.400000,192,1.404120e+01,-2.580918e+01,-3.156879e+01,2.520165e-01,4.762352e-01,1.470744e+00,8.707648e+11
40,0.400000,193,-4.411208e+01,1.047509e+01,-2.760800e+01,3.628929e-01,9.153228e-01,1.123726e+00,7.911026e+11
40,0.400000,194,-1.106904e+01,-4.756390e+01,-4.238130e+01,-8.265294e-02,1.622101e+00,-4.681877e-02,8.958257e+11
40,0.400000,195,-4.354456e+01,-5.917844e+00,-1.905000e+01,9.589965e-01,7.482985e-01,1.108702e-01,9.054538e+11
40,0.400000,196,-3.339299e+01,-1.785472e+01,4.367124e+01,9.343840e-01,3.324135e-01,-1.439090e+00,8.252100e+11
40,0.400000,197,5.595986e+00,4.246113e+01,1.959117e+01,2.547433e-01,-5.256722e-01,6.799324e-01,9.739365e+11
40,0.400000,198,4.687551e-01,2.052406e+01,2.638312e+01,6.467028e-01,3.316851e-02,-7.012024e-02,2.922832e+11
40,0.400000,199,2.037783e+01,-3.786046e+01,-3.201725e+01,-1.034798e-01,9.140738e-01,-2.026144e-02,3.308485e+11
40,0.400000,200,-1.621772e+01,4.264564e+01,-2.741149e+01,1.977099e-01,-6.825430e-01,-6.849019e-01,3.121395e+11
40,0.400000,201,3.068042e+01,-2.116031e+01,-3.681308e+01,-7.752163e-01,-6.756697e-01,9.622536e-01,9.777802e+11
40,0.400000,202,2.403803e+01,2.337774e+01,4.519035e+01,-8.273193e-01,-4.533632e-01,-7.866742e-02,1.452540e+11
40,0.400000,203,-3.337985e+01,5.536392e+00,-7.662459e+00,1.001373e+00,4.929814e-01,6.110073e-01,6.346513e+11
40,0.400000,204,-2.679255e+01,-4.118740e+01,4.512534e+01,6.429938e-01,-5.246756e-01,-1.253882e+00,7.760998e+10
40,0.400000,205,-2.333620e+01,-1.448773e+01,-1.262300e+01,-4.998990e-01,5.835767e-01,1.373182e-01,4.476423e+11
40,0.400000,206,3.636657e+01,-1.806247e+01,-8.209066e+00,1.503237e+00,-1.224152e+00,-6.204114e-01,8.501877e+11
40,0.400000,207,-1.172514e-01,-4.119831e+01,4.823343e+01,1.834295e-01,1.344551e+00,-1.284927e+00,5.309295e+11
40,0.400000,208,-1.874173e+01,-4.931702e+01,-3.456294e+01,4.691375e-01,-1.530500e-01,-6.195832e-01,1.187708e+11
40,0.400000,209,-3.803102e+01,-2.017879e+01,-3.210309e+01,2.009611e-01,8.709736e-01,2.962436e-01,4.725335e+11
40,0.400000,210,-2.086936e+01,-4.449143e+01,4.075424e+01,-3.550088e-01,9.104285e-01,-5.100867e-01,7.603484e+11
40,0.400000,211,-6.021363e+00,2.015919e+01,1.072274e+01,1.004195e+00,3.658245e-01,1.282395e-01,5.984647e+11
40,0.400000,212,-7.569575e+00,4.937287e+01,-3.805243e+01,2.215075e-01,-1.604289e+00,-1.241503e-01,2.835802e+11
40,0.400000,213,-3.937836e+01,-1.073177e+01,-1.132281e+01,-8.007883e-02,9.844602e-01,1.483822e-01,6.200100e+11
40,0.400000,214,-1.633286e+01,-3.860188e+01,-4.117781e+01,5.726112e-01,-3.701192e-01,1.423296e+00,7.847785e+11
40,0.400000,215,5.061240e+00,-1.821716e+01,3.699413e+00,7.420768e-01,-8.893377e-01,-1.058286e+00,9.179416e+11
40,0.400000,216,3.025095e+01,2.402930e+01,1.230483e+00,-1.062208e+00,1.621449e-01,1.309596e-01,9.634306e+11
40,0.400000,217,2.480021e+01,4.072477e+01,-2.594162e+01,4.823274e-01,-9.003031e-01,3.368680e-01,8.943437e+10
40,0.400000,218,4.828828e+01,-3.111230e+01,1.966091e+01,-9.918600e-01,-1.800119e-01,-4.450857e-01,9.495887e+11
40,0.400000,219,-2.773834e+00,2.679498e+01,2.291101e+01,-8.169089e-01,-1.414105e+00,-8.216566e-01,1.620348e+10
40,0.400000,220,-3.794359e+01,-8.302619e+00,4.220822e+01,1.797294e+00,-5.120164e-01,-5.037828e-01,1.581542e+11
40,0.400000,221,3.964264e+01,-4.282172e+01,-3.880697e+01,-2.377383e-01,1.414755e+00,-9.786883e-02,5.001250e+11
40,0.400000,222,-2.248960e+01,4.734691e+01,7.348238e+00,-3.381309e-01,-1.450077e+00,-4.580675e-01,5.871486e+11
40,0.400000,223,-2.282116e+00,-4.441070e+01,3.057693e+00,8.193996e-01,1.523172e+00,-2.714908e-01,9.728445e+11
40,0.400000,224,4.132875e+01,3.946330e+00,4.812101e+01,-1.363303e+00,8.439279e-01,3.919214e-01,9.545699e+11
40,0.400000,225,-3.894758e+01,-1.631418e+01,-3.972135e+01,-6.116298e-01,5.769456e-02,6.222603e-02,6.555216e+11
40,0.400000,226,-1.193284e+01,7.049081e+00,-3.511388e+01,-5.021484e-01,9.205168e-01,4.115884e-01,9.209091e+11
40,0.400000,227,2.109318e+01,4.892182e+01,-4.895048e-02,-9.269944e-01,-1.542743e+00,-8.614883e-01,1.459728e+11
40,0.400000,228,3.693121e+01,-1.984138e+01,-3.919068e+01,-6.710262e-01,6.740551e-01,-1.034186e-01,8.224266e+11
40,0.400000,229,2.925399e+01,4.886634e+01,2.771974e+01,3.952500e-01,-7.966514e-01,4.766095e-01,9.147538e+11
40,0.400000,230,2.285401e+01,-4.019629e+01,6.747642e+00,-1.060897e+00,1.181875e+00,3.444356e-01,7.733052e+11
40,0.400000,231,-2.860717e+01,-6.519236e+00,1.877774e+01,1.161296e+00,-1.956492e-01,-1.052726e+00,1.206274e+11
40,0.400000,232,-2.555534e+00,-2.690224e+01,-2.510568e+01,-1.182856e-01,7.344856e-01,1.959698e-01,1.410628e+11
40,0.400000,233,-1.396118e+01,-5.275385e+00,4.535704e+01,-6.609591e-01,-1.353179e-01,-1.652685e-01,6.652347e+10
40,0.400000,234,2.661471e+01,1.074324e+01,4.701841e+01,-3.227916e-01,1.850063e-01,-4.623762e-01,6.161672e+11
40,0.400000,235,-1.340586e+01,-2.475059e+01,-1.196751e+01,4.087316e-01,8.781262e-01,-6.458524e-01,5.036735e+11
40,0.400000,236,-3.832272e+01,-2.311442e+01,1.132547e+01,6.475867e-01,1.063129e-01,7.062280e-01,9.359183e+11
40,0.400000,237,-4.736595e+01,-2.792905e+01,-4.353824e+01,2.519343e-01,7.595836e-01,-5.700350e-01,5.471736e+11
40,0.400000,238,-3.908904e+01,2.467991e+01,9.952501e+00,1.297001e+00,-5.252621e-01,-2.182740e-01,3.771310e+11
40,0.400000,239,-4.438697e+01,-3.928762e+01,4.811802e+01,2.354236e-01,3.769590e-02,-6.968710e-01,9.955339e+11
40,0.400000,240,-4.581142e+01,-5.726295e+00,-9.483960e-01,9.181205e-02,5.143094e-01,-1.021621e+00,7.510233e+11
40,0.400000,241,-2.937611e+01,4.602786e+01,1.851317e+01,-1.169434e-01,-1.236305e+00,1.798225e-01,6.268900e+11
40,0.400000,242,3.515437e+01,2.717546e+01,-3.315567e+01,4.653531e-01,-2.156966e-01,8.231361e-01,8.273594e+11
40,0.400000,243,3.772128e+01,-1.646394e+01,-3.060205e+01,1.244161e-01,-2.512235e-01,-5.973752e-01,3.584803e+11
40,0.400000,244,3.028418e+01,5.006968e+00,-1.497477e+01,1.014291e-01,1.046771e+00,6.959183e-01,1.241163e+10
40,0.400000,245,1.988280e+01,4.485029e+01,2.498248e+01,4.208231e-01,3.462719e-01,-4.213103e-01,1.463085e+11
40,0.400000,246,-4.025701e+01,-3.093946e+01,2.633037e+01,1.420527e+00,1.295125e+00,4.051480e-01,8.964686e+11
40,0.400000,247,-2.181330e+00,1.875996e+01,2.237144e+01,-3.777525e-02,-1.216170e+00,5.018080e-01,2.924671e+11
40,0.400000,248,-3.128852e+00,-4.000584e+01,1.395899e+01,-1.046059e+00,1.140544e+00,1.589548e-01,1.261501e+11
40,0.400000,249,1.283587e+01,3.279073e+01,-3.765495e+01,-4.618643e-01,1.919516e-01,1.095309e+00,2.379907e+11
40,0.400000,250,1.843973e+01,-1.948210e+01,-1.348211e+01,2.146110e-01,-1.113553e-01,-6.565423e-01,7.201153e+11
40,0.400000,251,-4.658930e+00,-4.403006e+01,1.107589e+01,9.087365e-01,1.679859e+00,-6.335659e-01,2.899633e+11
40,0.400000,252,2.682799e+01,-2.482140e+01,6.938458e+00,-3.017265e+00,7.171352e-01,1.421647e+00,5.248417e+11
40,0.400000,253,4.906419e+01,-3.131460e+01,1.405139e+01,-6.160504e-01,-7.269578e-01,1.056276e+00,9.483032e+11
40,0.400000,254,2.885803e+01,1.308639e+01,-3.205760e+01,-3.132386e-01,6.564391e-01,5.696416e-01,2.554059e+11
40,0.400000,255,-7.183794e+00,1.763659e+01,4.642381e+01,9.063983e-01,3.063165e-01,-6.065971e-01,8.053693e+11
50,0.500000,0,-4.647426e+01,-1.729308e+01,1.869617e+01,8.520345e-01,-5.725388e-01,-9.597962e-01,6.401929e+11
50,0.500000,1,3.604575e+01,-1.954453e+01,-4.733539e+01,-9.782493e-01,6.253399e-01,1.032139e+00,1.443711e+11
50,0.500000,2,-3.915813e+01,2.605163e+01,-4.139397e+01,5.619464e-01,-1.848402e-01,1.256862e+00,9.819425e+11
50,0.500000,3,-2.795495e+01,-4.463479e+00,2.016157e+00,4.876098e-01,2.742664e-01,1.506928e-01,6.325852e+11
50,0.500000,4,2.986963e+01,8.742698e+00,-2.199527e+01,3.731863e-01,6.560140e-01,1.175415e+00,2.595639e+11
50,0.500000,5,-3.737421e+01,-2.833535e+01,3.913025e+01,1.548869e+00,4.069990e-01,2.453472e-01,3.550747e+11
50,0.500000,6,-2.174468e+01,-2.620711e+01,-1.446055e+00,2.082183e-01,1.603802e+00,3.646340e-01,9.408660e+11
50,0.500000,7,5.908370e+00,-1.879471e+01,4.194985e+01,3.855011e-01,6.004209e-01,-8.795859e-01,3.559480e+11
50,0.500000,8,-1.847671e+01,-3.276406e+01,4.736994e+01,-6.849980e-01,7.435399e-01,-1.337460e+00,9.451388e+11
50,0.500000,9,1.655670e+01,-2.775162e+01,-3.088682e+01,-1.051752e+00,1.766008e+00,-1.287285e+00,7.724363e+11
50,0.500000,10,4.472929e+01,4.949476e+01,-3.796411e+01,-1.023074e+00,-1.025033e+00,4.536389e-01,6.268507e+11
50,0.500000,11,-2.737506e+01,-3.291529e+01,6.330049e+00,9.734176e-01,7.887921e-01,5.899173e-03,5.592105e+11
50,0.500000,12,-2.563070e+01,4.206306e+01,4.065773e+01,6.214288e-01,-1.350060e+00,1.955859e-01,6.788947e+11
50,0.500000,13,3.490672e+01,-3.624004e+01,1.250767e+01,3.462850e-01,1.104507e+00,1.318475e+00,3.084166e+11
50,0.500000,14,2.894420e+01,4.048129e+01,-4.304239e+01,6.455353e-02,2.487846e-01,-1.830330e-01,9.733405e+11
50,0.500000,15,-3.690216e+01,2.956810e+01,9.199111e+00,1.264542e-01,6.198701e-02,-9.717968e-01,1.416391e+11
50,0.500000,16,-5.661408e+00,1.456555e+01,1.874806e+01,8.326600e-01,1.691031e-01,-2.688895e-01,2.504219e+11
50,0.500000,17,1.671004e+01,-2.258278e+00,4.180732e+01,3.166214e-01,9.927876e-01,-2.443712e-01,3.903781e+10
50,0.500000,18,4.640743e+01,-1.466244e+01,-1.728767e+01,-5.153569e-01,-3.837070e-01,-1.297489e+00,4.966162e+11
50,0.500000,19,-3.417567e+01,8.946959e+00,-4.126397e+00,1.410144e-01,-1.034841e+00,-1.481935e+00,6.477329e+11
50,0.500000,20,-1.487781e+01,-2.753576e+01,2.753548e+01,6.881518e-01,1.016386e+00,-6.356091e-01,4.759095e+11
50,0.500000,21,-6.786846e+00,-4.404958e+01,2.131809e+01,-7.821738e-01,1.004687e+00,-3.663828e-01,6.206205e+11
50,0.500000,22,-3.615007e+01,-3.271891e+01,1.503617e+01,-3.321386e-01,7.779053e-01,7.493038e-01,8.590683e+11
50,0.500000,23,2.874309e+01,-1.168736e+01,-1.471238e+01,4.127081e-01,6.247755e-01,8.462804e-01,2.411941e+11
50,0.500000,24,-1.210279e+01,4.418386e+01,3.790312e+01,1.243412e+01,5.008319e+01,-6.054541e+00,4.991982e+11
50,0.500000,25,4.577110e+01,-3.827657e+01,4.653099e+01,-6.717722e-01,-3.518251e-01,-1.253770e-01,5.033507e+11
50,0.500000,26,2.114046e+01,-1.904360e+01,-3.800426e+01,7.613078e-01,-2.116258e-01,1.393081e+00,9.549150e+11
50,0.500000,27,-4.882074e+01,2.338909e+01,3.074709e+01,1.224378e+00,-9.235497e-01,-1.168963e+00,7.372700e+11
50,0.500000,28,-4.104405e+01,4.775418e+01,4.705032e+01,2.638437e-01,3.017078e-01,2.609067e-01,1.609882e+11
50,0.500000,29,4.462176e+01,1.822156e-01,1.469492e+01,-6.063993e-02,2.080762e-01,-9.709418e-02,3.073316e+11
50,0.500000,30,2.965625e+01,-2.092387e+01,3.018586e+01,-1.531641e-01,2.460407e-01,4.577014e-01,3.601952e+11
50,0.500000,31,-4.233133e+01,1.729617e+01,-1.957847e+01,-8.732734e-01,-6.349537e-01,-8.733331e-01,8.806104e+11
50,0.500000,32,3.094207e+00,-2.195445e+01,1.123278e+01,-5.500886e-02,2.727299e-02,-8.249831e-01,7.577617e+10
50,0.500000,33,-3.968755e+01,-6.711958e+00,-2.756586e+01,-3.541568e-01,1.087571e+00,1.421694e+00,9.553864e+11
50,0.500000,34,4.681874e+00,-2.080820e+00,-2.484769e+01,-6.115978e-01,3.418325e-01,-6.109865e-01,8.522392e+11
50,0.500000,35,-1.348139e+01,4.666255e+01,-2.946302e+01,-3.981758e-01,-7.130267e-01,3.235068e-01,5.397793e+11
50,0.500000,36,-4.407912e+01,1.362038e+01,-9.081981e+00,1.128579e+00,4.748013e-01,-1.192269e+00,2.139899e+11
50,0.500000,37,-3.307026e+01,1.056065e+01,-2.265095e+01,-3.126269e-01,-1.118544e+00,4.095787e-01,3.347481e+11
50,0.500000,38,4.649508e+01,-1.397487e+01,-2.142111e+01,-1.009074e+00,5.910241e-01,1.067014e+00,8.640105e+11
50,0.500000,39,1.035860e+01,9.419385e+00,2.150173e+01,2.145320e-01,6.715366e-01,-1.709640e-01,4.202074e+11
50,0.500000,40,-2.996922e+01,-7.450912e+00,4.459730e+01,-4.667896e-01,-1.143601e+00,-1.119013e+00,8.465549e+11
50,0.500000,41,4.724944e+01,-1.126530e+01,-4.491336e+01,-1.506563e+00,-1.095469e+00,2.686564e-01,4.323726e+11
50,0.500000,42,-4.615102e+01,3.103308e+01,2.493517e+01,-4.426425e-01,-1.199631e+00,-1.194250e+00,5.308005e+11
50,0.500000,43,-4.896603e+01,7.235109e+00,-1.153487e+01,1.455297e+00,-7.410356e-01,-8.237041e-01,5.782562e+11
50,0.500000,44,2.322072e+01,-4.782717e+01,4.893919e+01,8.305545e-01,7.900717e-01,-4.340370e-01,1.973164e+11
50,0.500000,45,1.413967e+00,-1.953970e+01,-4.674309e+01,7.748719e-02,7.079435e-01,1.532582e-01,6.448413e+11
50,0.500000,46,1.996623e+01,-9.477713e+00,-4.266190e+01,3.039951e-01,-8.813173e-01,1.533553e+00,7.517344e+11
50,0.500000,47,-1.054968e+01,3.579736e+01,-2.226246e+01,-3.392393e-01,-7.487771e-01,5.036887e-01,1.869212e+10
50,0.500000,48,1.021621e+01,2.679473e+01,8.278512e+00,-4.365744e-01,1.801779e-01,-1.303905e-01,2.700369e+11
50,0.500000,49,-2.612546e+01,1.196761e+00,-4.810062e+00,3.981726e-01,5.890181e-01,3.498560e-02,2.500715e+11
50,0.500000,50,1.393636e-01,7.677445e+00,3.859980e+01,-9.500649e-01,1.221743e+00,-6.097026e-03,9.432443e+11
50,0.500000,51,-2.939472e+01,2.747278e+01,1.952758e+01,6.226729e-01,-5.338123e-02,4.260952e-01,1.176473e+10
50,0.500000,52,-4.266399e+01,1.295379e+01,-4.860636e+01,8.041911e-01,-4.460481e-01,1.144717e+00,1.653365e+10
50,0.500000,53,-3.162045e+01,-3.319909e+01,-2.277754e+01,3.696090e-01,1.058428e+00,7.369391e-01,1.785078e+11
50,0.500000,54,-1.051505e+00,-2.877756e+01,-8.912006e+00,1.133028e+00,1.429375e+00,-3.262876e-01,2.004294e+11
50,0.500000,55,2.634498e+01,-2.542799e+01,-3.608561e+01,9.857573e-01,-1.540039e-03,9.565198e-01,5.669171e+11
50,0.500000,56,1.572273e+01,2.917165e+01,6.462455e+00,-2.280301e-01,-7.930812e-01,-2.397562e-02,4.076879e+11
50,0.500000,57,3.160609e+01,-3.314925e+01,-8.959694e+00,-1.580982e+00,4.344369e-01,4.806386e-01,4.312513e+11
50,0.500000,58,-4.914002e+01,-1.002478e+01,9.007304e+00,9.984313e-01,2.108138e-01,-1.270576e+00,4.849411e+11
50,0.500000,59,-1.187169e+01,-1.947796e+01,1.734335e+01,-5.756514e-01,3.637280e-02,-6.324661e-02,1.149010e+11
50,0.500000,60,7.206410e+00,1.324551e+01,1.660045e+01,-7.391616e-01,-4.784417e-01,-4.635037e-01,9.595409e+11
50,0.500000,61,3.539847e+01,3.108470e+01,-1.362618e+01,-1.203610e-01,3.130797e-01,6.204590e-01,6.848882e+11
50,0.500000,62,-1.917416e+01,-4.908251e+00,-3.884952e+01,2.132238e-01,9.859644e-01,1.290919e+00,8.069937e+11
50,0.500000,63,-4.598179e+00,2.045460e+01,-2.095436e+01,3.964896e-01,-1.741547e+00,1.347101e+00,9.792860e+11
50,0.500000,64,6.541578e+00,2.620022e+01,-4.106852e+01,-8.066306e-01,-5.869560e-01,1.190298e+00,3.827067e+11
50,0.500000,65,3.271596e+01,4.872793e+01,-1.619863e+01,3.959715e-02,-2.093757e-01,5.665720e-01,3.619760e+11
50,0.500000,66,2.643299e+01,-3.133199e+00,-4.640184e+01,-1.419240e+00,4.166608e-01,1.943929e-01,3.994544e+11
50,0.500000,67,2.542145e+01,3.467518e+01,-3.013057e+01,-8.096185e-01,-3.565215e-01,1.383937e-01,5.442740e+10
50,0.500000,68,7.117871e+00,-6.310008e+00,-4.773549e+01,-8.002163e-01,-6.808277e-01,2.404981e-01,2.957701e+11
50,0.500000,69,1.001705e+01,3.654088e+01,1.598707e+01,-6.176476e-01,4.589529e-01,-1.092792e+00,1.167891e+11
50,0.500000,70,1.409693e+01,1.932275e+01,-3.700019e+00,-6.198027e-01,-8.997234e-01,-1.570102e-01,4.967515e+11
50,0.500000,71,-4.203948e+01,1.446214e+01,3.792935e+01,1.148715e+00,-1.676363e-01,-1.461909e+00,5.137580e+10
50,0.500000,72,-4.459248e+01,6.152916e+00,-4.152174e+01,8.889653e-01,-1.082367e+00,7.815584e-03,7.726057e+11
50,0.500000,73,-2.851261e+01,-2.833340e+01,-4.370470e+01,9.700398e-01,-3.532086e-01,1.131877e+00,2.488388e+11
50,0.500000,74,4.295558e+01,2.233570e+01,-1.476343e+01,-7.250541e-01,-4.263878e-01,6.719100e-01,9.871696e+11
50,0.500000,75,8.569092e+00,-1.818670e+01,-2.309412e+00,6.774493e-02,1.027145e+00,-5.106770e-01,4.976270e+11
50,0.500000,76,-4.891410e+00,-5.794183e+00,3.528285e+00,1.490027e-01,-1.104401e+00,1.318680e-01,1.367471e+11
50,0.500000,77,-4.807136e+01,2.355939e+01,4.008788e+01,-5.470103e-02,6.787432e-01,1.245982e-01,5.415200e+10
50,0.500000,78,-4.567993e+01,1.785765e+01,-2.109443e+01,3.095632e+00,-9.623627e-01,1.057744e+00,5.430842e+11
50,0.500000,79,3.255550e+01,-5.061581e+00,2.008576e+00,-8.783341e-01,2.423639e-01,-1.173775e+00,8.204332e+10
50,0.500000,80,2.144996e+01,-1.296598e+01,6.055751e+00,-1.083707e+00,3.187329e-01,-1.098775e+00,6.747451e+11
50,0.500000,81,3.311712e+01,2.193291e+01,3.002431e+01,1.023697e-01,-4.407470e-01,-8.374217e-02,9.074988e+10
50,0.500000,82,-9.809640e+00,1.504397e+01,-3.723672e+01,-5.495980e-01,-1.558473e+00,7.639108e-01,4.073997e+11
50,0.500000,83,2.426726e+01,-4.520765e+01,4.386949e+01,-1.602190e-01,3.820972e-01,-3.996265e-01,9.840897e+11
50,0.500000,84,-2.383605e+01,-2.712515e+00,-4.388602e+01,1.657217e+00,6.290222e-01,1.519383e+00,1.521259e+11
50,0.500000,85,1.513105e+01,2.201965e+01,3.145203e+01,-5.611327e-01,-4.766066e-01,-4.160410e-01,3.386434e+11
50,0.500000,86,3.838861e+01,-1.811262e+01,-8.521672e+00,-4.608634e+00,1.573053e+00,5.080413e-01,7.379025e+11
50,0.500000,87,-1.997607e+01,4.550254e+01,-3.657963e+01,-5.938228e-01,3.397087e-01,-1.563791e-01,6.214974e+11
50,0.500000,88,-4.268008e-01,3.702678e+00,1.026751e+01,5.336965e-01,-9.876496e-01,1.142691e-01,7.250250e+11
50,0.500000,89,3.477349e+01,-2.242887e+01,3.656983e+01,-5.575144e-01,-8.504430e-01,-3.926898e-01,9.841486e+11
50,0.500000,90,-5.639750e+00,-2.027356e+01,-1.809433e+01,-5.068810e-03,5.480787e-01,7.770813e-01,6.410113e+11
50,0.500000,91,7.873297e+00,-2.322252e+01,-1.270191e+01,6.869412e-01,-8.131602e-03,1.192098e-01,9.265595e+11
50,0.500000,92,-2.778792e+01,8.104389e+00,3.855727e+00,5.920937e-01,-1.176012e+00,-1.255129e+00,4.663684e+11
50,0.500000,93,-3.543412e+01,2.980557e+01,-3.200941e+01,1.526560e+00,-1.292533e+00,-4.335669e-01,4.955633e+11
50,0.500000,94,-4.120756e+01,2.234885e+01,-2.340365e+00,7.977650e-01,-1.588093e+00,2.769995e-01,8.705549e+11
50,0.500000,95,1.288969e+01,2.232743e+00,1.035344e+00,-9.985274e-01,4.012077e-01,7.302115e-01,9.622928e+10
50,0.500000,96,-4.911579e+01,-1.063434e+01,-4.847426e+01,9.161167e-02,1.078308e+00,8.096494e-01,9.427947e+11
50,0.500000,97,-3.991904e+01,1.999489e+01,-9.560477e+00,-6.264078e-02,-6.273708e-01,3.092044e-01,2.378005e+11
50,0.500000,98,8.904382e+00,1.319775e+01,2.134344e+01,-1.739314e-01,-1.126220e+00,-2.207644e+00,2.124703e+11
50,0.500000,99,-1.140821e+01,4.839563e+01,-4.231624e+01,-8.876460e-01,-5.950387e-01,1.050949e+00,2.390804e+11
50,0.500000,100,-2.070411e+01,-3.689808e+00,-1.825787e+01,-1.821953e-01,6.799358e-01,-9.532004e-02,5.384811e+11
50,0.500000,101,3.255441e+01,3.869107e+01,-2.051718e+00,2.998734e-01,-5.299557e-01,6.205874e-01,1.748765e+11
50,0.500000,102,-4.021374e+01,-3.860678e+00,-1.073568e+01,1.065889e+00,-9.153475e-01,-8.396270e-01,3.636566e+11
50,0.500000,103,-2.908963e+00,-1.893235e+01,6.210550e+00,1.070979e+00,-2.240929e-01,-1.237296e-01,8.815427e+11
50,0.500000,104,2.965564e+01,-2.785951e+01,-3.863200e+01,-1.773170e+00,1.858581e+00,9.428595e-01,4.076780e+11
50,0.500000,105,2.144680e+00,2.620505e+01,4.323087e+01,-6.391813e-01,-1.334096e-01,-1.090225e+00,2.787389e+11
50,0.500000,106,-2.610044e+01,-2.058071e+01,-5.791829e+00,4.026405e-01,8.410153e-01,9.618203e-01,2.572584e+10
50,0.500000,107,3.541365e+01,4.481199e+01,-1.229227e+01,-9.909537e-01,-1.011994e+00,7.201560e-01,1.891098e+11
50,0.500000,108,5.971532e+00,7.239244e+00,-4.398294e+01,-5.443173e-01,2.452820e-01,2.023005e-01,4.675114e+11
50,0.500000,109,-3.114989e+00,1.005369e+01,3.660948e+01,1.877641e+00,-8.448049e-01,3.671655e-01,3.388526e+11
50,0.500000,110,-4.852865e+01,-2.876891e+01,9.919047e+00,6.123904e-01,5.537450e-01,-8.558378e-01,5.903224e+11
50,0.500000,111,-2.450601e+01,3.747414e+01,1.118365e+01,-3.265696e-01,-2.552422e+00,3.683168e+00,4.452219e+11
50,0.500000,112,-4.045148e+01,4.082203e+01,1.218647e+01,9.929802e-01,-6.771216e-01,1.709744e-01,2.853614e+10
50,0.500000,113,-2.304461e+01,3.528930e+01,-2.052869e+00,6.891999e-01,-6.712506e-01,-2.464552e-01,7.170312e+11
50,0.500000,114,3.250976e+01,-3.559318e+01,-4.499834e+01,1.969772e-01,2.963678e-01,1.149810e+00,9.954927e+10
50,0.500000,115,3.510934e+01,1.912081e+01,1.734072e+01,-1.418238e+00,-2.841050e-01,-8.419001e-01,2.380470e+11
50,0.500000,116,-1.040147e+01,-2.487596e+01,1.662747e+01,2.860626e-02,-3.961459e-01,-1.042628e+00,1.507227e+11
50,0.500000,117,1.483163e+01,4.737802e+01,-3.372909e+01,7.696860e-01,-5.162139e-02,4.502075e-01,6.431268e+11
50,0.500000,118,-2.182826e+01,4.805490e+01,-1.471810e+01,-5.977857e-01,-1.587943e+00,-1.509727e-01,9.459461e+11
50,0.500000,119,-1.664114e+00,-4.461014e+01,-4.602165e+01,-4.818308e-01,1.058617e+00,1.133570e+00,4.620788e+11
50,0.500000,120,-1.883911e+01,4.864026e+01,1.846469e+01,4.423874e-01,-1.391882e+00,-6.452928e-01,2.016909e+11
50,0.500000,121,-9.502135e+00,1.482435e+01,-1.645027e+01,-7.163279e-01,7.314266e-02,-1.041899e-01,9.647202e+11
50,0.500000,122,-5.145379e+00,-3.642798e+01,1.082364e+01,2.036421e-01,-3.208810e-01,8.213258e-01,8.417609e+11
50,0.500000,123,-2.420777e+01,-1.432778e+01,2.875405e+01,6.013674e-01,-1.767497e-01,1.591205e-01,9.167391e+10
50,0.500000,124,-3.491092e+01,3.396910e+00,3.465281e+00,7.237713e-01,-2.457139e-02,-1.239116e+00,1.725398e+11
50,0.500000,125,2.658793e+01,7.991255e+00,-1.402597e+01,-1.076068e+00,-7.333048e-01,3.865878e-01,2.402439e+11
50,0.500000,126,3.460375e+01,-3.093842e+01,-2.999685e+01,-1.305642e+00,4.893059e-01,6.351598e-01,3.901340e+10
50,0.500000,127,-4.435617e+00,2.535881e+01,3.694814e+01,4.997829e-01,-1.150834e+00,-2.903197e-01,4.546180e+11
50,0.500000,128,2.485554e+00,-2.875933e+00,2.733511e+00,1.377349e-01,-1.105635e+00,-8.515165e-01,1.403353e+11
50,0.500000,129,3.350801e+00,-1.988474e+01,-2.011898e+01,-3.932791e-01,9.360959e-01,8.683624e-01,4.900271e+11
50,0.500000,130,-3.838243e+01,-1.527522e+01,2.201215e+01,1.319487e+00,-6.328334e-02,2.548322e-01,2.655890e+11
50,0.500000,131,3.632279e+01,2.141129e+01,-2.149541e+01,-7.536993e-01,-3.779469e-01,-2.984546e-01,3.764936e+10
50,0.500000,132,8.548721e+00,3.078687e+01,-2.744853e+00,-8.780845e-01,-1.204920e+00,-8.156162e-01,7.883426e+11
50,0.500000,133,-2.000761e+01,-4.284581e+01,4.112100e+01,-5.924636e-01,-3.275417e+00,-2.152673e+00,1.485089e+11
50,0.500000,134,-2.440479e+01,3.681790e+01,1.147955e+01,-1.102496e-01,2.648073e+00,-4.633285e+00,3.345036e+11
50,0.500000,135,2.562260e+01,-2.395238e+01,8.514724e+00,1.562063e+00,3.725206e-01,-1.392679e+00,9.380190e+11
50,0.500000,136,-5.881757e+00,-4.637175e+01,4.633899e+01,-7.596596e-01,1.654639e+00,-6.519477e-01,1.568274e+11
50,0.500000,137,-3.678770e+01,-5.063935e+00,4.360639e+01,6.803577e-01,-7.115145e-01,-8.078371e-02,2.711714e+11
50,0.500000,138,4.016683e+01,-4.276683e+01,-1.007010e+01,-1.325090e+00,1.627951e+00,-8.259713e-01,5.345388e+11
50,0.500000,139,-3.467063e+01,-1.281427e+01,3.564945e+01,1.328153e+00,1.938923e-01,-3.249638e-01,5.227831e+11
50,0.500000,140,9.071267e+00,-1.848016e+01,-3.970176e+00,-2.500927e+00,-2.538746e-01,2.564178e+00,8.877927e+10
50,0.500000,141,-3.111797e+01,3.590848e+01,-2.749082e+01,-1.102573e-02,-1.195556e+00,-4.476209e-01,7.525700e+11
50,0.500000,142,3.461519e+01,-4.878838e+01,-4.855286e+01,1.868367e-01,-2.358905e-01,3.884237e-01,9.149756e+11
50,0.500000,143,-4.851488e+01,-5.043586e+00,-5.697644e+00,9.058703e-01,7.433752e-01,2.891345e-02,7.149830e+10
50,0.500000,144,-6.042644e+00,2.379747e+01,7.658754e+00,-9.028724e-01,-1.979890e+00,-4.379372e-01,9.698411e+10
50,0.500000,145,-8.932363e+00,-4.500589e+00,-3.343648e+01,2.647758e-01,-8.027238e-02,-5.094662e-01,9.205582e+11
50,0.500000,146,1.308603e+01,5.936920e+00,1.712471e+01,-8.737029e-01,5.118213e-01,2.052164e-01,2.364863e+11
50,0.500000,147,1.552851e+01,-3.954354e+01,-3.545017e+01,4.477990e-01,1.192289e+00,8.573090e-01,8.314357e+11
50,0.500000,148,-1.431918e+01,3.460565e+01,3.891928e+01,-6.114503e+00,-3.027861e+01,2.683555e+00,8.531978e+11
50,0.500000,149,1.909705e+01,1.201068e+00,4.338367e+01,-1.098724e+00,9.257553e-01,-1.496374e+00,7.074243e+11
50,0.500000,150,-2.127282e+01,-2.433501e-01,1.207771e+01,1.016101e+00,-1.027332e+00,-9.576767e-01,3.995333e+11
50,0.500000,151,1.294469e+01,4.712232e+01,1.250241e+01,-8.114010e-01,-1.756026e+00,5.843873e-01,9.539123e+11
50,0.500000,152,1.307948e+01,-1.503138e+01,2.833928e+01,7.541310e-01,-3.998424e-01,-2.534467e-01,8.011094e+11
50,0.500000,153,3.724581e+01,-3.498247e+01,1.495994e+01,-7.427456e-01,9.454386e-01,-6.651910e-01,6.781305e+11
50,0.500000,154,1.211148e+01,1.934790e+01,-1.245996e+01,5.153070e-01,-9.648506e-01,-5.948583e-01,8.181334e+11
50,0.500000,155,-2.353553e+01,-2.031835e+01,-2.856491e+01,1.144725e+00,1.155300e-01,1.162580e+00,1.864761e+11
50,0.500000,156,-1.370640e+01,9.752798e+00,-3.606213e+01,2.467699e+00,-8.622978e-01,2.238846e+00,9.718925e+11
50,0.500000,157,-3.137146e+01,9.168796e+00,2.685286e+01,-4.252865e-01,2.390731e-01,-7.041194e-01,6.367924e+11
50,0.500000,158,-1.131924e+01,-4.838331e+01,-1.895931e+01,-7.868305e-01,1.265235e+00,5.830093e-01,9.104213e+11
50,0.500000,159,4.037369e+01,1.949364e+01,2.289288e+01,-1.454089e+00,6.333681e-01,3.870034e-01,7.064095e+10
50,0.500000,160,-2.346061e+01,2.650780e+01,-2.609261e+01,3.454878e-01,-7.249951e-01,7.556756e-02,6.032912e+11
50,0.500000,161,-1.855194e+01,-2.095305e+01,6.836145e+00,2.417516e-01,9.907817e-01,-6.905467e-01,5.711481e+11
50,0.500000,162,1.073219e+01,2.647348e+01,-2.990690e+01,-1.237034e+00,9.886166e-02,3.739788e-01,2.304936e+10
50,0.500000,163,-1.688697e+00,-3.010061e+01,4.229493e+01,-2.857543e-01,7.106712e-01,-1.942256e-01,5.667048e+11
50,0.500000,164,3.694146e+01,8.209758e+00,1.265376e+01,-1.404966e+00,-4.944692e-01,4.597954e-01,7.595003e+11
50,0.500000,165,2.102180e+01,-2.632542e+01,-1.390003e+01,-1.522055e+00,9.293130e-01,9.969780e-01,5.382472e+11
50,0.500000,166,-1.077186e+01,-2.346132e+01,-3.996643e+01,-6.867929e-01,-4.603901e-01,3.591025e-01,2.333654e+10
50,0.500000,167,3.039187e+01,3.031314e+01,-4.669102e+01,-8.123950e-01,-1.066573e+00,1.656904e+00,6.879858e+11
50,0.500000,168,3.904561e+01,9.428044e+00,-2.482650e+01,-2.507560e-01,-7.928978e-01,1.080861e+00,9.042254e+11
50,0.500000,169,3.068229e+00,2.367125e+01,1.548858e+01,-6.710077e-01,2.287930e-01,-1.207767e+00,2.874423e+11
50,0.500000,170,-7.504391e-01,4.390522e+01,3.165493e+01,8.038066e-01,-1.362217e+00,2.681354e-01,8.953970e+11
50,0.500000,171,-2.590222e+01,-2.896027e+01,4.108546e+01,-6.161075e-01,-7.154754e-01,3.580384e-01,3.497358e+11
50,0.500000,172,-4.681769e+01,3.824217e+01,-4.728428e+01,1.316967e+00,-5.115954e-01,1.032125e-01,6.839728e+11
50,0.500000,173,1.607582e+01,-3.485886e+01,8.063158e+00,-5.413324e-01,1.426792e+00,-8.429157e-01,4.527807e+11
50,0.500000,174,3.448473e+01,-2.417036e+01,2.265869e+01,-8.783813e-01,-5.134567e-01,-4.399269e-01,2.292422e+11
50,0.500000,175,-8.139632e+00,-4.218945e+00,-3.841296e+01,1.546789e-02,5.475767e-01,9.604028e-01,7.171573e+11
50,0.500000,176,1.951290e+01,4.597774e+01,-4.451001e+01,4.278625e-01,1.161401e-02,-2.106538e-01,6.392556e+11
50,0.500000,177,-1.711327e+01,-1.384777e+01,-1.785149e+01,1.144976e+00,3.310161e-01,1.222279e+00,1.925805e+11
50,0.500000,178,-1.144349e+01,-3.547331e+01,1.289485e+01,2.344927e-01,3.623265e-01,-7.872913e-01,5.749311e+11
50,0.500000,179,1.049304e+01,3.978029e+01,2.943952e+01,-1.414333e+00,-7.809807e-01,1.167501e-01,6.942111e+11
50,0.500000,180,-4.700854e+01,4.337778e+01,-9.496776e+00,1.045636e+00,1.438422e-01,-8.177037e-02,4.441478e+11
50,0.500000,181,2.261028e+01,5.135926e+00,-4.252328e+01,-1.245171e+00,3.912721e-01,4.554155e-01,5.178276e+10
50,0.500000,182,-8.037272e+00,-2.083751e+01,-2.681122e+01,1.026320e+00,3.799115e-01,1.377319e+00,4.563950e+10
50,0.500000,183,3.390302e+01,-2.858180e+01,1.050330e+01,-9.181093e-01,-5.584276e-01,-4.228198e-01,4.862399e+11
50,0.500000,184,-2.551155e+00,-1.948795e+01,-3.253733e+01,1.772567e-01,-8.377676e-02,8.154304e-01,2.271601e+11
50,0.500000,185,-3.674719e+01,-4.562078e+01,1.598648e+01,1.204262e+00,1.127817e+00,3.295757e-01,9.150349e+11
50,0.500000,186,1.362695e-01,-3.783000e+01,4.526314e+01,5.784456e-01,-1.915178e-01,-8.328025e-01,7.180402e+11
50,0.500000,187,3.502433e+01,-4.591595e+01,2.486880e+01,1.304714e-03,2.782961e-01,-7.080209e-01,1.519375e+11
50,0.500000,188,-1.185207e+01,2.505694e+01,1.266248e+01,1.175839e+00,-1.512864e+00,2.899603e-01,3.575289e+11
50,0.500000,189,-1.987980e+01,-1.269208e+01,6.683346e+00,9.667707e-02,-2.751301e-01,-8.724936e-01,2.952747e+11
50,0.500000,190,-4.950493e+01,4.546293e+01,-3.005281e+01,5.597701e-01,-1.427230e+00,-4.656247e-01,4.205848e+11
50,0.500000,191,-5.196042e-01,-1.589615e+01,-3.642210e+01,-3.358989e-01,-4.340864e-02,1.567550e+00,4.627374e+10
50,0.500000,192,1.408645e+01,-2.577119e+01,-3.141211e+01,6.245141e-01,2.948020e-01,1.642437e+00,8.707648e+11
50,0.500000,193,-4.406680e+01,1.056632e+01,-2.748771e+01,5.266917e-01,9.100395e-01,1.268248e+00,7.911026e+11
50,0.500000,194,-1.107556e+01,-4.739241e+01,-4.238040e+01,-5.099749e-02,1.790918e+00,5.485940e-02,8.958257e+11
50,0.500000,195,-4.343699e+01,-5.840411e+00,-1.903580e+01,1.171243e+00,7.956464e-01,1.672793e-01,9.054538e+11
50,0.500000,196,-3.329509e+01,-1.781835e+01,4.351792e+01,1.015545e+00,3.894333e-01,-1.610292e+00,8.252100e+11
50,0.500000,197,5.621853e+00,4.240055e+01,1.965710e+01,2.619235e-01,-6.713512e-01,6.422769e-01,9.739365e+11
50,0.500000,198,5.313996e-01,2.052150e+01,2.636613e+01,6.096773e-01,-7.386093e-02,-2.511038e-01,2.922832e+11
50,0.500000,199,2.035849e+01,-3.775811e+01,-3.201937e+01,-2.674478e-01,1.112966e+00,-2.221484e-02,3.308485e+11
50,0.500000,200,-1.619524e+01,4.257521e+01,-2.748009e+01,2.471061e-01,-7.215803e-01,-6.867945e-01,3.121395e+11
50,0.500000,201,3.059485e+01,-2.122974e+01,-3.671262e+01,-9.232097e-01,-7.101830e-01,1.039032e+00,9.777802e+11
50,0.500000,202,2.395094e+01,2.332780e+01,4.517548e+01,-9.065607e-01,-5.371534e-01,-2.062071e-01,1.452540e+11
50,0.500000,203,-3.327660e+01,5.588649e+00,-7.594884e+00,1.057003e+00,5.483396e-01,7.301843e-01,6.346513e+11
50,0.500000,204,-2.672105e+01,-4.123383e+01,4.499119e+01,7.743135e-01,-4.147736e-01,-1.413487e+00,7.760998e+10
50,0.500000,205,-2.338143e+01,-1.442526e+01,-1.260733e+01,-4.134043e-01,6.583786e-01,1.725081e-01,4.476423e+11
50,0.500000,206,3.655989e+01,-1.818634e+01,-8.279204e+00,2.370413e+00,-1.234179e+00,-7.775287e-01,8.501877e+11
50,0.500000,207,-1.004369e-01,-4.104829e+01,4.808860e+01,1.561866e-01,1.629357e+00,-1.584120e+00,5.309295e+11
50,0.500000,208,-1.868950e+01,-4.932322e+01,-3.462277e+01,5.658723e-01,1.282232e-02,-5.809463e-01,1.187708e+11
50,0.500000,209,-3.800517e+01,-2.008389e+01,-3.207077e+01,3.055925e-01,1.012737e+00,3.454097e-01,4.725335e+11
50,0.500000,210,-2.089736e+01,-4.438107e+01,4.070167e+01,-2.100420e-01,1.271984e+00,-5.363022e-01,7.603484e+11
50,0.500000,211,-5.919243e+00,2.019303e+01,1.073469e+01,1.034867e+00,3.158932e-01,1.121620e-01,5.984647e+11
50,0.500000,212,-7.550999e+00,4.920411e+01,-3.806036e+01,1.562943e-01,-1.755439e+00,-4.247802e-02,2.835802e+11
50,0.500000,213,-3.937991e+01,-1.062446e+01,-1.130780e+01,3.739504e-02,1.146294e+00,1.513412e-01,6.200100e+11
50,0.500000,214,-1.627110e+01,-3.863504e+01,-4.102959e+01,6.546673e-01,-3.002188e-01,1.530086e+00,7.847785e+11
50,0.500000,215,5.132580e+00,-1.830480e+01,3.588541e+00,6.901664e-01,-8.653199e-01,-1.150229e+00,9.179416e+11
50,0.500000,216,3.013757e+01,2.404115e+01,1.241755e+00,-1.192488e+00,8.282296e-02,9.780393e-02,9.634306e+11
50,0.500000,217,2.484534e+01,4.062786e+01,-2.590672e+01,4.258463e-01,-1.025434e+00,3.589827e-01,8.943437e+10
50,0.500000,218,4.818065e+01,-3.112768e+01,1.960174e+01,-1.144951e+00,-1.327166e-01,-7.134361e-01,9.495887e+11
50,0.500000,219,-2.853429e+00,2.664524e+01,2.282381e+01,-7.785410e-01,-1.565717e+00,-9.131740e-01,1.620348e+10
50,0.500000,220,-3.775076e+01,-8.351524e+00,4.215299e+01,2.035743e+00,-4.701775e-01,-5.914325e-01,1.581542e+11
50,0.500000,221,3.961165e+01,-4.267391e+01,-3.881392e+01,-3.690782e-01,1.529954e+00,-4.631600e-02,5.001250e+11
50,0.500000,222,-2.252149e+01,4.719102e+01,7.302435e+00,-3.030726e-01,-1.647984e+00,-4.579834e-01,5.871486e+11
50,0.500000,223,-2.201325e+00,-4.424633e+01,3.033398e+00,7.984372e-01,1.742390e+00,-2.194587e-01,9.728445e+11
50,0.500000,224,4.118649e+01,4.029817e+00,4.815448e+01,-1.471079e+00,8.274696e-01,2.878753e-01,9.545699e+11
50,0.500000,225,-3.900365e+01,-1.630493e+01,-3.970653e+01,-5.188546e-01,1.210359e-01,2.186202e-01,6.555216e+11
50,0.500000,226,-1.199676e+01,7.159056e+00,-3.507466e+01,-7.575118e-01,1.261774e+00,3.727627e-01,9.209091e+11
50,0.500000,227,2.099639e+01,4.875878e+01,-1.341833e-01,-1.001135e+00,-1.702219e+00,-8.448594e-01,1.459728e+11
50,0.500000,228,3.684755e+01,-1.977418e+01,-3.919093e+01,-9.716310e-01,6.700303e-01,8.037468e-02,8.224266e+11
50,0.500000,229,2.928784e+01,4.878047e+01,2.776353e+01,2.920874e-01,-9.094652e-01,4.062785e-01,9.147538e+11
50,0.500000,230,2.274392e+01,-4.006625e+01,6.780844e+00,-1.133710e+00,1.397575e+00,3.217140e-01,7.733052e+11
50,0.500000,231,-2.848672e+01,-6.539568e+00,1.866633e+01,1.239891e+00,-2.096131e-01,-1.164405e+00,1.206274e+11
50,0.500000,232,-2.564721e+00,-2.681948e+01,-2.507949e+01,-7.026318e-02,9.038192e-01,3.158390e-01,1.410628e+11
50,0.500000,233,-1.402683e+01,-5.289142e+00,4.533193e+01,-6.530072e-01,-1.394744e-01,-3.213254e-01,6.652347e+10
50,0.500000,234,2.657801e+01,1.075877e+01,4.696477e+01,-4.031512e-01,1.309810e-01,-5.969863e-01,6.161672e+11
50,0.500000,235,-1.336127e+01,-2.465570e+01,-1.202934e+01,4.765272e-01,1.006837e+00,-5.958919e-01,5.036735e+11
50,0.500000,236,-3.825158e+01,-2.310229e+01,1.139593e+01,7.635677e-01,1.335438e-01,7.032418e-01,9.359183e+11
50,0.500000,237,-4.733427e+01,-2.784722e+01,-4.358984e+01,3.699164e-01,8.663882e-01,-4.716759e-01,5.471736e+11
50,0.500000,238,-3.895191e+01,2.462412e+01,9.925657e+00,1.431964e+00,-5.848134e-01,-3.095900e-01,3.771310e+11
50,0.500000,239,-4.435796e+01,-3.927939e+01,4.804242e+01,3.348491e-01,1.189155e-01,-8.045106e-01,9.955339e+11
50,0.500000,240,-4.579147e+01,-5.673533e+00,-1.053849e+00,2.877489e-01,5.385602e-01,-1.081642e+00,7.510233e+11
50,0.500000,241,-2.938208e+01,4.589592e+01,1.852662e+01,-1.283229e-02,-1.387467e+00,9.724026e-02,6.268900e+11
50,0.500000,242,3.519476e+01,2.715031e+01,-3.306933e+01,3.535230e-01,-2.809481e-01,8.963016e-01,8.273594e+11
50,0.500000,243,3.772327e+01,-1.649097e+01,-3.066119e+01,-6.614746e-02,-2.860172e-01,-5.864056e-01,3.584803e+11
50,0.500000,244,3.028589e+01,5.112495e+00,-1.490512e+01,-5.242821e-02,1.062004e+00,6.969698e-01,1.241163e+10
50,0.500000,245,1.991970e+01,4.487834e+01,2.493638e+01,3.267177e-01,2.267019e-01,-4.934961e-01,1.463085e+11
50,0.500000,246,-4.010757e+01,-3.080478e+01,2.636464e+01,1.554744e+00,1.388912e+00,2.913006e-01,8.964686e+11
50,0.500000,247,-2.181657e+00,1.863480e+01,2.241659e+01,2.492866e-02,-1.280560e+00,4.097447e-01,2.924671e+11
50,0.500000,248,-3.241787e+00,-3.987905e+01,1.396222e+01,-1.197903e+00,1.373785e+00,-7.374049e-02,1.261501e+11
50,0.500000,249,1.278811e+01,3.280499e+01,-3.754055e+01,-4.903783e-01,1.020798e-01,1.183933e+00,2.379907e+11
50,0.500000,250,1.845652e+01,-1.949487e+01,-1.354643e+01,1.295361e-01,-1.414798e-01,-6.319282e-01,7.201153e+11
50,0.500000,251,-4.567671e+00,-4.384515e+01,1.100851e+01,9.153059e-01,1.988480e+00,-7.064873e-01,2.899633e+11
50,0.500000,252,2.648139e+01,-2.471964e+01,7.133096e+00,-3.866768e+00,1.319010e+00,2.461061e+00,5.248417e+11
50,0.500000,253,4.899038e+01,-3.138367e+01,1.416525e+01,-8.385417e-01,-6.604557e-01,1.207526e+00,9.483032e+11
50,0.500000,254,2.882310e+01,1.314914e+01,-3.199411e+01,-3.788255e-01,6.038146e-01,6.883778e-01,2.554059e+11
50,0.500000,255,-7.090954e+00,1.766508e+01,4.635252e+01,9.463151e-01,2.673925e-01,-8.001660e-01,8.053693e+11
