step,time,particle_id,x,y,z,vx,vy,vz,mass
0,0.000000,0,-3.216047e+01,-1.003225e+01,-3.334012e+01,-5.757563e-01,-8.761286e-01,-8.917003e-01,2.829088e+11
0,0.000000,1,-4.522428e+01,-1.789668e+01,-2.272663e+01,-2.645263e-01,-5.552666e-01,-5.606861e-01,2.097202e+11
0,0.000000,2,-4.558843e+01,-1.560799e+01,1.476538e+01,-7.010718e-01,-9.406646e-01,7.569873e-01,6.588644e+11
0,0.000000,3,2.764388e+00,5.856892e-01,4.156919e+01,-6.238301e-01,-7.616880e-01,-8.838065e-01,7.227295e+11
0,0.000000,4,1.375350e+01,3.808459e+01,-8.794039e+00,6.318607e-01,-4.389532e-01,1.573168e-01,3.777169e+10
0,0.000000,5,-1.575409e+01,1.328082e+01,-1.962823e+01,-2.195673e-01,9.076829e-01,1.529028e-01,7.603737e+11
0,0.000000,6,-3.237918e+01,2.961083e+01,4.596907e+01,-5.593522e-01,-7.199431e-01,2.146890e-01,3.760901e+11
0,0.000000,7,-3.303039e+01,-1.416185e+00,-4.747934e+01,3.946800e-01,9.833901e-01,8.817970e-01,8.865707e+11
0,0.000000,8,-3.891490e+01,4.989952e+01,1.053537e+01,4.967722e-01,7.596823e-01,-9.651734e-01,5.686733e+11
0,0.000000,9,-3.396354e+01,9.607172e+00,9.236864e+00,5.647365e-03,-5.422401e-01,7.921727e-01,8.941096e+11
0,0.000000,10,-3.172786e+01,-2.746227e+00,1.509932e+01,-2.821409e-01,-4.627079e-01,2.213679e-01,5.834609e+11
0,0.000000,11,-9.132549e+00,-2.819715e+01,4.490414e+01,1.567413e-01,4.077332e-01,9.484960e-01,2.829535e+11
0,0.000000,12,1.955616e+01,4.151465e+01,-3.388645e+01,6.128254e-01,8.282835e-01,5.329785e-01,5.592508e+11
0,0.000000,13,2.939829e+01,2.839026e+01,-3.808848e+01,9.086950e-01,-2.400514e-01,4.229677e-01,4.625995e+11
0,0.000000,14,1.088543e+01,1.075702e+01,-1.497888e+01,5.831513e-01,-8.397842e-01,-9.975912e-01,1.590002e+11
0,0.000000,15,-1.512460e+01,1.118884e+01,2.297586e+01,5.148570e-01,6.598336e-01,3.576001e-01,3.424411e+11
0,0.000000,16,3.378341e+00,1.530481e+01,1.115097e+01,-5.413099e-01,1.363892e-01,5.452906e-01,4.540015e+10
0,0.000000,17,-1.766366e+00,3.913453e+00,9.055650e+00,-4.473615e-01,-3.539258e-01,4.193434e-01,2.383601e+11
0,0.000000,18,2.030114e+01,-7.884449e+00,1.878379e+01,-3.762687e-01,-9.425486e-01,-9.239018e-01,1.124069e+11
0,0.000000,19,-3.911664e+01,-4.607465e+01,-2.460535e+01,-8.482492e-02,3.022838e-01,9.674104e-01,2.228659e+11
0,0.000000,20,-1.894130e+00,1.625053e+01,5.081513e+00,-9.703158e-01,-3.688933e-01,-6.753503e-01,2.517453e+11
0,0.000000,21,3.837479e+01,4.349701e+01,-2.200551e+01,-2.678314e-01,-5.179066e-02,7.410028e-01,6.459795e+11
0,0.000000,22,2.971418e+01,8.017307e+00,3.730703e+01,3.063739e-04,-9.973428e-01,1.218164e-01,8.138987e+11
0,0.000000,23,-4.699457e+01,9.895728e+00,4.154602e+01,-7.222243e-01,2.764216e-01,-6.611866e-01,6.005106e+11
0,0.000000,24,-2.106473e+01,-3.468881e+01,3.114914e+01,5.408228e-01,6.312343e-01,-2.753870e-01,7.874010e+11
0,0.000000,25,-3.688295e+01,2.463138e+00,-4.705593e+01,-9.701631e-01,-8.079696e-02,-3.812289e-01,3.871927e+11
0,0.000000,26,4.337062e+01,-3.201131e+01,-4.765937e+01,4.616959e-01,5.201200e-01,7.929531e-01,2.386911e+11
0,0.000000,27,2.613886e+01,-4.261526e+00,-4.569800e+01,5.828857e-01,-8.873160e-01,9.169604e-01,9.310274e+11
0,0.000000,28,1.945528e+01,-3.721131e+01,2.680604e+00,9.678111e-01,-4.380024e-01,-3.234051e-01,7.567738e+11
0,0.000000,29,-4.033840e+01,2.006039e+01,3.957046e+00,-5.444270e-01,-5.495293e-01,1.380223e-01,2.502779e+11
0,0.000000,30,1.848368e+01,3.783967e+01,1.237077e+01,2.370861e-01,-8.834327e-01,2.942280e-01,3.558971e+11
0,0.000000,31,3.183437e+01,4.359057e+00,8.039216e+00,1.594645e-01,-9.980494e-01,2.468243e-01,3.774633e+11
0,0.000000,32,-4.426827e+01,8.189236e+00,-1.984942e+01,5.037403e-01,4.195585e-01,6.566236e-01,7.384179e+11
0,0.000000,33,4.907781e+01,-3.333908e+01,-9.907359e-01,-8.252119e-01,7.344264e-01,-9.406738e-01,3.220288e+11
0,0.000000,34,-4.075515e+01,9.867424e+00,5.788552e+00,5.545707e-01,-4.585812e-02,-6.368135e-01,4.018701e+11
0,0.000000,35,3.535459e+00,3.287072e+01,2.452194e+01,-2.926035e-01,-2.554044e-01,-3.487769e-01,9.340962e+11
0,0.000000,36,-1.267269e+01,4.490237e+01,-1.953944e+01,-1.388191e-01,6.183218e-02,2.122227e-01,1.906360e+11
0,0.000000,37,-2.593046e+01,-6.557683e+00,4.182363e+01,-5.370531e-01,2.020648e-01,-1.833421e-01,3.256788e+11
0,0.000000,38,-3.175442e+00,-6.200795e+00,1.340481e+01,1.213882e-01,-9.266674e-01,-6.161328e-01,3.445997e+11
0,0.000000,39,1.373723e+00,-1.264732e+01,2.338079e+01,-9.018164e-01,-5.955319e-01,-4.194548e-02,4.087622e+11
0,0.000000,40,7.453186e+00,3.046388e+01,-1.637794e+01,8.956099e-01,5.073251e-01,2.816523e-01,3.846115e+11
0,0.000000,41,-2.154214e+01,-2.530625e+01,6.085601e+00,5.054800e-02,3.627214e-01,-4.181536e-02,7.591800e+11
0,0.000000,42,-2.176069e+01,3.874213e+01,-4.243850e+01,5.012774e-01,-3.491734e-01,4.193260e-01,3.182194e+11
0,0.000000,43,-1.379204e+01,4.015966e+01,1.493122e+01,7.516337e-01,-4.497531e-01,-2.337598e-01,9.256596e+11
0,0.000000,44,-2.264251e+00,3.621473e+01,-1.723013e+01,-8.962213e-01,3.335723e-01,3.278386e-01,9.996974e+11
0,0.000000,45,-7.955128e+00,-1.952546e+01,-1.219103e+01,4.100547e-01,1.033660e-01,8.778915e-01,2.379984e+11
0,0.000000,46,-2.669563e+01,-8.196195e+00,4.870488e+01,3.087358e-02,-3.890814e-01,-8.746725e-01,2.734147e+11
0,0.000000,47,1.308726e+01,2.723268e+01,7.740825e+00,9.859045e-01,3.478468e-01,-5.465590e-01,8.700814e+11
0,0.000000,48,4.490468e+01,1.098406e+01,2.936777e+01,-1.471913e-01,-5.602418e-02,-7.572472e-01,4.835107e+11
0,0.000000,49,-3.612259e+01,2.852957e+01,-2.201201e+00,1.184456e-01,-8.199177e-01,7.121554e-01,2.716077e+11
0,0.000000,50,1.417241e+01,2.950234e+01,-5.448463e-01,7.495356e-01,-5.738770e-01,-3.679930e-02,3.963026e+11
0,0.000000,51,1.852082e+00,4.426412e+00,1.562801e+01,-7.012131e-01,-3.668182e-01,-5.326234e-01,1.509222e+11
0,0.000000,52,4.905143e+01,-3.959120e+00,-4.888853e+01,8.791223e-01,-8.595013e-01,6.095849e-01,3.723058e+11
0,0.000000,53,4.223728e+00,4.261689e+01,3.442591e+01,3.620227e-01,4.229291e-01,-3.555057e-01,2.478318e+11
0,0.000000,54,3.015057e+01,-3.216752e+01,4.484330e-01,-1.135403e-01,9.466966e-01,9.980717e-01,3.248177e+11
0,0.000000,55,-3.135902e+01,-1.936378e+00,2.082023e+01,4.098612e-01,-9.501993e-01,-2.710353e-01,8.557808e+11
0,0.000000,56,-1.585088e+01,9.817067e+00,4.966698e+01,-3.359889e-01,-8.828411e-01,-9.844310e-01,2.788510e+11
0,0.000000,57,-3.711712e+01,3.125770e+01,1.375321e+01,3.421322e-01,4.774917e-01,-3.641745e-02,3.585567e+11
0,0.000000,58,-4.978959e+00,3.040384e+01,9.231164e+00,-4.965677e-01,9.647265e-01,-8.064081e-01,6.979965e+11
0,0.000000,59,4.557115e+01,-4.041682e+01,-4.870564e+01,-7.157574e-01,1.529361e-01,4.422918e-01,8.485814e+11
0,0.000000,60,1.013684e+01,-4.143717e+01,2.013760e+01,8.857192e-01,3.675979e-01,3.960915e-01,2.821165e+11
0,0.000000,61,2.423784e+01,2.058303e+01,4.643183e+00,7.424145e-01,3.681442e-02,-6.320721e-01,5.468506e+11
0,0.000000,62,-2.428470e+01,1.657552e+01,3.943509e+01,4.147269e-01,-6.041271e-02,-2.667499e-02,9.594888e+11
0,0.000000,63,-4.784312e+00,8.345848e+00,1.540256e+01,-1.842632e-01,3.585806e-01,3.339384e-01,5.544898e+11
0,0.000000,64,-2.442416e+01,-1.118849e+01,-1.029584e+01,7.142535e-01,-5.251318e-02,-8.031647e-01,8.019865e+11
0,0.000000,65,-3.424577e+01,2.964634e+01,-4.251485e+01,7.998415e-01,4.587260e-03,2.425667e-01,7.734167e+11
0,0.000000,66,-4.792992e+01,3.052473e+01,-1.865986e+01,-4.442922e-01,-5.799485e-02,-5.844955e-01,9.853652e+11
0,0.000000,67,4.407962e+01,1.944148e+01,4.442969e+01,-2.140938e-01,-4.442535e-01,1.966450e-01,8.028133e+11
0,0.000000,68,4.571636e+01,-2.347083e+01,-1.491888e+01,-5.741561e-01,3.068137e-01,4.957057e-01,7.934820e+10
0,0.000000,69,-3.728498e+01,3.462705e+01,3.700351e+01,-4.306148e-01,2.854677e-01,8.897732e-01,1.927672e+11
0,0.000000,70,-3.549725e+01,6.616996e+00,4.557414e+01,-6.685433e-01,-2.571654e-01,-4.617144e-01,4.491464e+11
0,0.000000,71,3.424199e+01,-2.310495e+00,-7.120042e+00,5.664322e-01,-6.573804e-01,-2.538070e-01,1.844075e+11
0,0.000000,72,-5.081694e+00,4.714190e+01,4.769907e+01,-1.873068e-01,-5.265786e-01,-3.443962e-01,6.230759e+11
0,0.000000,73,3.901175e+01,-4.243452e+01,1.893172e+01,-9.654644e-01,8.438505e-01,1.187046e-01,3.089408e+11
0,0.000000,74,6.465914e+00,4.238882e-01,-1.342625e+00,4.193733e-01,-8.591823e-01,-1.153697e-01,8.766608e+11
0,0.000000,75,-5.817388e+00,2.114579e+01,-1.810028e+01,-4.315080e-01,-6.232940e-01,4.955936e-01,7.678745e+10
0,0.000000,76,-1.403372e+01,-3.791067e+01,-2.563687e+01,6.176917e-01,-8.153754e-01,-5.587561e-01,2.230406e+11
0,0.000000,77,-1.709770e+01,4.842384e+00,3.344610e+01,-5.617189e-01,2.481572e-01,4.755654e-02,2.440442e+11
0,0.000000,78,4.600388e+00,-4.168694e+01,3.836872e+00,-7.786740e-01,1.747389e-01,-9.501151e-01,8.221462e+11
0,0.000000,79,1.577783e+01,-3.274240e+00,1.957646e+01,-8.007912e-01,-6.425689e-01,-9.704763e-01,3.900119e+11
0,0.000000,80,-1.329315e+01,2.625587e+01,-4.868754e+00,4.534626e-01,7.669039e-01,3.898874e-01,5.402214e+11
0,0.000000,81,4.757643e+01,4.155656e+01,2.507697e+01,-3.904255e-01,-7.202102e-02,1.704614e-01,5.286885e+11
0,0.000000,82,-4.119319e+01,-3.909910e+01,2.603361e+01,2.681440e-01,-6.157209e-01,-4.025903e-01,7.472876e+11
0,0.000000,83,2.795090e+01,-1.763527e+01,6.508465e+00,-1.254255e-01,5.818098e-01,-4.783014e-01,5.415227e+11
0,0.000000,84,4.696205e+01,-2.243888e+01,4.207420e+01,-3.266221e-01,-9.236603e-01,-2.558910e-01,7.278607e+10
0,0.000000,85,4.216218e+01,-4.330018e+01,9.899746e+00,7.947721e-01,9.651277e-01,-3.004658e-01,2.101516e+11
0,0.000000,86,-5.344665e+00,4.349978e+01,2.261012e+01,6.924291e-02,-9.119864e-01,-2.712542e-02,1.770065e+11
0,0.000000,87,-2.638537e+01,2.851421e+01,4.134284e+01,-9.686894e-01,-7.824211e-01,-4.297382e-02,4.584131e+11
0,0.000000,88,3.996944e+01,2.393624e+01,4.898342e+01,7.386297e-01,-9.700529e-01,8.211525e-01,2.139438e+11
0,0.000000,89,-4.468566e+01,-2.173693e+01,-2.305759e+01,9.495304e-01,-3.007421e-01,7.368431e-01,8.734297e+11
0,0.000000,90,-1.678072e+01,-2.818113e+01,-4.256754e+01,5.574923e-01,-6.936270e-01,6.008515e-01,3.202339e+11
0,0.000000,91,-3.028067e+01,-2.131370e+01,-1.793894e+00,-1.333208e-01,-8.559896e-01,-2.090210e-01,4.545050e+11
0,0.000000,92,-3.192053e+01,3.740026e+01,4.019375e+01,-8.390219e-01,2.267300e-01,7.835433e-01,9.503059e+11
0,0.000000,93,1.283385e+01,3.023479e+01,-3.441923e+01,3.629638e-01,-8.300427e-01,-1.495364e-01,6.596846e+11
0,0.000000,94,-6.539240e+00,-2.063467e+01,2.839836e+00,5.336008e-01,2.368401e-02,2.054459e-01,5.500911e+11
0,0.000000,95,1.650285e+01,-9.685129e+00,3.589142e+01,7.244436e-01,3.800235e-01,-3.180495e-01,3.026058e+11
0,0.000000,96,2.620169e+01,2.364648e+01,2.445563e+01,8.856232e-01,2.209347e-01,2.929876e-01,3.306763e+10
0,0.000000,97,-2.761677e+01,3.826547e+00,4.731045e+01,7.043417e-01,-3.187732e-01,-7.421755e-01,5.383162e+11
0,0.000000,98,-7.440798e+00,5.414402e+00,-3.101001e+01,7.203992e-01,6.955947e-01,4.365964e-01,6.307300e+11
0,0.000000,99,-1.403606e+01,-1.789788e+01,-3.274534e+01,-9.506643e-01,4.483398e-01,-9.370784e-01,8.880208e+11
0,0.000000,100,-8.581837e+00,-1.275639e+01,-3.175489e+01,-6.476029e-01,-7.821983e-01,8.540148e-01,1.278201e+11
0,0.000000,101,2.193682e+01,7.350121e+00,-3.576892e+01,8.864010e-01,-7.764666e-01,-7.691693e-01,7.974176e+11
0,0.000000,102,-4.761994e+00,-2.556724e+01,-1.709759e+01,7.559442e-01,5.969432e-01,3.784797e-02,7.407900e+11
0,0.000000,103,1.462689e+01,-2.627778e+01,-1.348283e+01,-9.881834e-01,1.164867e-01,7.543670e-02,4.027040e+10
0,0.000000,104,-2.175868e+01,6.917916e+00,4.174658e+01,3.931898e-01,8.832305e-01,-8.001663e-01,8.740655e+11
0,0.000000,105,-4.494839e+01,-4.730757e+01,4.918036e+01,5.397685e-01,2.008510e-01,-7.317712e-01,7.159539e+11
0,0.000000,106,2.121922e+01,-2.504703e+01,8.456145e-01,-6.708556e-01,-1.228540e-02,6.749605e-01,5.211885e+10
0,0.000000,107,-2.076711e+01,-1.435957e+01,2.807160e+01,8.771957e-01,1.872529e-01,-7.082245e-01,9.450611e+11
0,0.000000,108,-3.481302e+01,1.836061e+01,4.750823e+01,-1.314339e-01,-4.944295e-01,7.850962e-01,1.395692e+11
0,0.000000,109,-3.055995e+01,4.924650e+01,-4.963286e+01,-5.101669e-01,-9.612215e-01,9.909500e-01,2.465284e+10
0,0.000000,110,1.198147e+01,-3.704106e+01,2.278856e+01,-3.359863e-01,-2.417617e-01,-5.273164e-01,5.016133e+11
0,0.000000,111,3.729764e+01,-4.261780e+01,3.912337e+00,-6.693894e-01,-1.395474e-01,-3.603213e-01,1.128641e+11
0,0.000000,112,-4.761472e+01,-3.427290e+00,-4.515907e+01,-6.485549e-01,-7.013336e-01,-9.530169e-01,6.139056e+11
0,0.000000,113,-9.788157e+00,4.160396e+01,2.408836e+01,1.930378e-01,8.170092e-01,4.891100e-01,8.430211e+11
0,0.000000,114,4.278938e+01,2.400300e+01,3.562363e+01,9.541708e-02,7.392387e-01,1.682439e-01,8.809183e+11
0,0.000000,115,-2.512615e+01,3.204637e+01,-1.237055e+01,-7.565701e-01,7.885716e-01,8.308357e-01,2.941500e+11
0,0.000000,116,-1.754879e+01,-2.647428e+01,-1.090766e+01,-3.032703e-01,4.019687e-01,-1.213347e-01,5.288465e+11
0,0.000000,117,3.503175e+01,-3.717578e+00,-3.659069e+01,-4.951281e-01,-2.422723e-01,7.499533e-01,8.504653e+11
0,0.000000,118,-2.126315e+01,1.195316e+01,1.903904e+01,-5.694754e-01,-2.808768e-01,9.325339e-02,7.653411e+11
0,0.000000,119,-2.708190e+01,-3.692513e+01,1.426862e+01,-4.416104e-02,9.024248e-01,-9.620385e-01,6.036381e+11
0,0.000000,120,3.454982e+01,4.343986e+01,3.866547e+01,-6.599794e-01,-6.606884e-01,-4.448439e-01,5.231914e+11
0,0.000000,121,3.706401e+01,2.169107e+01,-4.575374e+01,4.419153e-01,-6.405301e-01,-6.468887e-01,9.736597e+11
0,0.000000,122,5.859881e+00,-4.484677e+01,3.223484e+01,6.919345e-01,3.421278e-01,2.547760e-02,7.061728e+10
0,0.000000,123,-4.693745e+01,-4.406345e+01,3.242004e+01,-4.803870e-01,-6.197717e-01,-6.622668e-02,7.403487e+11
0,0.000000,124,-3.586734e+01,-1.413261e+00,-1.626396e+01,9.736496e-01,-1.594680e-01,-5.519699e-01,1.652667e+11
0,0.000000,125,8.992179e+00,1.593123e-01,1.752102e+01,-7.887614e-02,-5.629923e-01,4.353456e-01,1.897044e+11
0,0.000000,126,-1.017612e+01,3.942284e+01,-3.450868e+01,9.136752e-01,8.915214e-01,9.545232e-01,8.047768e+11
0,0.000000,127,1.168246e+01,-9.999576e-01,3.640344e+01,2.949003e-01,9.873184e-02,3.764697e-01,9.081841e+11
0,0.000000,128,2.394801e+01,-3.448785e+01,1.449826e+01,7.616133e-01,2.819778e-01,9.646860e-01,8.689551e+11
0,0.000000,129,-4.387451e+01,-2.936419e+01,-4.755335e+01,3.023533e-01,4.159024e-01,3.993536e-01,1.206212e+11
0,0.000000,130,4.264551e+01,-8.265040e+00,-2.067418e+01,-3.506123e-01,-3.768439e-01,-1.036573e-01,2.887161e+11
0,0.000000,131,-2.426612e+01,-7.456702e+00,-4.156637e+01,7.483268e-01,8.308668e-01,8.967415e-01,5.263974e+11
0,0.000000,132,-3.520068e+00,1.366056e+01,-7.112982e+00,-5.914412e-01,5.834542e-01,-8.522944e-01,9.423521e+10
0,0.000000,133,-6.728399e+00,-4.438042e+01,4.527175e+01,-1.205821e-02,-4.748922e-01,9.543681e-01,1.536961e+11
0,0.000000,134,4.705051e+01,1.768609e+01,-2.431138e+01,7.939204e-01,-8.115791e-01,1.002887e-01,2.294375e+11
0,0.000000,135,-9.421150e+00,4.983157e+01,3.185472e-01,3.262545e-01,-1.525026e-01,1.750436e-01,5.419177e+11
0,0.000000,136,-1.608179e+01,3.589253e+00,-4.410958e+01,6.079628e-01,-6.550037e-01,-2.445131e-02,1.817822e+10
0,0.000000,137,4.642252e+01,6.162715e+00,-4.066531e+01,-2.061175e-01,2.356460e-01,-9.078712e-01,8.920030e+11
0,0.000000,138,3.803769e+01,-4.767515e+01,-4.639403e+01,7.017640e-01,4.002187e-01,-4.141082e-01,7.503638e+11
0,0.000000,139,2.943198e+01,3.430902e+01,4.694962e+01,-5.997833e-01,6.828119e-01,-5.463661e-02,8.646032e+11
0,0.000000,140,-2.348454e+01,-4.397965e+01,-9.947377e+00,2.086735e-01,1.921920e-01,-8.113922e-02,4.142350e+11
0,0.000000,141,2.685941e+01,4.472047e+01,-8.342101e+00,4.656388e-01,1.766377e-02,1.985177e-02,1.384630e+11
0,0.000000,142,-3.733451e+01,5.599031e+00,-4.793272e+01,-9.859365e-01,1.584776e-01,-8.865350e-01,8.593346e+11
0,0.000000,143,-2.206518e+01,-1.503216e+01,1.057560e+01,-8.526640e-01,-6.144628e-01,1.505044e-01,2.810386e+11
0,0.000000,144,-4.658254e+01,-4.520661e+01,-3.629881e+01,-4.013416e-01,-7.837253e-01,7.507631e-02,9.046293e+11
0,0.000000,145,2.042334e+01,4.969685e+01,-1.880159e+01,-5.434496e-02,8.883466e-01,4.571262e-01,2.135904e+11
0,0.000000,146,-4.699483e+00,-2.615110e+01,-1.645925e+01,1.593201e-01,5.889586e-01,-2.878393e-01,5.908249e+11
0,0.000000,147,-1.262819e+01,-8.718717e+00,-5.539444e+00,3.061325e-01,5.249824e-01,-8.992769e-01,7.294669e+11
0,0.000000,148,4.552598e+01,1.256137e+01,-4.994894e+01,9.788688e-01,3.470952e-01,-7.249549e-01,2.958760e+11
0,0.000000,149,2.816850e+01,1.750607e+01,-3.075704e+01,-2.816330e-02,3.440585e-01,8.827310e-03,9.591584e+11
0,0.000000,150,1.162025e+01,-2.670233e+01,-3.356072e+01,-8.615846e-01,-5.706855e-02,-3.993674e-04,6.523790e+11
0,0.000000,151,-2.340550e+01,3.558806e+01,-2.644405e+01,2.793262e-01,-4.626130e-01,3.603301e-01,2.998021e+11
0,0.000000,152,-4.688153e+01,2.305266e+01,-4.805364e+01,9.728891e-01,-2.877194e-01,-9.600515e-01,9.761201e+11
0,0.000000,153,-4.703121e+01,-3.425032e+01,-2.353575e+01,6.227458e-01,6.651149e-01,-8.585582e-02,3.043183e+11
0,0.000000,154,4.586679e-01,4.614857e+01,-2.439629e+01,-7.584216e-01,-6.110750e-01,-1.591402e-01,1.980969e+11
0,0.000000,155,1.659282e+01,4.202302e+01,3.388646e+01,8.637464e-01,5.522217e-01,-8.511519e-01,5.758210e+11
0,0.000000,156,-4.551957e+01,2.545891e+01,3.642657e+01,-8.480219e-01,-2.976860e-02,7.674587e-01,7.180922e+10
0,0.000000,157,3.412560e+01,4.037036e+01,-4.616875e+01,7.418878e-01,-8.775993e-01,-3.940899e-01,6.854936e+11
0,0.000000,158,3.937578e+01,2.600271e+01,4.796080e+01,-2.033111e-01,4.430257e-01,-5.287097e-01,5.239423e+11
0,0.000000,159,4.159753e+01,1.560750e+01,2.091305e+01,1.638071e-01,1.526105e-01,9.599017e-02,5.186390e+11
0,0.000000,160,-1.475839e+01,1.224191e+01,-4.146869e+01,-2.055592e-01,-2.459835e-01,8.991576e-01,4.784774e+11
0,0.000000,161,3.621240e+01,3.333081e+01,3.564300e+00,4.067599e-01,4.740234e-01,1.479110e-01,5.785806e+11
0,0.000000,162,2.982120e+01,3.769105e+01,-2.433593e+01,3.839396e-01,2.738753e-01,-5.275025e-01,9.941114e+10
0,0.000000,163,-1.415495e+01,-2.810610e+00,1.094479e+01,-4.511483e-01,-7.440621e-01,-3.628431e-01,8.577661e+11
0,0.000000,164,2.042742e+01,3.665735e+01,-1.298938e+01,-8.866194e-01,-2.201465e-02,-8.916142e-02,4.593716e+11
0,0.000000,165,3.660009e+01,-9.500190e+00,4.271201e+01,4.562498e-01,-5.233875e-01,-7.447371e-02,4.371898e+11
0,0.000000,166,4.753179e+01,-4.632814e+01,-4.941712e+01,5.470599e-01,8.272583e-01,-4.750611e-01,4.708448e+11
0,0.000000,167,5.056678e+00,-1.281799e-01,5.581407e+00,8.180345e-01,9.412242e-01,-6.694760e-01,1.916087e+11
0,0.000000,168,-4.014190e+01,-1.615956e+00,-4.602275e+01,6.057105e-01,-2.991721e-01,-1.802427e-01,8.609500e+11
0,0.000000,169,3.394066e+01,3.652980e+01,-1.865438e+01,4.108152e-01,-4.594079e-01,-5.188473e-01,4.391972e+11
0,0.000000,170,8.602284e-01,2.033395e+01,3.650374e+01,-3.215956e-02,4.801163e-01,7.417323e-01,2.648757e+11
0,0.000000,171,1.536873e+01,-3.666644e+01,2.229500e+01,-5.914919e-01,2.641076e-01,-4.424719e-01,1.221386e+11
0,0.000000,172,1.026659e+01,-5.597394e+00,-2.032856e+01,4.024939e-01,8.557330e-01,-3.270262e-01,5.090612e+11
0,0.000000,173,-2.217195e+01,2.463656e+01,-1.363523e+01,-7.646258e-01,2.233271e-01,3.542078e-01,8.248638e+11
0,0.000000,174,3.819596e+01,4.176802e+01,-2.433728e+01,-2.188762e-01,2.420394e-01,-7.566708e-01,8.757373e+11
0,0.000000,175,-1.389222e+01,4.925307e+01,-3.680677e+01,-9.704697e-01,-7.482673e-01,7.097646e-01,2.268290e+11
0,0.000000,176,2.579201e+01,-3.663537e+01,-1.677095e+01,-2.788279e-01,1.553448e-01,2.580099e-01,7.121465e+10
0,0.000000,177,5.538909e-01,4.654919e+01,6.593516e+00,5.676388e-01,4.237149e-01,8.591657e-01,9.024914e+11
0,0.000000,178,-1.764790e+01,1.066867e+01,2.246012e+01,-5.890388e-01,4.873386e-02,9.624568e-01,6.000821e+11
0,0.000000,179,-3.546134e+01,-3.971070e+01,-2.947541e+00,1.292897e-02,-8.091525e-01,2.049138e-01,5.260173e+11
0,0.000000,180,-2.787099e+01,-4.266082e+00,2.402488e+01,9.584204e-01,1.819710e-01,-8.549214e-01,3.463983e+11
0,0.000000,181,-3.313421e+01,2.015443e+01,-9.837079e+00,3.483937e-01,3.340723e-01,9.351287e-01,4.634361e+11
0,0.000000,182,-1.211064e+01,3.971472e+01,-1.404773e+01,4.048293e-01,7.667806e-03,-8.317521e-01,9.088163e+11
0,0.000000,183,-4.717992e+01,-4.346476e+01,3.937730e-01,-6.528251e-01,-6.635093e-01,9.489246e-01,6.832514e+11
0,0.000000,184,-2.363309e+01,7.691921e+00,-2.987184e+01,-3.008174e-02,-9.314832e-01,8.830608e-01,4.695276e+11
0,0.000000,185,1.252439e+01,-4.859303e+01,3.039655e+01,5.878037e-01,4.312280e-01,-5.888105e-01,4.734177e+11
0,0.000000,186,-1.173499e+01,-3.268409e+01,4.261149e+01,5.230875e-01,-8.593874e-01,-4.287248e-01,4.693188e+11
0,0.000000,187,7.414022e+00,-1.302385e+01,-1.281464e+01,2.046821e-01,-1.297722e-01,7.515827e-01,7.781692e+11
0,0.000000,188,1.033592e+01,3.502537e+01,-4.401952e+00,7.340566e-01,-1.456542e-01,3.145241e-01,3.584676e+11
0,0.000000,189,-3.856873e+00,9.879243e+00,3.161568e+01,-8.266496e-01,2.257243e-01,2.402446e-01,8.817712e+11
0,0.000000,190,-1.715239e+01,3.257171e+01,-1.513243e+01,4.222525e-01,9.977524e-01,-4.504189e-01,4.779433e+11
0,0.000000,191,-4.308175e+01,6.042818e+00,4.366284e+01,2.866454e-01,8.603794e-01,-3.830361e-01,2.532071e+11
0,0.000000,192,-1.346964e+01,-3.157267e+01,-4.784077e+01,9.373257e-01,-9.309460e-01,-4.485445e-02,8.373343e+11
0,0.000000,193,-3.830014e+00,-3.651652e+01,-3.123214e+01,8.462623e-01,4.672545e-01,-9.923292e-01,1.970824e+10
0,0.000000,194,-1.535106e+01,1.239577e+01,3.903833e+01,3.499310e-01,-1.006505e-01,-5.218820e-01,3.922308e+11
0,0.000000,195,-5.144905e+00,1.384958e+00,3.587617e+01,3.546691e-02,-8.514445e-01,5.907802e-01,1.694456e+11
0,0.000000,196,-4.955325e+01,-3.961279e+01,-9.328006e+00,-2.604578e-01,-4.237092e-01,-1.433755e-01,3.450496e+11
0,0.000000,197,-1.773276e+01,4.058850e+01,-3.258749e+01,5.687445e-01,-9.185603e-01,-2.763925e-01,7.104283e+11
0,0.000000,198,2.743471e+01,-1.343609e+01,2.173097e+01,-7.583270e-01,9.791937e-01,2.153860e-01,7.978440e+11
0,0.000000,199,-6.072841e+00,3.467520e+01,-3.181062e+01,7.756451e-01,-2.787968e-01,-9.186889e-01,4.115004e+11
0,0.000000,200,-6.512066e+00,3.360456e+01,6.661218e+00,-1.213063e-01,8.798354e-01,9.466642e-01,8.110267e+11
0,0.000000,201,-2.719369e+01,-9.835564e+00,-3.524481e+01,1.014710e-01,-3.849413e-01,-3.566460e-01,3.417566e+11
0,0.000000,202,-1.517508e+01,1.834807e+01,-4.573889e+01,-7.548074e-01,-9.017603e-01,5.198415e-01,2.509985e+11
0,0.000000,203,-4.612833e+01,-1.323863e+01,-4.607652e+01,-4.402342e-02,-5.712686e-01,-5.577427e-01,3.721527e+11
0,0.000000,204,7.496729e+00,-2.382158e+01,2.713668e+01,-9.803067e-01,-8.043404e-01,-3.240420e-01,4.547015e+11
0,0.000000,205,-4.622525e+01,-1.886889e+01,-2.416886e+01,-4.683788e-01,4.259110e-01,-1.882735e-01,8.183806e+11
0,0.000000,206,-4.795151e+01,2.275403e+01,-3.483462e+01,-2.625318e-01,-1.779580e-01,-6.114703e-01,4.964171e+11
0,0.000000,207,-3.985912e+00,4.541856e+01,2.347632e+01,-2.284855e-03,-3.564014e-01,5.479961e-01,9.770774e+11
0,0.000000,208,3.616502e+00,4.951267e+01,-1.573433e+01,-7.777354e-01,-4.861783e-01,-7.719529e-01,1.297692e+11
0,0.000000,209,-1.452594e+01,-4.799744e+00,7.017241e+00,-2.150237e-01,5.266274e-01,6.569676e-01,6.617158e+11
0,0.000000,210,-2.373079e+00,-2.656529e+01,-2.515515e+00,-6.491845e-03,9.237747e-01,2.529973e-01,8.668333e+11
0,0.000000,211,-1.270917e+01,3.207635e+01,-1.431814e+01,6.660984e-01,5.498982e-01,-8.168365e-01,3.385877e+11
0,0.000000,212,-4.032516e+01,3.655798e+01,-1.912473e+01,2.658269e-01,7.214131e-01,3.028187e-01,7.466053e+11
0,0.000000,213,-3.823826e+01,2.654329e+01,3.650247e+01,-5.528393e-02,-5.651291e-01,-1.296058e-01,8.661977e+11
0,0.000000,214,4.807492e+01,-2.363191e+01,2.314495e+00,-8.596328e-02,-3.944025e-03,9.959796e-01,9.542347e+11
0,0.000000,215,-4.008468e+00,1.244884e+01,3.192606e+01,6.656473e-01,-1.094961e-01,-6.478417e-01,6.692142e+11
0,0.000000,216,-2.797990e+01,-2.323391e+01,4.977797e+01,-3.661011e-01,-7.335185e-01,-3.869353e-01,9.503643e+11
0,0.000000,217,4.939473e+01,4.579417e+01,1.939086e+01,-7.768707e-01,4.467491e-01,1.178667e-01,5.880835e+11
0,0.000000,218,4.408100e+01,4.941305e+01,-5.123111e+00,8.431183e-01,-4.843773e-01,9.438277e-01,3.847918e+11
0,0.000000,219,2.558394e+01,4.699036e+01,-1.676500e+01,-5.684906e-01,1.887842e-01,-6.967789e-01,5.809256e+10
0,0.000000,220,-4.603560e+01,-1.723103e+01,2.144512e+01,-4.803098e-01,1.907012e-01,4.244618e-01,5.810266e+11
0,0.000000,221,2.285914e+01,-4.812368e+01,2.665742e+00,4.450773e-01,9.534098e-01,-5.588679e-01,8.357623e+11
0,0.000000,222,2.000795e+01,2.794994e+01,-8.197397e+00,2.817790e-01,5.472597e-01,7.335898e-01,5.668242e+11
0,0.000000,223,-4.685588e+01,3.387088e+01,4.410262e+01,5.745611e-01,6.172248e-01,-4.532477e-01,1.300490e+10
0,0.000000,224,-9.699551e+00,-7.501326e+00,-4.483864e+01,-1.147029e-01,5.053529e-01,5.321296e-01,7.054687e+11
0,0.000000,225,-1.519729e+01,-2.170428e+00,-2.207119e+01,-8.467631e-01,-5.882088e-03,6.118911e-01,8.011655e+11
0,0.000000,226,-2.623613e+00,-4.734884e+01,1.332604e+01,-6.523133e-01,6.120220e-01,-8.974271e-01,8.165855e+11
0,0.000000,227,7.964084e+00,4.180814e+01,-1.228185e+01,2.221641e-01,5.135803e-01,-3.635845e-01,4.043790e+11
0,0.000000,228,6.540253e+00,9.158390e+00,-9.860213e+00,9.368140e-01,-9.668587e-01,-9.397707e-02,4.169450e+11
0,0.000000,229,2.692471e+01,-2.809237e+01,-3.864508e+01,-7.654517e-01,3.947440e-01,-2.143254e-01,2.019537e+11
0,0.000000,230,-3.055690e+01,-3.012171e+01,4.930497e+01,3.363897e-01,-5.494110e-01,2.526202e-01,8.436178e+11
0,0.000000,231,-4.686945e+01,1.775965e+01,1.567710e+01,2.218927e-01,1.913558e-01,-9.320949e-01,2.298081e+11
0,0.000000,232,-1.475320e+01,-1.478397e+01,1.203910e+01,8.357411e-01,8.874884e-01,-9.564222e-01,8.874148e+11
0,0.000000,233,4.603148e+01,-2.519965e+00,-2.026669e+01,4.591238e-01,3.877533e-01,-1.782354e-01,8.483677e+11
0,0.000000,234,-1.087514e+01,3.037196e+01,-4.592714e+01,1.713592e-01,-9.949951e-01,-9.324434e-01,2.613357e+11
0,0.000000,235,-2.722031e+01,1.600884e+01,-4.040874e+01,-4.817951e-01,-3.246301e-01,5.053673e-01,8.713483e+11
0,0.000000,236,4.333629e+01,2.866362e+01,-4.079229e+01,-4.283382e-01,-7.224070e-01,4.249363e-01,2.116644e+11
0,0.000000,237,-4.174593e+01,2.342570e+01,-4.100210e+01,-9.142890e-01,-5.818853e-01,-2.253757e-01,7.746932e+11
0,0.000000,238,4.029340e+01,2.981944e+01,1.192534e+01,-4.116347e-01,2.038281e-01,3.199641e-01,8.810636e+11
0,0.000000,239,1.044165e+01,1.937604e+01,-3.662633e+01,6.644269e-01,-2.923024e-01,-5.407013e-01,1.004027e+11
0,0.000000,240,1.915337e+01,4.823330e+01,4.613646e+01,2.497932e-01,5.379384e-01,-8.931165e-01,9.116202e+11
0,0.000000,241,4.077657e+01,2.659099e+01,-3.855711e+01,9.806128e-01,3.338414e-04,-5.911841e-01,4.283024e+10
0,0.000000,242,2.092243e+01,9.172008e+00,3.055792e+01,2.243166e-01,-2.201710e-01,-1.503347e-01,9.072775e+11
0,0.000000,243,4.918285e+01,-4.151853e+01,2.862032e+01,1.924901e-01,5.571502e-01,8.398798e-01,4.341739e+11
0,0.000000,244,-3.675761e+01,-3.504108e+01,1.977432e+00,6.479153e-01,-7.361555e-01,-3.772215e-02,4.543657e+11
0,0.000000,245,4.008914e+01,3.458068e+00,-1.404183e+01,6.173143e-01,-3.990189e-01,-5.197878e-02,8.009739e+11
0,0.000000,246,3.006575e+01,1.784185e+01,3.321254e+01,1.976357e-02,-4.597228e-01,2.754093e-01,1.308197e+11
0,0.000000,247,1.600531e+01,-4.374627e+01,-4.716190e+01,3.037633e-01,-7.052959e-01,6.291684e-01,2.556454e+11
0,0.000000,248,4.259272e+01,2.345241e+01,1.765852e+01,-8.832979e-01,7.682267e-01,-6.072810e-01,8.834856e+11
0,0.000000,249,-4.839644e+01,1.774984e+01,-1.688371e+01,8.338541e-01,-5.758418e-01,3.814893e-01,7.283284e+11
0,0.000000,250,1.256966e+00,-3.352448e+01,2.454773e+00,-3.735457e-01,6.863476e-01,-2.866538e-01,8.248778e+11
0,0.000000,251,-3.866876e+01,4.943778e+01,4.451490e+01,5.467310e-01,-8.861699e-01,9.470601e-01,4.309947e+11
0,0.000000,252,-2.957329e+01,2.881142e+01,1.733739e+01,-7.396115e-01,4.527673e-02,-3.000819e-01,1.966599e+11
0,0.000000,253,-9.324827e+00,4.631855e+00,-4.291460e+01,-1.544254e-01,-5.523661e-01,-1.959660e-01,3.463172e+11
0,0.000000,254,-6.410395e+00,-4.072384e+01,-4.347014e+01,8.969314e-01,-4.849663e-01,1.796926e-01,2.690759e+11
0,0.000000,255,-3.993093e+01,4.465194e+01,-4.151982e+01,-5.719939e-01,8.817943e-01,-9.400984e-01,9.874949e+11
10,0.100000,0,-3.218483e+01,-1.007357e+01,-3.338385e+01,-4.147837e-01,-7.854564e-01,-8.602428e-01,2.829088e+11
10,0.100000,1,-4.525116e+01,-1.795119e+01,-2.278166e+01,-7.709590e-01,-1.534096e+00,-1.553617e+00,2.097202e+11
10,0.100000,2,-4.561871e+01,-1.565384e+01,1.480434e+01,-5.275267e-01,-8.977093e-01,7.975225e-01,6.588644e+11
10,0.100000,3,2.732491e+00,5.488735e-01,4.151884e+01,-6.494710e-01,-7.154807e-01,-1.107625e+00,7.227295e+11
10,0.100000,4,1.378224e+01,3.805778e+01,-8.785298e+00,5.282375e-01,-6.160404e-01,1.891239e-01,3.777169e+10
10,0.100000,5,-1.576462e+01,1.332587e+01,-1.961894e+01,-2.032289e-01,8.953648e-01,2.128053e-01,7.603737e+11
10,0.100000,6,-3.240419e+01,2.957298e+01,4.597311e+01,-4.514920e-01,-7.875590e-01,-2.875660e-02,3.760901e+11
10,0.100000,7,-3.301427e+01,-1.362952e+00,-4.742984e+01,2.629171e-01,1.130815e+00,1.077970e+00,8.865707e+11
10,0.100000,8,-3.888707e+01,4.993369e+01,1.048646e+01,6.053109e-01,6.206671e-01,-9.889109e-01,5.686733e+11
10,0.100000,9,-3.395979e+01,9.578992e+00,9.276039e+00,1.319842e-01,-5.810582e-01,7.763648e-01,8.941096e+11
10,0.100000,10,-3.173700e+01,-2.767626e+00,1.511405e+01,-1.014056e-01,-3.995662e-01,3.546653e-01,5.834609e+11
10,0.100000,11,-9.126721e+00,-2.817622e+01,4.494662e+01,8.396999e-02,4.280339e-01,7.685125e-01,2.829535e+11
10,0.100000,12,1.958548e+01,4.155220e+01,-3.385665e+01,5.647937e-01,6.876960e-01,6.474428e-01,5.592508e+11
10,0.100000,13,2.944206e+01,2.837601e+01,-3.806427e+01,8.479460e-01,-3.217708e-01,5.344692e-01,4.625995e+11
10,0.100000,14,1.091146e+01,1.071456e+01,-1.502574e+01,4.695115e-01,-8.566741e-01,-8.879071e-01,1.590002e+11
10,0.100000,15,-1.511420e+01,1.121739e+01,2.298798e+01,-4.101896e-02,4.980375e-01,1.499200e-01,3.424411e+11
10,0.100000,16,3.348760e+00,1.531055e+01,1.117713e+01,-6.327277e-01,9.693253e-02,5.049696e-01,4.540015e+10
10,0.100000,17,-1.790362e+00,3.895692e+00,9.077338e+00,-5.065495e-01,-3.562912e-01,4.455872e-01,2.383601e+11
10,0.100000,18,2.027902e+01,-7.929570e+00,1.873684e+01,-4.963304e-01,-8.696660e-01,-9.512321e-01,1.124069e+11
10,0.100000,19,-3.911954e+01,-4.605566e+01,-2.455583e+01,-3.578295e-02,4.429856e-01,1.009242e+00,2.228659e+11
10,0.100000,20,-1.943445e+00,1.623114e+01,5.048105e+00,-9.993614e-01,-4.029950e-01,-6.622486e-01,2.517453e+11
10,0.100000,21,3.835635e+01,4.347954e+01,-2.198198e+01,-4.511998e-01,-5.906510e-01,2.496196e-01,6.459795e+11
10,0.100000,22,2.971086e+01,7.968389e+00,3.730910e+01,-1.211069e-01,-9.628156e-01,-2.432086e-02,8.138987e+11
10,0.100000,23,-4.702493e+01,9.908544e+00,4.151066e+01,-5.129289e-01,2.399294e-01,-7.447461e-01,6.005106e+11
10,0.100000,24,-2.103683e+01,-3.465341e+01,3.113305e+01,5.719822e-01,7.708644e-01,-3.598050e-01,7.874010e+11
10,0.100000,25,-3.693093e+01,2.465347e+00,-4.707387e+01,-9.506334e-01,1.459243e-01,-3.403776e-01,3.871927e+11
10,0.100000,26,4.339213e+01,-3.198617e+01,-4.761797e+01,4.043801e-01,4.884445e-01,8.565727e-01,2.386911e+11
10,0.100000,27,2.616696e+01,-4.304356e+00,-4.564781e+01,5.451004e-01,-8.314301e-01,1.074826e+00,9.310274e+11
10,0.100000,28,1.950154e+01,-3.723038e+01,2.665497e+00,8.903250e-01,-3.350810e-01,-2.847882e-01,7.567738e+11
10,0.100000,29,-4.036068e+01,2.003051e+01,3.963543e+00,-3.644558e-01,-6.370884e-01,1.233294e-01,2.502779e+11
10,0.100000,30,1.849253e+01,3.779120e+01,1.238391e+01,1.276510e-01,-1.039901e+00,2.370413e-01,3.558971e+11
10,0.100000,31,3.183857e+01,4.309936e+00,8.051348e+00,2.223446e-02,-9.696470e-01,2.391919e-01,3.774633e+11
10,0.100000,32,-4.423890e+01,8.211216e+00,-1.981568e+01,6.556039e-01,4.560624e-01,6.899518e-01,7.384179e+11
10,0.100000,33,4.903285e+01,-3.329893e+01,-1.036971e+00,-9.597025e-01,8.590936e-01,-9.115351e-01,3.220288e+11
10,0.100000,34,-4.072018e+01,9.864800e+00,5.757637e+00,8.177981e-01,-5.790849e-02,-6.030269e-01,4.018701e+11
10,0.100000,35,3.518881e+00,3.285598e+01,2.450147e+01,-3.634548e-01,-3.271550e-01,-4.589510e-01,9.340962e+11
10,0.100000,36,-1.267818e+01,4.489738e+01,-1.952569e+01,-8.612375e-02,-2.325430e-01,3.265180e-01,1.906360e+11
10,0.100000,37,-2.595535e+01,-6.545293e+00,4.181103e+01,-4.653277e-01,2.852029e-01,-3.082470e-01,3.256788e+11
10,0.100000,38,-3.171917e+00,-6.244951e+00,1.337221e+01,2.880440e-02,-8.475427e-01,-6.813779e-01,3.445997e+11
10,0.100000,39,1.327168e+00,-1.267439e+01,2.337575e+01,-9.550552e-01,-4.972725e-01,-1.489781e-01,4.087622e+11
10,0.100000,40,7.495708e+00,3.048833e+01,-1.636146e+01,8.135960e-01,4.738935e-01,3.690196e-01,3.846115e+11
10,0.100000,41,-2.153751e+01,-2.528370e+01,6.082945e+00,1.268764e-01,5.232509e-01,-6.239349e-02,7.591800e+11
10,0.100000,42,-2.173437e+01,3.872134e+01,-4.241241e+01,5.471264e-01,-4.699940e-01,6.058851e-01,3.182194e+11
10,0.100000,43,-1.375079e+01,4.013297e+01,1.491904e+01,8.852164e-01,-6.026789e-01,-2.519925e-01,9.256596e+11
10,0.100000,44,-2.310867e+00,3.622839e+01,-1.721150e+01,-9.620614e-01,2.237956e-01,4.091783e-01,9.996974e+11
10,0.100000,45,-7.933963e+00,-1.951986e+01,-1.214594e+01,4.341526e-01,1.188816e-01,9.212899e-01,2.379984e+11
10,0.100000,46,-2.669233e+01,-8.213685e+00,4.865522e+01,9.481506e-02,-3.176158e-01,-1.090427e+00,2.734147e+11
10,0.100000,47,1.313438e+01,2.724870e+01,7.711734e+00,9.068306e-01,2.980193e-01,-6.107193e-01,8.700814e+11
10,0.100000,48,4.489258e+01,1.098299e+01,2.932794e+01,-3.197081e-01,7.202735e-03,-8.288809e-01,4.835107e+11
10,0.100000,49,-3.611266e+01,2.848534e+01,-2.166492e+00,2.641187e-01,-9.375534e-01,6.794673e-01,2.716077e+11
10,0.100000,50,1.420737e+01,2.947174e+01,-5.460065e-01,6.578319e-01,-6.431347e-01,-1.199038e-02,3.963026e+11
10,0.100000,51,1.813513e+00,4.408451e+00,1.559943e+01,-8.288084e-01,-3.529458e-01,-6.033633e-01,1.509222e+11
10,0.100000,52,4.909206e+01,-4.000619e+00,-4.885477e+01,7.582181e-01,-8.058211e-01,7.285465e-01,3.723058e+11
10,0.100000,53,4.240931e+00,4.263428e+01,3.440398e+01,3.293229e-01,2.862817e-01,-5.068290e-01,2.478318e+11
10,0.100000,54,3.014109e+01,-3.211795e+01,4.995437e-01,-2.517793e-01,1.027908e+00,1.041918e+00,3.248177e+11
10,0.100000,55,-3.133286e+01,-1.984279e+00,2.080293e+01,6.161593e-01,-9.642778e-01,-4.073993e-01,8.557808e+11
10,0.100000,56,-1.586869e+01,9.772294e+00,4.961010e+01,-3.728459e-01,-9.057182e-01,-1.262990e+00,2.788510e+11
10,0.100000,57,-3.709574e+01,3.127836e+01,1.375046e+01,4.974445e-01,3.607710e-01,-7.021109e-02,3.585567e+11
10,0.100000,58,-5.006404e+00,3.045582e+01,9.185849e+00,-5.922795e-01,1.102405e+00,-9.883362e-01,6.979965e+11
10,0.100000,59,4.553334e+01,-4.040976e+01,-4.868178e+01,-7.893323e-01,1.315456e-01,5.055940e-01,8.485814e+11
10,0.100000,60,1.018116e+01,-4.141234e+01,2.015655e+01,8.869533e-01,6.025966e-01,3.651335e-01,2.821165e+11
10,0.100000,61,2.427131e+01,2.058487e+01,4.611391e+00,6.097121e-01,3.692227e-02,-6.389112e-01,5.468506e+11
10,0.100000,62,-2.426152e+01,1.656968e+01,3.943010e+01,5.034244e-01,-1.630560e-01,-1.594071e-01,9.594888e+11
10,0.100000,63,-4.794446e+00,8.362538e+00,1.541810e+01,-2.177480e-01,3.135092e-01,2.919604e-01,5.544898e+11
10,0.100000,64,-2.438521e+01,-1.118967e+01,-1.033444e+01,8.320109e-01,-1.041727e-04,-7.465768e-01,8.019865e+11
10,0.100000,65,-3.420497e+01,2.964315e+01,-4.249895e+01,8.290934e-01,-1.194539e-01,3.796806e-01,7.734167e+11
10,0.100000,66,-4.794672e+01,3.051945e+01,-1.868872e+01,-2.475445e-01,-1.447841e-01,-5.710244e-01,9.853652e+11
10,0.100000,67,4.406437e+01,1.942079e+01,4.443579e+01,-3.794964e-01,-3.885903e-01,6.070276e-02,8.028133e+11
10,0.100000,68,4.568436e+01,-2.345335e+01,-1.489277e+01,-6.937606e-01,3.846957e-01,5.437248e-01,7.934820e+10
10,0.100000,69,-3.730036e+01,3.463737e+01,3.704762e+01,-2.068431e-01,1.418089e-01,8.760774e-01,1.927672e+11
10,0.100000,70,-3.552648e+01,6.604266e+00,4.554649e+01,-5.159969e-01,-2.523793e-01,-6.277560e-01,4.491464e+11
10,0.100000,71,3.426754e+01,-2.341861e+00,-7.133113e+00,4.658026e-01,-6.027479e-01,-2.676421e-01,1.844075e+11
10,0.100000,72,-5.090780e+00,4.711245e+01,4.767807e+01,-1.771717e-01,-6.401045e-01,-4.818215e-01,6.230759e+11
10,0.100000,73,3.896065e+01,-4.238940e+01,1.893588e+01,-1.068347e+00,9.504631e-01,5.411972e-02,3.089408e+11
10,0.100000,74,6.484164e+00,3.816311e-01,-1.347255e+00,3.205221e-01,-8.336450e-01,-7.396369e-02,8.766608e+11
10,0.100000,75,-5.840377e+00,2.111433e+01,-1.807316e+01,-4.829716e-01,-6.342178e-01,5.806744e-01,7.678745e+10
10,0.100000,76,-1.400225e+01,-3.794671e+01,-2.566236e+01,6.391177e-01,-6.433308e-01,-4.697145e-01,2.230406e+11
10,0.100000,77,-1.712503e+01,4.856831e+00,3.344556e+01,-5.343095e-01,3.223984e-01,-5.859980e-02,2.440442e+11
10,0.100000,78,4.560103e+00,-4.167205e+01,3.789658e+00,-8.278219e-01,3.987031e-01,-9.394231e-01,8.221462e+11
10,0.100000,79,1.573487e+01,-3.305241e+00,1.952661e+01,-9.070137e-01,-6.015589e-01,-1.018850e+00,3.900119e+11
10,0.100000,80,-1.326960e+01,2.629317e+01,-4.850034e+00,4.854760e-01,7.288724e-01,3.617991e-01,5.402214e+11
10,0.100000,81,4.755379e+01,4.155107e+01,2.508280e+01,-5.038481e-01,-1.409368e-01,7.262674e-02,5.286885e+11
10,0.100000,82,-4.117760e+01,-3.912733e+01,2.601267e+01,3.473261e-01,-5.227076e-01,-4.323039e-01,7.472876e+11
10,0.100000,83,2.794125e+01,-1.760475e+01,6.484582e+00,-2.482978e-01,6.336631e-01,-4.771676e-01,5.415227e+11
10,0.100000,84,4.694295e+01,-2.248345e+01,4.205914e+01,-4.271707e-01,-8.649839e-01,-3.383093e-01,7.278607e+10
10,0.100000,85,4.219835e+01,-4.324873e+01,9.884332e+00,6.648376e-01,1.081289e+00,-3.146703e-01,2.101516e+11
10,0.100000,86,-5.330972e+00,4.346851e+01,2.261718e+01,4.397676e-01,-3.903850e-01,2.803491e-01,1.770065e+11
10,0.100000,87,-2.643411e+01,2.847260e+01,4.133705e+01,-9.796502e-01,-8.732267e-01,-1.754717e-01,4.584131e+11
10,0.100000,88,4.000067e+01,2.390022e+01,4.901157e+01,5.319470e-01,-5.221238e-01,3.535879e-01,2.139438e+11
10,0.100000,89,-4.464059e+01,-2.173713e+01,-2.302330e+01,8.620451e-01,2.367065e-01,6.440214e-01,8.734297e+11
10,0.100000,90,-1.675089e+01,-2.821367e+01,-4.253578e+01,6.283701e-01,-6.156666e-01,6.632840e-01,3.202339e+11
10,0.100000,91,-3.028325e+01,-2.135396e+01,-1.803646e+00,1.519442e-02,-7.638366e-01,-1.835952e-01,4.545050e+11
10,0.100000,92,-3.196083e+01,3.740664e+01,4.022998e+01,-7.788446e-01,4.666761e-02,6.763676e-01,9.503059e+11
10,0.100000,93,1.285105e+01,3.019157e+01,-3.442302e+01,3.284562e-01,-8.926247e-01,-1.559514e-02,6.596846e+11
10,0.100000,94,-6.512933e+00,-2.063132e+01,2.848897e+00,5.200837e-01,1.021072e-01,1.613382e-01,5.500911e+11
10,0.100000,95,1.653609e+01,-9.662591e+00,3.587158e+01,6.158368e-01,5.086301e-01,-4.610864e-01,3.026058e+11
10,0.100000,96,2.624395e+01,2.365576e+01,2.446847e+01,8.121961e-01,1.567385e-01,2.271515e-01,3.306763e+10
10,0.100000,97,-2.757882e+01,3.812119e+00,4.726654e+01,8.036417e-01,-2.638214e-01,-9.895805e-01,5.383162e+11
10,0.100000,98,-7.406553e+00,5.449184e+00,-3.098506e+01,6.558520e-01,6.956619e-01,5.503192e-01,6.307300e+11
10,0.100000,99,-1.408332e+01,-1.787236e+01,-3.278910e+01,-9.404973e-01,5.613299e-01,-8.244957e-01,8.880208e+11
10,0.100000,100,-8.617063e+00,-1.279490e+01,-3.170929e+01,-7.511422e-01,-7.602640e-01,9.594421e-01,1.278201e+11
10,0.100000,101,2.198030e+01,7.311870e+00,-3.580431e+01,8.557170e-01,-7.556931e-01,-6.576374e-01,7.974176e+11
10,0.100000,102,-4.715193e+00,-2.564975e+01,-1.696645e+01,1.088421e+00,-4.276151e+00,5.554583e+00,7.407900e+11
10,0.100000,103,1.457440e+01,-2.626881e+01,-1.347703e+01,-1.100510e+00,2.310257e-01,1.489925e-01,4.027040e+10
10,0.100000,104,-2.173790e+01,6.963392e+00,4.170186e+01,4.338462e-01,9.310580e-01,-9.716468e-01,8.740655e+11
10,0.100000,105,-4.491957e+01,-4.729505e+01,4.914127e+01,6.063495e-01,2.911043e-01,-8.226556e-01,7.159539e+11
10,0.100000,106,2.118316e+01,-2.504610e+01,8.804506e-01,-7.622294e-01,4.379587e-02,7.144618e-01,5.211885e+10
10,0.100000,107,-2.072203e+01,-1.434718e+01,2.803260e+01,9.214855e-01,2.974382e-01,-8.388511e-01,9.450611e+11
10,0.100000,108,-3.481605e+01,1.833462e+01,4.754190e+01,-2.649770e-03,-5.403207e-01,5.820884e-01,1.395692e+11
10,0.100000,109,-3.058468e+01,4.919468e+01,-4.957955e+01,-4.818817e-01,-1.097784e+00,1.127882e+00,2.465284e+10
10,0.100000,110,1.196459e+01,-3.705097e+01,2.275832e+01,-3.388184e-01,-1.628345e-01,-6.685023e-01,5.016133e+11
10,0.100000,111,3.726095e+01,-4.262133e+01,3.894942e+00,-7.867373e-01,-1.434710e-02,-3.377734e-01,1.128641e+11
10,0.100000,112,-4.763966e+01,-3.460707e+00,-4.520419e+01,-3.761772e-01,-6.413407e-01,-8.607604e-01,6.139056e+11
10,0.100000,113,-9.773667e+00,4.164255e+01,2.410816e+01,3.694190e-01,7.344405e-01,3.196286e-01,8.430211e+11
10,0.100000,114,4.279050e+01,2.403825e+01,3.563088e+01,-3.762920e-02,6.771915e-01,1.257880e-01,8.809183e+11
10,0.100000,115,-2.515900e+01,3.208082e+01,-1.232936e+01,-5.756390e-01,6.074560e-01,8.179699e-01,2.941500e+11
10,0.100000,116,-1.756170e+01,-2.644991e+01,-1.091199e+01,-2.212074e-01,5.572125e-01,-5.800165e-02,5.288465e+11
10,0.100000,117,3.500415e+01,-3.727843e+00,-3.655123e+01,-5.984930e-01,-1.750456e-01,8.215215e-01,8.504653e+11
10,0.100000,118,-2.128573e+01,1.193608e+01,1.904557e+01,-3.553164e-01,-3.913525e-01,1.614331e-01,7.653411e+11
10,0.100000,119,-2.708236e+01,-3.687551e+01,1.421918e+01,1.941748e-02,1.066226e+00,-1.010831e+00,6.036381e+11
10,0.100000,120,3.451414e+01,4.340327e+01,3.864133e+01,-7.574590e-01,-7.900176e-01,-5.137663e-01,5.231914e+11
10,0.100000,121,3.708362e+01,2.165814e+01,-4.578203e+01,3.514457e-01,-6.733157e-01,-4.991470e-01,9.736597e+11
10,0.100000,122,5.894881e+00,-4.482635e+01,3.223252e+01,7.065867e-01,4.628120e-01,-1.053537e-01,7.061728e+10
10,0.100000,123,-4.695813e+01,-4.409111e+01,3.241464e+01,-3.589493e-01,-4.989091e-01,-1.423123e-01,7.403487e+11
10,0.100000,124,-3.581507e+01,-1.420342e+00,-1.629094e+01,1.104179e+00,-1.270180e-01,-5.295870e-01,1.652667e+11
10,0.100000,125,8.985874e+00,1.317307e-01,1.754149e+01,-1.645988e-01,-5.424079e-01,3.880745e-01,1.897044e+11
10,0.100000,126,-1.013175e+01,3.946325e+01,-3.445608e+01,8.656594e-01,7.397991e-01,1.131840e+00,8.047768e+11
10,0.100000,127,1.169473e+01,-9.936439e-01,3.641832e+01,2.047528e-01,1.487735e-01,2.329627e-01,9.081841e+11
10,0.100000,128,2.398287e+01,-3.447112e+01,1.454451e+01,6.447270e-01,3.776356e-01,8.924678e-01,8.689551e+11
10,0.100000,129,-4.385722e+01,-2.934089e+01,-4.753021e+01,3.814775e-01,5.070008e-01,5.146884e-01,1.206212e+11
10,0.100000,130,4.262595e+01,-8.278968e+00,-2.067803e+01,-4.245332e-01,-1.983733e-01,-5.525007e-02,2.887161e+11
10,0.100000,131,-2.422890e+01,-7.413142e+00,-4.151697e+01,7.414731e-01,9.040628e-01,1.062535e+00,5.263974e+11
10,0.100000,132,-3.550056e+00,1.368922e+01,-7.154406e+00,-6.066534e-01,5.646961e-01,-8.089748e-01,9.423521e+10
10,0.100000,133,-6.729557e+00,-4.440050e+01,4.531637e+01,-3.225072e-02,-3.418379e-01,8.417762e-01,1.536961e+11
10,0.100000,134,4.708573e+01,1.764454e+01,-2.430552e+01,6.309576e-01,-8.466828e-01,1.312226e-01,2.294375e+11
10,0.100000,135,-9.403298e+00,4.981759e+01,3.278050e-01,3.822012e-01,-3.834826e-01,1.934458e-01,5.419177e+11
10,0.100000,136,-1.605086e+01,3.557304e+00,-4.410536e+01,6.274373e-01,-6.259246e-01,1.736857e-01,1.817822e+10
10,0.100000,137,4.640822e+01,6.174653e+00,-4.070854e+01,-3.515912e-01,2.413302e-01,-8.291584e-01,8.920030e+11
10,0.100000,138,3.807301e+01,-4.765195e+01,-4.641366e+01,7.104180e-01,5.161168e-01,-3.750398e-01,7.503638e+11
10,0.100000,139,2.940078e+01,3.434130e+01,4.694303e+01,-6.439075e-01,6.151863e-01,-1.949147e-01,8.646032e+11
10,0.100000,140,-2.347316e+01,-4.396510e+01,-9.950166e+00,2.430420e-01,3.720528e-01,-3.501730e-02,4.142350e+11
10,0.100000,141,2.687991e+01,4.471670e+01,-8.341467e+00,3.642465e-01,-1.515661e-01,6.858877e-03,1.384630e+11
10,0.100000,142,-3.738029e+01,5.597048e+00,-4.797013e+01,-8.576018e-01,-2.016777e-01,-6.345143e-01,8.593346e+11
10,0.100000,143,-2.210251e+01,-1.506008e+01,1.058235e+01,-6.600790e-01,-5.121891e-01,1.222585e-01,2.810386e+11
10,0.100000,144,-4.660052e+01,-4.524285e+01,-3.629295e+01,-3.251996e-01,-6.766096e-01,1.514643e-01,9.046293e+11
10,0.100000,145,2.041921e+01,4.973599e+01,-1.877722e+01,-1.057833e-01,6.962727e-01,5.120605e-01,2.135904e+11
10,0.100000,146,-4.705220e+00,-2.597147e+01,-1.662833e+01,-3.453072e-01,7.037201e+00,-6.936892e+00,5.908249e+11
10,0.100000,147,-1.261267e+01,-8.691691e+00,-5.582749e+00,3.139335e-01,5.531640e-01,-8.389991e-01,7.294669e+11
10,0.100000,148,4.557154e+01,1.257824e+01,-4.998080e+01,8.555369e-01,3.293402e-01,-5.653100e-01,2.958760e+11
10,0.100000,149,2.816464e+01,1.752258e+01,-3.075504e+01,-1.170451e-01,3.190718e-01,6.581251e-02,9.591584e+11
10,0.100000,150,1.157546e+01,-2.670242e+01,-3.355788e+01,-9.239525e-01,4.340109e-02,1.037562e-01,6.523790e+11
10,0.100000,151,-2.338839e+01,3.556193e+01,-2.642401e+01,3.935026e-01,-5.718988e-01,4.339176e-01,2.998021e+11
10,0.100000,152,-4.682810e+01,2.303683e+01,-4.809626e+01,1.146961e+00,-3.402650e-01,-7.643318e-01,9.761201e+11
10,0.100000,153,-4.699679e+01,-3.421342e+01,-2.353867e+01,7.419555e-01,7.977320e-01,-3.605908e-02,3.043183e+11
10,0.100000,154,4.193247e-01,4.611218e+01,-2.440113e+01,-8.101986e-01,-8.233678e-01,-4.581160e-02,1.980969e+11
10,0.100000,155,1.663433e+01,4.204750e+01,3.384179e+01,8.026483e-01,4.383942e-01,-9.279249e-01,5.758210e+11
10,0.100000,156,-4.555453e+01,2.545608e+01,3.646300e+01,-5.777957e-01,-7.860207e-02,6.968864e-01,7.180922e+10
10,0.100000,157,3.416063e+01,4.032356e+01,-4.618494e+01,6.668402e-01,-9.836353e-01,-2.662957e-01,6.854936e+11
10,0.100000,158,3.936528e+01,2.601709e+01,4.793229e+01,-2.155899e-01,1.626960e-01,-6.050445e-01,5.239423e+11
10,0.100000,159,4.160203e+01,1.561708e+01,2.091692e+01,2.947532e-02,2.232930e-01,6.226787e-02,5.186390e+11
10,0.100000,160,-1.476950e+01,1.222894e+01,-4.141949e+01,-2.358179e-01,-2.703986e-01,1.053451e+00,4.784774e+11
10,0.100000,161,3.622954e+01,3.335159e+01,3.572968e+00,2.905413e-01,3.677921e-01,1.942067e-01,5.785806e+11
10,0.100000,162,2.984026e+01,3.770290e+01,-2.435931e+01,3.789335e-01,2.066097e-01,-4.186494e-01,9.941114e+10
10,0.100000,163,-1.417708e+01,-2.850413e+00,1.092087e+01,-4.355623e-01,-8.391163e-01,-5.745539e-01,8.577661e+11
10,0.100000,164,2.038024e+01,3.665268e+01,-1.299222e+01,-9.902701e-01,-1.518320e-01,-3.022965e-02,4.593716e+11
10,0.100000,165,3.661991e+01,-9.524588e+00,4.270508e+01,3.471108e-01,-4.589463e-01,-1.914041e-01,4.371898e+11
10,0.100000,166,4.755501e+01,-4.628139e+01,-4.943852e+01,3.961955e-01,1.022937e+00,-3.892662e-01,4.708448e+11
10,0.100000,167,5.095015e+00,-7.996037e-02,5.545658e+00,7.248031e-01,9.830418e-01,-7.524788e-01,1.916087e+11
10,0.100000,168,-4.010511e+01,-1.626504e+00,-4.602940e+01,8.422500e-01,-1.382645e-01,-9.428523e-02,8.609500e+11
10,0.100000,169,3.395887e+01,3.650662e+01,-1.868104e+01,3.257047e-01,-4.668686e-01,-5.450633e-01,4.391972e+11
10,0.100000,170,8.566925e-01,2.035484e+01,3.653564e+01,-1.022181e-01,3.667466e-01,5.533445e-01,2.648757e+11
10,0.100000,171,1.532952e+01,-3.665134e+01,2.227063e+01,-9.423597e-01,3.325559e-01,-5.238773e-01,1.221386e+11
10,0.100000,172,1.028413e+01,-5.553897e+00,-2.034183e+01,3.083982e-01,8.816167e-01,-2.150328e-01,5.090612e+11
10,0.100000,173,-2.220744e+01,2.464742e+01,-1.361655e+01,-6.649786e-01,2.122020e-01,3.895951e-01,8.248638e+11
10,0.100000,174,3.818187e+01,4.178478e+01,-2.436196e+01,-3.336369e-01,4.094021e-01,-2.784296e-01,8.757373e+11
10,0.100000,175,-1.394044e+01,4.920916e+01,-3.676753e+01,-9.594621e-01,-9.848662e-01,8.464113e-01,2.268290e+11
10,0.100000,176,2.577566e+01,-3.662450e+01,-1.675615e+01,-3.663621e-01,2.679094e-01,3.268832e-01,7.121465e+10
10,0.100000,177,5.806622e-01,4.656446e+01,6.636204e+00,5.090346e-01,2.086602e-01,8.493511e-01,9.024914e+11
10,0.100000,178,-1.767043e+01,1.067265e+01,2.250503e+01,-3.382579e-01,1.047128e-01,8.447123e-01,6.000821e+11
10,0.100000,179,-3.545895e+01,-3.974620e+01,-2.935699e+00,7.634934e-02,-6.286808e-01,2.629695e-01,5.260173e+11
10,0.100000,180,-2.782310e+01,-4.253339e+00,2.397559e+01,9.567867e-01,3.144182e-01,-1.092978e+00,3.463983e+11
10,0.100000,181,-3.311300e+01,2.017036e+01,-9.790293e+00,4.859895e-01,3.061735e-01,9.361787e-01,4.634361e+11
10,0.100000,182,-1.208914e+01,3.970868e+01,-1.408915e+01,4.504675e-01,-2.258260e-01,-8.258936e-01,9.088163e+11
10,0.100000,183,-4.720893e+01,-4.349415e+01,4.407025e-01,-5.207521e-01,-5.256764e-01,9.301432e-01,6.832514e+11
10,0.100000,184,-2.363278e+01,7.645385e+00,-2.982568e+01,3.598921e-02,-9.301206e-01,9.561015e-01,4.695276e+11
10,0.100000,185,1.255234e+01,-4.856722e+01,3.036419e+01,5.352477e-01,5.856889e-01,-6.952135e-01,4.734177e+11
10,0.100000,186,-1.170884e+01,-3.272287e+01,4.258702e+01,5.226360e-01,-7.070815e-01,-5.390111e-01,4.693188e+11
10,0.100000,187,7.421542e+00,-1.302828e+01,-1.277548e+01,1.059447e-01,-5.500867e-02,8.091623e-01,7.781692e+11
10,0.100000,188,1.037138e+01,3.501414e+01,-4.385810e+00,6.885879e-01,-2.889552e-01,3.296223e-01,3.584676e+11
10,0.100000,189,-3.900555e+00,9.907925e+00,3.162629e+01,-9.094569e-01,8.636258e-01,1.883266e-01,8.817712e+11
10,0.100000,190,-1.712663e+01,3.261858e+01,-1.515271e+01,5.915579e-01,8.884129e-01,-3.689440e-01,4.779433e+11
10,0.100000,191,-4.306377e+01,6.088173e+00,4.363952e+01,4.192803e-01,9.450929e-01,-5.344833e-01,2.532071e+11
10,0.100000,192,-1.342300e+01,-3.161586e+01,-4.783847e+01,9.289287e-01,-8.087984e-01,1.202824e-01,8.373343e+11
10,0.100000,193,-3.788579e+00,-3.648891e+01,-3.127911e+01,8.143245e-01,6.214851e-01,-8.962342e-01,1.970824e+10
10,0.100000,194,-1.533515e+01,1.238867e+01,3.900756e+01,2.921555e-01,-1.757662e-01,-6.920525e-01,3.922308e+11
10,0.100000,195,-5.143028e+00,1.345526e+00,3.590101e+01,3.926118e-02,-7.373699e-01,4.199986e-01,1.694456e+11
10,0.100000,196,-4.956239e+01,-3.963121e+01,-9.333936e+00,-1.193616e-01,-3.231550e-01,-9.839262e-02,3.450496e+11
10,0.100000,197,-1.770133e+01,4.053805e+01,-3.259862e+01,6.775908e-01,-1.082723e+00,-1.786416e-01,7.104283e+11
10,0.100000,198,2.739306e+01,-1.338512e+01,2.173966e+01,-8.940329e-01,1.052068e+00,1.398383e-01,7.978440e+11
10,0.100000,199,-6.036942e+00,3.466096e+01,-3.185349e+01,6.707361e-01,-2.894329e-01,-8.067689e-01,4.115004e+11
10,0.100000,200,-6.515517e+00,3.364146e+01,6.712232e+00,-2.582656e-02,6.205914e-01,1.080895e+00,8.110267e+11
10,0.100000,201,-2.718789e+01,-9.851994e+00,-3.526087e+01,1.279601e-01,-2.824086e-01,-2.921248e-01,3.417566e+11
10,0.100000,202,-1.521364e+01,1.830056e+01,-4.570694e+01,-7.845459e-01,-9.899242e-01,7.368269e-01,2.509985e+11
10,0.100000,203,-4.612676e+01,-1.326339e+01,-4.610101e+01,9.293084e-02,-4.330644e-01,-4.344404e-01,3.721527e+11
10,0.100000,204,7.446223e+00,-2.385899e+01,2.711718e+01,-1.034496e+00,-7.021237e-01,-4.439861e-01,4.547015e+11
10,0.100000,205,-4.623390e+01,-1.885215e+01,-2.416572e+01,7.110262e-02,2.637358e-01,2.710532e-01,8.183806e+11
10,0.100000,206,-4.795887e+01,2.274391e+01,-3.486483e+01,-5.268464e-02,-2.221747e-01,-5.982348e-01,4.964171e+11
10,0.100000,207,-3.991259e+00,4.538980e+01,2.349933e+01,-1.926138e-01,-7.542368e-01,3.881272e-01,9.770774e+11
10,0.100000,208,3.576519e+00,4.948169e+01,-1.577148e+01,-8.176112e-01,-7.287347e-01,-7.194265e-01,1.297692e+11
10,0.100000,209,-1.453495e+01,-4.770023e+00,7.057399e+00,-1.518675e-01,6.503195e-01,9.245603e-01,6.617158e+11
10,0.100000,210,-2.374557e+00,-2.651583e+01,-2.501586e+00,-4.846146e-02,1.042895e+00,2.995808e-01,8.668333e+11
10,0.100000,211,-1.267877e+01,3.210381e+01,-1.435829e+01,5.606451e-01,5.488886e-01,-7.913461e-01,3.385877e+11
10,0.100000,212,-4.030939e+01,3.658932e+01,-1.910891e+01,3.561539e-01,5.494138e-01,3.275978e-01,7.466053e+11
10,0.100000,213,-3.823642e+01,2.651371e+01,3.649430e+01,1.122803e-01,-6.132898e-01,-1.908570e-01,8.661977e+11
10,0.100000,214,4.806679e+01,-2.363097e+01,2.364026e+00,-2.251580e-01,3.750845e-02,9.862022e-01,9.542347e+11
10,0.100000,215,-3.975336e+00,1.241813e+01,3.188730e+01,6.565788e-01,-1.034186e+00,-8.778766e-01,6.692142e+11
10,0.100000,216,-2.799755e+01,-2.327105e+01,4.975440e+01,-3.422496e-01,-7.506402e-01,-5.402138e-01,9.503643e+11
10,0.100000,217,4.935209e+01,4.581252e+01,1.939727e+01,-9.149875e-01,3.016487e-01,1.364062e-01,5.880835e+11
10,0.100000,218,4.411983e+01,4.938544e+01,-5.075904e+00,7.221188e-01,-6.074054e-01,9.444112e-01,3.847918e+11
10,0.100000,219,2.555305e+01,4.699506e+01,-1.679912e+01,-6.579874e-01,1.623369e-02,-6.703457e-01,5.809256e+10
10,0.100000,220,-4.605483e+01,-1.721925e+01,2.146241e+01,-3.064832e-01,2.721686e-01,2.811550e-01,5.810266e+11
10,0.100000,221,2.287898e+01,-4.807072e+01,2.638321e+00,3.572216e-01,1.145611e+00,-5.398548e-01,8.357623e+11
10,0.100000,222,2.001851e+01,2.797667e+01,-8.159336e+00,1.535604e-01,5.242721e-01,7.838636e-01,5.668242e+11
10,0.100000,223,-4.682251e+01,3.389936e+01,4.407677e+01,7.435342e-01,5.306303e-01,-5.690887e-01,1.300490e+10
10,0.100000,224,-9.706570e+00,-7.474508e+00,-4.480702e+01,-1.614317e-01,5.617514e-01,7.146102e-01,7.054687e+11
10,0.100000,225,-1.523914e+01,-2.169671e+00,-2.203869e+01,-8.288941e-01,3.228744e-02,6.811975e-01,8.011655e+11
10,0.100000,226,-2.655612e+00,-4.731292e+01,1.327960e+01,-6.298913e-01,8.055409e-01,-9.543865e-01,8.165855e+11
10,0.100000,227,7.973220e+00,4.182848e+01,-1.229887e+01,1.504439e-01,3.195139e-01,-3.214631e-01,4.043790e+11
10,0.100000,228,6.585370e+00,9.109606e+00,-9.863266e+00,8.740899e-01,-9.829190e-01,-3.413678e-02,4.169450e+11
10,0.100000,229,2.688455e+01,-2.807042e+01,-3.865354e+01,-8.338664e-01,4.754315e-01,-1.320588e-01,2.019537e+11
10,0.100000,230,-3.053740e+01,-3.014417e+01,4.931417e+01,4.340147e-01,-3.668206e-01,1.280411e-01,8.436178e+11
10,0.100000,231,-4.685284e+01,1.776768e+01,1.562904e+01,4.225863e-01,1.352729e-01,-9.851506e-01,2.298081e+11
10,0.100000,232,-1.471141e+01,-1.473578e+01,1.198904e+01,8.358874e-01,1.026483e+00,-1.037903e+00,8.874148e+11
10,0.100000,233,4.604923e+01,-2.499900e+00,-2.027433e+01,2.696344e-01,4.124963e-01,-1.320182e-01,8.483677e+11
10,0.100000,234,-1.086730e+01,3.032038e+01,-4.596840e+01,1.447285e-01,-1.061650e+00,-7.375998e-01,2.613357e+11
10,0.100000,235,-2.724342e+01,1.599127e+01,-4.037998e+01,-4.462621e-01,-3.734480e-01,6.320991e-01,8.713483e+11
10,0.100000,236,4.330992e+01,2.862490e+01,-4.076870e+01,-6.081900e-01,-8.170138e-01,5.100335e-01,2.116644e+11
10,0.100000,237,-4.178916e+01,2.339526e+01,-4.101152e+01,-8.239973e-01,-6.308635e-01,-1.583763e-01,7.746932e+11
10,0.100000,238,4.026918e+01,2.982681e+01,1.194164e+01,-5.439722e-01,1.010203e-01,3.308053e-01,8.810636e+11
10,0.100000,239,1.047421e+01,1.936119e+01,-3.664936e+01,6.402489e-01,-3.007828e-01,-3.949587e-01,1.004027e+11
10,0.100000,240,1.916493e+01,4.825674e+01,4.608840e+01,2.159391e-01,4.122419e-01,-1.016802e+00,9.116202e+11
10,0.100000,241,4.082245e+01,2.658999e+01,-3.858668e+01,8.664029e-01,-3.615850e-02,-5.917970e-01,4.283024e+10
10,0.100000,242,2.093158e+01,9.160545e+00,3.054834e+01,1.493425e-01,-2.367118e-01,-2.254069e-01,9.072775e+11
10,0.100000,243,4.918973e+01,-4.148864e+01,2.866058e+01,9.267607e-02,6.308292e-01,7.769927e-01,4.341739e+11
10,0.100000,244,-3.672196e+01,-3.507578e+01,1.974171e+00,7.661652e-01,-6.596173e-01,-8.770373e-02,4.543657e+11
10,0.100000,245,4.011684e+01,3.437660e+00,-1.404465e+01,5.019055e-01,-4.156489e-01,-6.007997e-02,8.009739e+11
10,0.100000,246,3.006466e+01,1.781717e+01,3.322403e+01,-5.571975e-02,-5.214979e-01,1.923152e-01,1.308197e+11
10,0.100000,247,1.601980e+01,-4.377890e+01,-4.712806e+01,2.783621e-01,-6.096828e-01,7.157877e-01,2.556454e+11
10,0.100000,248,4.254391e+01,2.349025e+01,1.762701e+01,-1.052201e+00,7.474738e-01,-6.491056e-01,8.834856e+11
10,0.100000,249,-4.834943e+01,1.772032e+01,-1.686466e+01,1.027073e+00,-6.023187e-01,3.804784e-01,7.283284e+11
10,0.100000,250,1.237309e+00,-3.348633e+01,2.439925e+00,-4.092365e-01,8.255467e-01,-3.054096e-01,8.248778e+11
10,0.100000,251,-3.863898e+01,4.938981e+01,4.455969e+01,6.355209e-01,-1.019340e+00,8.539025e-01,4.309947e+11
10,0.100000,252,-2.960741e+01,2.881078e+01,1.732093e+01,-6.355078e-01,-6.056847e-02,-3.531073e-01,1.966599e+11
10,0.100000,253,-9.334332e+00,4.604511e+00,-4.291921e+01,-2.192781e-01,-5.424549e-01,-7.582357e-03,3.463172e+11
10,0.100000,254,-6.366304e+00,-4.074405e+01,-4.345858e+01,8.694422e-01,-3.381574e-01,2.732836e-01,2.690759e+11
10,0.100000,255,-3.995699e+01,4.469205e+01,-4.156427e+01,-4.794030e-01,7.371291e-01,-8.471734e-01,9.874949e+11
20,0.200000,0,-3.220119e+01,-1.011038e+01,-3.342598e+01,-2.573172e-01,-6.961550e-01,-8.291299e-01,2.829088e+11
20,0.200000,1,-4.530603e+01,-1.805674e+01,-2.288969e+01,-1.391479e+00,-2.605350e+00,-2.691449e+00,2.097202e+11
20,0.200000,2,-4.564033e+01,-1.569754e+01,1.484535e+01,-3.550318e-01,-8.542732e-01,8.391971e-01,6.588644e+11
20,0.200000,3,2.699317e+00,5.143840e-01,4.145732e+01,-6.747796e-01,-6.685818e-01,-1.330655e+00,7.227295e+11
20,0.200000,4,1.380583e+01,3.802210e+01,-8.774967e+00,4.260105e-01,-7.929631e-01,2.209967e-01,3.777169e+10
20,0.200000,5,-1.577434e+01,1.337032e+01,-1.960665e+01,-1.877811e-01,8.847619e-01,2.724843e-01,7.603737e+11
20,0.200000,6,-3.242379e+01,2.953174e+01,4.596498e+01,-3.435588e-01,-8.549036e-01,-2.720890e-01,3.760901e+11
20,0.200000,7,-3.300483e+01,-1.302421e+00,-4.737062e+01,1.267789e-01,1.275484e+00,1.271042e+00,8.865707e+11
20,0.200000,8,-3.885382e+01,4.996090e+01,1.043636e+01,7.136248e-01,4.817416e-01,-1.012580e+00,5.686733e+11
20,0.200000,9,-3.394971e+01,9.548880e+00,9.314418e+00,2.580609e-01,-6.192565e-01,7.605448e-01,8.941096e+11
20,0.200000,10,-3.173708e+01,-2.785862e+00,1.513551e+01,8.015353e-02,-3.359302e-01,4.910905e-01,5.834609e+11
20,0.200000,11,-9.124480e+00,-2.815422e+01,4.498010e+01,1.307105e-02,4.497618e-01,5.892303e-01,2.829535e+11
20,0.200000,12,1.961241e+01,4.158272e+01,-3.382113e+01,5.170983e-01,5.475464e-01,7.618406e-01,5.592508e+11
20,0.200000,13,2.948278e+01,2.835767e+01,-3.803448e+01,7.872504e-01,-4.032107e-01,6.457990e-01,4.625995e+11
20,0.200000,14,1.093184e+01,1.067129e+01,-1.506712e+01,3.575501e-01,-8.717798e-01,-7.779838e-01,1.590002e+11
20,0.200000,15,-1.513140e+01,1.123777e+01,2.299001e+01,-5.925601e-01,3.333656e-01,-4.769778e-02,3.424411e+11
20,0.200000,16,3.314623e+00,1.531431e+01,1.120128e+01,-7.234338e-01,5.784295e-02,4.656460e-01,4.540015e+10
20,0.200000,17,-1.817307e+00,3.877834e+00,9.100362e+00,-5.652134e-01,-3.570444e-01,4.734098e-01,2.383601e+11
20,0.200000,18,2.025095e+01,-7.971067e+00,1.868854e+01,-6.135818e-01,-7.973544e-01,-9.776473e-01,1.124069e+11
20,0.200000,19,-3.912000e+01,-4.602961e+01,-2.450424e+01,1.125528e-02,5.851787e-01,1.049262e+00,2.228659e+11
20,0.200000,20,-1.994203e+00,1.621007e+01,5.015366e+00,-1.027960e+00,-4.360601e-01,-6.483111e-01,2.517453e+11
20,0.200000,21,3.832878e+01,4.343541e+01,-2.198321e+01,-6.334781e-01,-1.121228e+00,-2.524927e-01,6.459795e+11
20,0.200000,22,2.970146e+01,7.921197e+00,3.730386e+01,-2.421329e-01,-9.283443e-01,-1.705066e-01,8.138987e+11
20,0.200000,23,-4.704482e+01,9.919550e+00,4.147113e+01,-3.036352e-01,2.040505e-01,-8.280605e-01,6.005106e+11
20,0.200000,24,-2.100738e+01,-3.461103e+01,3.111275e+01,6.028482e-01,9.103205e-01,-4.432178e-01,7.874010e+11
20,0.200000,25,-3.697788e+01,2.478873e+00,-4.708977e+01,-9.300115e-01,3.731031e-01,-3.001463e-01,3.871927e+11
20,0.200000,26,4.341077e+01,-3.196262e+01,-4.757340e+01,3.473021e-01,4.566993e-01,9.197664e-01,2.386911e+11
20,0.200000,27,2.619320e+01,-4.344374e+00,-4.558973e+01,5.083882e-01,-7.745547e-01,1.232181e+00,9.310274e+11
20,0.200000,28,1.954400e+01,-3.724426e+01,2.652322e+00,8.172621e-01,-2.311289e-01,-2.450252e-01,7.567738e+11
20,0.200000,29,-4.037395e+01,1.999625e+01,3.969305e+00,-1.847364e-01,-7.242715e-01,1.086608e-01,2.502779e+11
20,0.200000,30,1.849591e+01,3.773490e+01,1.239419e+01,1.847624e-02,-1.196085e+00,1.797269e-01,3.558971e+11
20,0.200000,31,3.183592e+01,4.262219e+00,8.063101e+00,-1.138059e-01,-9.418474e-01,2.320035e-01,3.774633e+11
20,0.200000,32,-4.420196e+01,8.235026e+00,-1.978027e+01,8.062485e-01,4.927897e-01,7.228352e-01,7.384179e+11
20,0.200000,33,4.898115e+01,-3.325251e+01,-1.081696e+00,-1.093988e+00,9.859440e-01,-8.793425e-01,3.220288e+11
20,0.200000,34,-4.067208e+01,9.861575e+00,5.728435e+00,1.079603e+00,-6.968805e-02,-5.682862e-01,4.018701e+11
20,0.200000,35,3.498760e+00,3.283766e+01,2.447550e+01,-4.342207e-01,-3.982765e-01,-5.688801e-01,9.340962e+11
20,0.200000,36,-1.268102e+01,4.487762e+01,-1.950621e+01,-3.267788e-02,-5.281259e-01,4.412662e-01,1.906360e+11
20,0.200000,37,-2.597663e+01,-6.528745e+00,4.179219e+01,-3.933400e-01,3.684859e-01,-4.323479e-01,3.256788e+11
20,0.200000,38,-3.173022e+00,-6.285141e+00,1.333638e+01,-6.366706e-02,-7.673259e-01,-7.440583e-01,3.445997e+11
20,0.200000,39,1.277965e+00,-1.269655e+01,2.336537e+01,-1.007519e+00,-3.985224e-01,-2.547304e-01,4.087622e+11
20,0.200000,40,7.534150e+00,3.051111e+01,-1.634060e+01,7.323922e-01,4.407734e-01,4.565787e-01,3.846115e+11
20,0.200000,41,-2.152912e+01,-2.525312e+01,6.079312e+00,1.997983e-01,6.837796e-01,-7.930889e-02,7.591800e+11
20,0.200000,42,-2.170575e+01,3.869453e+01,-4.237698e+01,5.928549e-01,-5.904679e-01,7.924956e-01,3.182194e+11
20,0.200000,43,-1.370285e+01,4.009863e+01,1.490592e+01,1.018956e+00,-7.552655e-01,-2.707134e-01,9.256596e+11
20,0.200000,44,-2.360812e+00,3.623658e+01,-1.718881e+01,-1.029247e+00,1.149457e-01,4.903144e-01,9.996974e+11
20,0.200000,45,-7.912099e+00,-1.951257e+01,-1.209802e+01,4.293900e-01,1.879885e-01,1.003721e+00,2.379984e+11
20,0.200000,46,-2.668583e+01,-8.227589e+00,4.859476e+01,1.587010e-01,-2.455815e-01,-1.306057e+00,2.734147e+11
20,0.200000,47,1.317756e+01,2.726224e+01,7.679429e+00,8.284652e-01,2.487688e-01,-6.749129e-01,8.700814e+11
20,0.200000,48,4.487185e+01,1.098508e+01,2.928452e+01,-4.917474e-01,6.980211e-02,-9.007351e-01,4.835107e+11
20,0.200000,49,-3.609545e+01,2.843523e+01,-2.133419e+00,4.095675e-01,-1.054807e+00,6.467231e-01,2.716077e+11
20,0.200000,50,1.423775e+01,2.943770e+01,-5.459055e-01,5.670014e-01,-7.114001e-01,1.371575e-02,3.963026e+11
20,0.200000,51,1.768570e+00,4.391203e+00,1.556733e+01,-9.559840e-01,-3.378599e-01,-6.728801e-01,1.509222e+11
20,0.200000,52,4.912665e+01,-4.039430e+00,-4.881508e+01,6.377372e-01,-7.518948e-01,8.471123e-01,3.723058e+11
20,0.200000,53,4.256491e+00,4.264483e+01,3.437448e+01,2.963333e-01,1.497125e-01,-6.580302e-01,2.478318e+11
20,0.200000,54,3.012472e+01,-3.206422e+01,5.528465e-01,-3.878752e-01,1.113170e+00,1.086639e+00,3.248177e+11
20,0.200000,55,-3.129637e+01,-2.032856e+00,2.077879e+01,8.224288e-01,-9.771228e-01,-5.441838e-01,8.557808e+11
20,0.200000,56,-1.588835e+01,9.726393e+00,4.953927e+01,-4.100920e-01,-9.279291e-01,-1.542299e+00,2.788510e+11
20,0.200000,57,-3.706660e+01,3.129319e+01,1.374603e+01,6.526131e-01,2.440631e-01,-1.038331e-01,3.585567e+11
20,0.200000,58,-5.038749e+00,3.051500e+01,9.131369e+00,-6.923474e-01,1.252309e+00,-1.172880e+00,6.979965e+11
20,0.200000,59,4.549187e+01,-4.040378e+01,-4.865477e+01,-8.614699e-01,1.095342e-01,5.682251e-01,8.485814e+11
20,0.200000,60,1.022558e+01,-4.137567e+01,2.017401e+01,8.902191e-01,8.408546e-01,3.372298e-01,2.821165e+11
20,0.200000,61,2.429816e+01,2.058672e+01,4.579266e+00,4.776009e-01,3.758812e-02,-6.452158e-01,5.468506e+11
20,0.200000,62,-2.423391e+01,1.655869e+01,3.941848e+01,5.922348e-01,-2.663767e-01,-2.921372e-01,9.594888e+11
20,0.200000,63,-4.806250e+00,8.376982e+00,1.543156e+01,-2.510424e-01,2.692293e-01,2.511573e-01,5.544898e+11
20,0.200000,64,-2.434047e+01,-1.118820e+01,-1.037022e+01,9.437582e-01,5.535036e-02,-6.898123e-01,8.019865e+11
20,0.200000,65,-3.416271e+01,2.963378e+01,-4.247620e+01,8.584115e-01,-2.430654e-01,5.161336e-01,7.734167e+11
20,0.200000,66,-4.795370e+01,3.050982e+01,-1.871689e+01,-5.145154e-02,-2.316017e-01,-5.573209e-01,9.853652e+11
20,0.200000,67,4.404085e+01,1.940290e+01,4.443509e+01,-5.442909e-01,-3.327658e-01,-7.504941e-02,8.028133e+11
20,0.200000,68,4.564638e+01,-2.343197e+01,-1.486423e+01,-8.125672e-01,4.626747e-01,5.937391e-01,7.934820e+10
20,0.200000,69,-3.730452e+01,3.464054e+01,3.709105e+01,1.792884e-02,-3.536735e-04,8.626455e-01,1.927672e+11
20,0.200000,70,-3.554811e+01,6.591796e+00,4.551053e+01,-3.644864e-01,-2.467941e-01,-7.937636e-01,4.491464e+11
20,0.200000,71,3.428808e+01,-2.370514e+00,-7.146857e+00,3.667599e-01,-5.487078e-01,-2.803219e-01,1.844075e+11
20,0.200000,72,-5.099359e+00,4.707732e+01,4.765020e+01,-1.669804e-01,-7.535295e-01,-6.193172e-01,6.230759e+11
20,0.200000,73,3.890441e+01,-4.233892e+01,1.893680e+01,-1.170263e+00,1.058556e+00,-1.081799e-02,3.089408e+11
20,0.200000,74,6.497505e+00,3.406855e-01,-1.349782e+00,2.235951e-01,-8.054882e-01,-3.045036e-02,8.766608e+11
20,0.200000,75,-5.865948e+00,2.108233e+01,-1.804179e+01,-5.347824e-01,-6.438723e-01,6.653355e-01,7.678745e+10
20,0.200000,76,-1.396991e+01,-3.797422e+01,-2.568353e+01,6.491663e-01,-4.782761e-01,-3.886825e-01,2.230406e+11
20,0.200000,77,-1.715099e+01,4.875012e+00,3.343973e+01,-5.069905e-01,3.976380e-01,-1.635421e-01,2.440442e+11
20,0.200000,78,4.517409e+00,-4.164598e+01,3.743050e+00,-8.742459e-01,6.203112e-01,-9.242670e-01,8.221462e+11
20,0.200000,79,1.568661e+01,-3.334189e+00,1.947434e+01,-1.011965e+00,-5.602308e-01,-1.066446e+00,3.900119e+11
20,0.200000,80,-1.324444e+01,2.632857e+01,-4.832704e+00,5.174152e-01,6.914527e-01,3.342872e-01,5.402214e+11
20,0.200000,81,4.752547e+01,4.154213e+01,2.508374e+01,-6.174461e-01,-2.099464e-01,-2.506550e-02,5.286885e+11
20,0.200000,82,-4.115807e+01,-3.915090e+01,2.599024e+01,4.257893e-01,-4.295264e-01,-4.618232e-01,7.472876e+11
20,0.200000,83,2.792551e+01,-1.757171e+01,6.460710e+00,-3.671207e-01,6.828392e-01,-4.771785e-01,5.415227e+11
20,0.200000,84,4.691883e+01,-2.252509e+01,4.203995e+01,-5.268892e-01,-8.062387e-01,-4.216095e-01,7.278607e+10
20,0.200000,85,4.222802e+01,-4.319144e+01,9.868205e+00,5.358494e-01,1.199141e+00,-3.287066e-01,2.101516e+11
20,0.200000,86,-5.298750e+00,4.346378e+01,2.263999e+01,8.148209e-01,1.536441e-01,6.036577e-01,1.770065e+11
20,0.200000,87,-2.648338e+01,2.842644e+01,4.132464e+01,-9.901991e-01,-9.640959e-01,-3.074607e-01,4.584131e+11
20,0.200000,88,4.002164e+01,2.388570e+01,4.901657e+01,3.277039e-01,-1.036409e-01,-1.070539e-01,2.139438e+11
20,0.200000,89,-4.459995e+01,-2.171069e+01,-2.299377e+01,7.701787e-01,7.679411e-01,5.447869e-01,8.734297e+11
20,0.200000,90,-1.671763e+01,-2.824230e+01,-4.250091e+01,6.937543e-01,-5.372400e-01,7.236099e-01,3.202339e+11
20,0.200000,91,-3.027847e+01,-2.138961e+01,-1.812120e+00,1.593658e-01,-6.712532e-01,-1.571635e-01,4.545050e+11
20,0.200000,92,-3.199812e+01,3.740403e+01,4.026084e+01,-7.188541e-01,-1.330481e-01,5.689574e-01,9.503059e+11
20,0.200000,93,1.286653e+01,3.014522e+01,-3.442012e+01,2.940696e-01,-9.546514e-01,1.182088e-01,6.596846e+11
20,0.200000,94,-6.487292e+00,-2.062403e+01,2.855905e+00,5.065399e-01,1.828514e-01,1.271476e-01,5.500911e+11
20,0.200000,95,1.656390e+01,-9.633625e+00,3.584460e+01,5.079362e-01,6.372248e-01,-6.036138e-01,3.026058e+11
20,0.200000,96,2.628256e+01,2.366183e+01,2.447802e+01,7.394672e-01,9.272915e-02,1.613469e-01,3.306763e+10
20,0.200000,97,-2.753590e+01,3.800448e+00,4.721027e+01,9.030917e-01,-2.083850e-01,-1.236471e+00,5.383162e+11
20,0.200000,98,-7.375549e+00,5.484005e+00,-3.095444e+01,5.905018e-01,6.983176e-01,6.624632e-01,6.307300e+11
20,0.200000,99,-1.413022e+01,-1.784118e+01,-3.282732e+01,-9.387969e-01,6.764498e-01,-7.192863e-01,8.880208e+11
20,0.200000,100,-8.657561e+00,-1.283222e+01,-3.165858e+01,-8.594394e-01,-7.318767e-01,1.055255e+00,1.278201e+11
20,0.200000,101,2.202225e+01,7.274661e+00,-3.583413e+01,8.260323e-01,-7.342952e-01,-5.464860e-01,7.974176e+11
20,0.200000,102,-8.383900e+01,-3.001905e+01,-5.632651e+01,-2.261112e+03,-1.210729e+02,-1.128922e+03,7.407900e+11
20,0.200000,103,1.451631e+01,-2.625404e+01,-1.346731e+01,-1.205995e+00,3.477050e-01,2.321797e-01,4.027040e+10
20,0.200000,104,-2.171507e+01,7.011271e+00,4.164856e+01,4.751314e-01,9.794623e-01,-1.143156e+00,8.740655e+11
20,0.200000,105,-4.488743e+01,-4.727801e+01,4.909764e+01,6.727500e-01,3.813920e-01,-9.134455e-01,7.159539e+11
20,0.200000,106,2.114289e+01,-2.504227e+01,9.168647e-01,-8.373774e-01,1.039878e-01,7.393985e-01,5.211885e+10
20,0.200000,107,-2.067475e+01,-1.432927e+01,2.798707e+01,9.652144e-01,4.081425e-01,-9.686107e-01,9.450611e+11
20,0.200000,108,-3.481264e+01,1.830635e+01,4.756542e+01,1.258083e-01,-5.858168e-01,3.789459e-01,1.395692e+11
20,0.200000,109,-3.060801e+01,4.913603e+01,-4.951938e+01,-4.541574e-01,-1.234458e+00,1.264984e+00,2.465284e+10
20,0.200000,110,1.194762e+01,-3.705696e+01,2.272101e+01,-3.392160e-01,-8.485426e-02,-8.091030e-01,5.016133e+11
20,0.200000,111,3.721839e+01,-4.261856e+01,3.878677e+00,-9.029442e-01,1.129868e-01,-3.146550e-01,1.128641e+11
20,0.200000,112,-4.765102e+01,-3.491151e+00,-4.524467e+01,-1.064492e-01,-5.831376e-01,-7.675999e-01,6.139056e+11
20,0.200000,113,-9.750267e+00,4.167700e+01,2.411947e+01,5.492211e-01,6.519872e-01,1.500036e-01,8.430211e+11
20,0.200000,114,4.278496e+01,2.407040e+01,3.563600e+01,-1.705248e-01,6.148929e-01,8.317843e-02,8.809183e+11
20,0.200000,115,-2.518284e+01,3.210622e+01,-1.228883e+01,-3.961902e-01,4.268320e-01,8.047442e-01,2.941500e+11
20,0.200000,116,-1.757091e+01,-2.641780e+01,-1.091309e+01,-1.631998e-01,7.113205e-01,1.134094e-02,5.288465e+11
20,0.200000,117,3.497139e+01,-3.734743e+00,-3.650819e+01,-7.009986e-01,-1.074586e-01,8.926946e-01,8.504653e+11
20,0.200000,118,-2.129764e+01,1.191351e+01,1.905553e+01,-1.424979e-01,-4.999795e-01,2.301432e-01,7.653411e+11
20,0.200000,119,-2.707966e+01,-3.681770e+01,1.416731e+01,8.166484e-02,1.229488e+00,-1.058402e+00,6.036381e+11
20,0.200000,120,3.447359e+01,4.336021e+01,3.861375e+01,-8.549330e-01,-9.193941e-01,-5.825727e-01,5.231914e+11
20,0.200000,121,3.709872e+01,2.162358e+01,-4.580292e+01,2.615634e-01,-7.058173e-01,-3.514351e-01,9.736597e+11
20,0.200000,122,5.930621e+00,-4.479989e+01,3.222366e+01,7.217728e-01,5.834243e-01,-2.356614e-01,7.061728e+10
20,0.200000,123,-4.697274e+01,-4.411274e+01,3.240544e+01,-2.380526e-01,-3.784138e-01,-2.178627e-01,7.403487e+11
20,0.200000,124,-3.575630e+01,-1.425804e+00,-1.631682e+01,1.232542e+00,-9.430876e-02,-5.078995e-01,1.652667e+11
20,0.200000,125,8.975325e+00,1.051709e-01,1.755960e+01,-2.483891e-01,-5.216997e-01,3.416435e-01,1.897044e+11
20,0.200000,126,-1.008981e+01,3.949604e+01,-3.439463e+01,8.168330e-01,5.870671e-01,1.308151e+00,8.047768e+11
20,0.200000,127,1.170250e+01,-9.848341e-01,3.642602e+01,1.151637e-01,1.986935e-01,8.952507e-02,9.081841e+11
20,0.200000,128,2.401194e+01,-3.444958e+01,1.458713e+01,5.305602e-01,4.742096e-01,8.202353e-01,8.689551e+11
20,0.200000,129,-4.383602e+01,-2.931302e+01,-4.750120e+01,4.556932e-01,5.990818e-01,6.356823e-01,1.206212e+11
20,0.200000,130,4.260268e+01,-8.284017e+00,-2.067945e+01,-4.978782e-01,-2.143046e-02,-6.038604e-03,2.887161e+11
20,0.200000,131,-2.419206e+01,-7.365963e+00,-4.145930e+01,7.316457e-01,9.760500e-01,1.227064e+00,5.263974e+11
20,0.200000,132,-3.580815e+00,1.371697e+01,-7.193655e+00,-6.221822e-01,5.480695e-01,-7.650998e-01,9.423521e+10
20,0.200000,133,-6.731722e+00,-4.441394e+01,4.535537e+01,-5.228288e-02,-2.089632e-01,7.297009e-01,1.536961e+11
20,0.200000,134,4.711280e+01,1.760124e+01,-2.429810e+01,4.684868e-01,-8.817587e-01,1.624165e-01,2.294375e+11
20,0.200000,135,-9.382652e+00,4.979207e+01,3.379868e-01,4.380185e-01,-6.141778e-01,2.120328e-01,5.419177e+11
20,0.200000,136,-1.601896e+01,3.526807e+00,-4.409124e+01,6.460267e-01,-5.964082e-01,3.708160e-01,1.817822e+10
20,0.200000,137,4.638665e+01,6.186881e+00,-4.074783e+01,-4.962494e-01,2.473319e-01,-7.501828e-01,8.920030e+11
20,0.200000,138,3.810879e+01,-4.762295e+01,-4.643134e+01,7.202836e-01,6.324308e-01,-3.362517e-01,7.503638e+11
20,0.200000,139,2.936737e+01,3.437021e+01,4.692943e+01,-6.878980e-01,5.477489e-01,-3.353822e-01,8.646032e+11
20,0.200000,140,-2.346014e+01,-4.394158e+01,-9.950653e+00,2.724935e-01,5.489365e-01,1.135726e-02,4.142350e+11
20,0.200000,141,2.689533e+01,4.470448e+01,-8.341474e+00,2.630179e-01,-3.204340e-01,-5.800948e-03,1.384630e+11
20,0.200000,142,-3.741961e+01,5.577011e+00,-4.799485e+01,-7.287370e-01,-5.644974e-01,-3.795560e-01,8.593346e+11
20,0.200000,143,-2.213028e+01,-1.508284e+01,1.058769e+01,-4.707438e-01,-4.081796e-01,9.526462e-02,2.810386e+11
20,0.200000,144,-4.661469e+01,-4.527368e+01,-3.628329e+01,-2.505590e-01,-5.661955e-01,2.266900e-01,9.046293e+11
20,0.200000,145,2.041250e+01,4.976552e+01,-1.875011e+01,-1.570273e-01,5.042758e-01,5.668177e-01,2.135904e+11
20,0.200000,146,9.455117e+01,-2.040132e+01,3.272960e+01,2.836008e+03,1.537239e+02,1.415668e+03,5.908249e+11
20,0.200000,147,-1.259682e+01,-8.663155e+00,-5.622979e+00,3.178535e-01,5.880834e-01,-7.745388e-01,7.294669e+11
20,0.200000,148,4.561092e+01,1.259422e+01,-5.000467e+01,7.322784e-01,3.117229e-01,-4.056468e-01,2.958760e+11
20,0.200000,149,2.815636e+01,1.753786e+01,-3.075018e+01,-2.050136e-01,2.947213e-01,1.227885e-01,9.591584e+11
20,0.200000,150,1.152764e+01,-2.669749e+01,-3.354991e+01,-9.804898e-01,1.436471e-01,2.025624e-01,6.523790e+11
20,0.200000,151,-2.336558e+01,3.553033e+01,-2.640029e+01,5.075777e-01,-6.807482e-01,5.077466e-01,2.998021e+11
20,0.200000,152,-4.676598e+01,2.301836e+01,-4.812907e+01,1.319999e+00,-3.933246e-01,-5.677173e-01,9.761201e+11
20,0.200000,153,-4.695640e+01,-3.416985e+01,-2.353917e+01,8.605759e-01,9.324573e-01,9.460694e-03,3.043183e+11
20,0.200000,154,3.773806e-01,4.606518e+01,-2.440030e+01,-8.624133e-01,-1.035419e+00,6.771772e-02,1.980969e+11
20,0.200000,155,1.667278e+01,4.206629e+01,3.379329e+01,7.417964e-01,3.245607e-01,-1.004245e+00,5.758210e+11
20,0.200000,156,-4.557601e+01,2.545080e+01,3.649589e+01,-3.085352e-01,-1.278875e-01,6.257827e-01,7.180922e+10
20,0.200000,157,3.419191e+01,4.027147e+01,-4.619474e+01,5.919503e-01,-1.089385e+00,-1.384778e-01,6.854936e+11
20,0.200000,158,3.935414e+01,2.601780e+01,4.789986e+01,-2.284525e-01,-1.061367e-01,-6.843176e-01,5.239423e+11
20,0.200000,159,4.159981e+01,1.563017e+01,2.091911e+01,-1.048653e-01,2.927907e-01,2.874486e-02,5.186390e+11
20,0.200000,160,-1.478214e+01,1.221476e+01,-4.136259e+01,-2.669064e-01,-2.938749e-01,1.206450e+00,4.784774e+11
20,0.200000,161,3.624087e+01,3.336706e+01,3.583960e+00,1.744919e-01,2.613338e-01,2.409803e-01,5.785806e+11
20,0.200000,162,2.985909e+01,3.771138e+01,-2.437725e+01,3.748275e-01,1.397798e-01,-3.096160e-01,9.941114e+10
20,0.200000,163,-1.419845e+01,-2.895056e+00,1.088610e+01,-4.211438e-01,-9.368197e-01,-7.949474e-01,8.577661e+11
20,0.200000,164,2.032787e+01,3.664152e+01,-1.299210e+01,-1.093768e+00,-2.814371e-01,2.939529e-02,4.593716e+11
20,0.200000,165,3.663427e+01,-9.545766e+00,4.269228e+01,2.386471e-01,-3.946948e-01,-3.086236e-01,4.371898e+11
20,0.200000,166,4.757063e+01,-4.622487e+01,-4.945560e+01,2.440290e-01,1.218444e+00,-3.022530e-01,4.708448e+11
20,0.200000,167,5.128724e+00,-2.968374e-02,5.505739e+00,6.333724e-01,1.024606e+00,-8.352682e-01,1.916087e+11
20,0.200000,168,-4.005648e+01,-1.628923e+00,-4.603177e+01,1.078671e+00,2.539735e-02,-9.431510e-03,8.609500e+11
20,0.200000,169,3.397281e+01,3.648309e+01,-1.870901e+01,2.408616e-01,-4.731651e-01,-5.711219e-01,4.391972e+11
20,0.200000,170,8.496656e-01,2.037007e+01,3.655813e+01,-1.717486e-01,2.539845e-01,3.651559e-01,2.648757e+11
20,0.200000,171,1.527268e+01,-3.663290e+01,2.224222e+01,-1.296159e+00,3.975747e-01,-6.037546e-01,1.221386e+11
20,0.200000,172,1.029704e+01,-5.509027e+00,-2.034950e+01,2.190096e-01,9.126572e-01,-1.036204e-01,5.090612e+11
20,0.200000,173,-2.223796e+01,2.465772e+01,-1.359610e+01,-5.659985e-01,2.009192e-01,4.246635e-01,8.248638e+11
20,0.200000,174,3.816201e+01,4.180967e+01,-2.436258e+01,-4.487510e-01,5.702986e-01,2.077796e-01,8.757373e+11
20,0.200000,175,-1.398809e+01,4.915339e+01,-3.672144e+01,-9.477008e-01,-1.222075e+00,9.832476e-01,2.268290e+11
20,0.200000,176,2.575499e+01,-3.660800e+01,-1.673788e+01,-4.501013e-01,3.805231e-01,3.975286e-01,7.121465e+10
20,0.200000,177,6.044977e-01,4.656898e+01,6.678404e+00,4.502598e-01,-6.313837e-03,8.396850e-01,9.024914e+11
20,0.200000,178,-1.768049e+01,1.067943e+01,2.254392e+01,-8.867365e-02,1.613425e-01,7.229102e-01,6.000821e+11
20,0.200000,179,-3.545342e+01,-3.977266e+01,-2.920959e+00,1.373564e-01,-4.482660e-01,3.210266e-01,5.260173e+11
20,0.200000,180,-2.777541e+01,-4.233979e+00,2.391437e+01,9.506379e-01,4.469459e-01,-1.331925e+00,3.463983e+11
20,0.200000,181,-3.308493e+01,2.018491e+01,-9.743461e+00,6.230346e-01,2.787275e-01,9.369804e-01,4.634361e+11
20,0.200000,182,-1.206536e+01,3.969096e+01,-1.413029e+01,4.962371e-01,-4.594913e-01,-8.202642e-01,9.088163e+11
20,0.200000,183,-4.723135e+01,-4.351665e+01,4.866849e-01,-3.900235e-01,-3.882448e-01,9.109385e-01,6.832514e+11
20,0.200000,184,-2.362918e+01,7.598926e+00,-2.977588e+01,1.006371e-01,-9.277543e-01,1.028244e+00,4.695276e+11
20,0.200000,185,1.257766e+01,-4.853368e+01,3.032651e+01,4.833484e-01,7.402830e-01,-8.010307e-01,4.734177e+11
20,0.200000,186,-1.168274e+01,-3.275405e+01,4.255704e+01,5.212090e-01,-5.556125e-01,-6.487079e-01,4.693188e+11
20,0.200000,187,7.424317e+00,-1.302887e+01,-1.273334e+01,1.823710e-02,2.764266e-02,8.715218e-01,7.781692e+11
20,0.200000,188,1.040457e+01,3.499576e+01,-4.368911e+00,6.437512e-01,-4.319942e-01,3.449234e-01,3.584676e+11
20,0.200000,189,-3.947866e+00,9.969935e+00,3.163414e+01,-9.729969e-01,1.561480e+00,1.308325e-01,8.817712e+11
20,0.200000,190,-1.709235e+01,3.266003e+01,-1.516893e+01,7.625275e-01,7.807920e-01,-2.882314e-01,4.779433e+11
20,0.200000,191,-4.303915e+01,6.137725e+00,4.360864e+01,5.520405e-01,1.028502e+00,-6.855556e-01,2.532071e+11
20,0.200000,192,-1.337683e+01,-3.165295e+01,-4.782795e+01,9.179175e-01,-6.872967e-01,2.825030e-01,8.373343e+11
20,0.200000,193,-3.748773e+00,-3.645373e+01,-3.132147e+01,7.813038e-01,7.673311e-01,-8.120072e-01,1.970824e+10
20,0.200000,194,-1.532215e+01,1.237781e+01,3.896828e+01,2.335859e-01,-2.510896e-01,-8.617870e-01,3.922308e+11
20,0.200000,195,-5.140950e+00,1.311782e+00,3.591734e+01,4.357168e-02,-6.236895e-01,2.504006e-01,1.694456e+11
20,0.200000,196,-4.956450e+01,-3.964460e+01,-9.337648e+00,2.026400e-02,-2.222594e-01,-5.505477e-02,3.450496e+11
20,0.200000,197,-1.766445e+01,4.047944e+01,-3.260485e+01,7.868719e-01,-1.245141e+00,-8.023814e-02,7.104283e+11
20,0.200000,198,2.734465e+01,-1.333052e+01,2.174456e+01,-1.027973e+00,1.124586e+00,6.395342e-02,7.978440e+11
20,0.200000,199,-6.006302e+00,3.464623e+01,-3.189071e+01,5.652752e-01,-2.982336e-01,-6.934248e-01,4.115004e+11
20,0.200000,200,-6.514104e+00,3.366515e+01,6.770046e+00,7.314749e-02,3.522474e-01,1.218700e+00,8.110267e+11
20,0.200000,201,-2.718080e+01,-9.863321e+00,-3.527372e+01,1.514384e-01,-1.805378e-01,-2.294774e-01,3.417566e+11
20,0.200000,202,-1.525369e+01,1.824865e+01,-4.566413e+01,-8.146117e-01,-1.077633e+00,9.535591e-01,2.509985e+11
20,0.200000,203,-4.611837e+01,-1.328130e+01,-4.611932e+01,2.276956e-01,-2.982520e-01,-3.101099e-01,3.721527e+11
20,0.200000,204,7.393030e+00,-2.389128e+01,2.709170e+01,-1.087428e+00,-5.997602e-01,-5.628257e-01,4.547015e+11
20,0.200000,205,-4.621481e+01,-1.884285e+01,-2.413881e+01,6.427113e-01,1.266360e-01,7.643280e-01,8.183806e+11
20,0.200000,206,-4.795573e+01,2.273158e+01,-3.489439e+01,1.572358e-01,-2.667247e-01,-5.857417e-01,4.964171e+11
20,0.200000,207,-4.006186e+00,4.534107e+01,2.351428e+01,-3.861034e-01,-1.156115e+00,2.254690e-01,9.770774e+11
20,0.200000,208,3.534542e+00,4.943858e+01,-1.580601e+01,-8.574832e-01,-9.711686e-01,-6.666816e-01,1.297692e+11
20,0.200000,209,-1.454080e+01,-4.733990e+00,7.111345e+00,-8.874705e-02,7.799361e-01,1.208808e+00,6.617158e+11
20,0.200000,210,-2.378023e+00,-2.646042e+01,-2.484944e+00,-8.503098e-02,1.161106e+00,3.691856e-01,8.668333e+11
20,0.200000,211,-1.265362e+01,3.213129e+01,-1.439714e+01,4.557190e-01,5.511189e-01,-7.652961e-01,3.385877e+11
20,0.200000,212,-4.028909e+01,3.661207e+01,-1.909186e+01,4.466956e-01,3.778407e-01,3.520343e-01,7.466053e+11
20,0.200000,213,-3.822620e+01,2.648172e+01,3.648309e+01,2.797117e-01,-6.614732e-01,-2.516251e-01,8.661977e+11
20,0.200000,214,4.805166e+01,-2.362794e+01,2.413136e+00,-3.653986e-01,7.948362e-02,9.812883e-01,9.542347e+11
20,0.200000,215,-3.943349e+00,1.233931e+01,3.183728e+01,6.216636e-01,-2.037160e+00,-1.099377e+00,6.692142e+11
20,0.200000,216,-2.801400e+01,-2.330908e+01,4.972319e+01,-3.184115e-01,-7.688332e-01,-6.925901e-01,9.503643e+11
20,0.200000,217,4.930254e+01,4.582360e+01,1.940459e+01,-1.052733e+00,1.561794e-01,1.548109e-01,5.880835e+11
20,0.200000,218,4.415261e+01,4.935169e+01,-5.028662e+00,6.011976e-01,-7.302655e-01,9.452708e-01,3.847918e+11
20,0.200000,219,2.551769e+01,4.699114e+01,-1.683190e+01,-7.474569e-01,-1.555610e-01,-6.435806e-01,5.809256e+10
20,0.200000,220,-4.606539e+01,-1.720341e+01,2.147250e+01,-1.334129e-01,3.532976e-01,1.368192e-01,5.810266e+11
20,0.200000,221,2.289445e+01,-4.800813e+01,2.611868e+00,2.714157e-01,1.338340e+00,-5.195976e-01,8.357623e+11
20,0.200000,222,2.002266e+01,2.800225e+01,-8.118751e+00,2.537595e-02,5.015719e-01,8.346428e-01,5.668242e+11
20,0.200000,223,-4.678067e+01,3.392350e+01,4.404513e+01,9.128352e-01,4.439054e-01,-6.848236e-01,1.300490e+10
20,0.200000,224,-9.715958e+00,-7.444852e+00,-4.476630e+01,-2.098740e-01,6.195421e-01,8.945541e-01,7.054687e+11
20,0.200000,225,-1.528015e+01,-2.166949e+00,-2.200274e+01,-8.143266e-01,7.480431e-02,7.489663e-01,8.011655e+11
20,0.200000,226,-2.686481e+00,-4.726733e+01,1.323035e+01,-6.070191e-01,9.978044e-01,-1.009163e+00,8.165855e+11
20,0.200000,227,7.978774e+00,4.183912e+01,-1.231378e+01,7.896911e-02,1.259354e-01,-2.792717e-01,4.043790e+11
20,0.200000,228,6.627361e+00,9.060044e+00,-9.863317e+00,8.121607e-01,-9.969282e-01,2.632102e-02,4.169450e+11
20,0.200000,229,2.684101e+01,-2.804442e+01,-3.865789e+01,-8.999726e-01,5.561483e-01,-5.056757e-02,2.019537e+11
20,0.200000,230,-3.051302e+01,-3.015746e+01,4.931715e+01,5.313208e-01,-1.830403e-01,3.447315e-03,8.436178e+11
20,0.200000,231,-4.682619e+01,1.777290e+01,1.557832e+01,6.230413e-01,7.926242e-02,-1.038099e+00,2.298081e+11
20,0.200000,232,-1.466962e+01,-1.468060e+01,1.193496e+01,8.353063e-01,1.167347e+00,-1.115418e+00,8.874148e+11
20,0.200000,233,4.605751e+01,-2.478588e+00,-2.027964e+01,8.096833e-02,4.375708e-01,-8.472376e-02,8.483677e+11
20,0.200000,234,-1.086080e+01,3.026547e+01,-4.599993e+01,1.178711e-01,-1.127927e+00,-5.432497e-01,2.613357e+11
20,0.200000,235,-2.726476e+01,1.597125e+01,-4.034491e+01,-4.113823e-01,-4.219260e-01,7.579640e-01,8.713483e+11
20,0.200000,236,4.327456e+01,2.858144e+01,-4.074085e+01,-7.883493e-01,-9.120146e-01,5.953697e-01,2.116644e+11
20,0.200000,237,-4.182789e+01,2.336236e+01,-4.101761e+01,-7.345154e-01,-6.804708e-01,-9.214099e-02,7.746932e+11
20,0.200000,238,4.023835e+01,2.982901e+01,1.195849e+01,-6.756382e-01,-2.730812e-03,3.422920e-01,8.810636e+11
20,0.200000,239,1.050556e+01,1.934593e+01,-3.666510e+01,6.164726e-01,-3.081322e-01,-2.494526e-01,1.004027e+11
20,0.200000,240,1.917480e+01,4.827389e+01,4.603416e+01,1.822568e-01,2.863192e-01,-1.140377e+00,9.116202e+11
20,0.200000,241,4.086270e+01,2.658725e+01,-3.861634e+01,7.553550e-01,-6.956550e-02,-5.946909e-01,4.283024e+10
20,0.200000,242,2.093700e+01,9.148250e+00,3.053501e+01,7.499416e-02,-2.533435e-01,-3.000994e-01,9.072775e+11
20,0.200000,243,4.919163e+01,-4.145506e+01,2.869769e+01,-6.233945e-03,7.056093e-01,7.135058e-01,4.341739e+11
20,0.200000,244,-3.668044e+01,-3.510666e+01,1.968407e+00,8.817724e-01,-5.835208e-01,-1.375841e-01,4.543657e+11
20,0.200000,245,4.013877e+01,3.416411e+00,-1.404787e+01,3.876549e-01,-4.325502e-01,-6.776827e-02,8.009739e+11
20,0.200000,246,3.005980e+01,1.778940e+01,3.323135e+01,-1.309338e-01,-5.831242e-01,1.089686e-01,1.308197e+11
20,0.200000,247,1.603304e+01,-4.380677e+01,-4.708991e+01,2.539333e-01,-5.148605e-01,8.007750e-01,2.556454e+11
20,0.200000,248,4.248666e+01,2.352707e+01,1.759338e+01,-1.220493e+00,7.276046e-01,-6.916254e-01,8.834856e+11
20,0.200000,249,-4.829277e+01,1.768946e+01,-1.684567e+01,1.219663e+00,-6.293849e-01,3.790682e-01,7.283284e+11
20,0.200000,250,1.215934e+00,-3.344125e+01,2.424260e+00,-4.412756e-01,9.624870e-01,-3.160562e-01,8.248778e+11
20,0.200000,251,-3.860476e+01,4.933517e+01,4.459982e+01,7.243130e-01,-1.152744e+00,7.604630e-01,4.309947e+11
20,0.200000,252,-2.963633e+01,2.880484e+01,1.730181e+01,-5.318129e-01,-1.659727e-01,-4.061144e-01,1.966599e+11
20,0.200000,253,-9.347092e+00,4.577669e+00,-4.291443e+01,-2.848933e-01,-5.316083e-01,1.793734e-01,3.463172e+11
20,0.200000,254,-6.323619e+00,-4.075694e+01,-4.344240e+01,8.403931e-01,-1.930162e-01,3.632065e-01,2.690759e+11
20,0.200000,255,-3.997842e+01,4.472494e+01,-4.160408e+01,-3.871914e-01,5.929070e-01,-7.543824e-01,9.874949e+11
30,0.300000,0,-3.220979e+01,-1.014258e+01,-3.346662e+01,-1.019690e-01,-6.008101e-01,-7.990697e-01,2.829088e+11
30,0.300000,1,-4.539883e+01,-1.822156e+01,-2.306328e+01,-2.302593e+00,-3.917182e+00,-4.196169e+00,2.097202e+11
30,0.300000,2,-4.565338e+01,-1.573904e+01,1.488853e+01,-1.841047e-01,-8.100263e-01,8.835154e-01,6.588644e+11
30,0.300000,3,2.664882e+00,4.822748e-01,4.138469e+01,-7.001222e-01,-6.204774e-01,-1.552092e+00,7.227295e+11
30,0.300000,4,1.382436e+01,3.797762e+01,-8.763037e+00,3.251492e-01,-9.689477e-01,2.529792e-01,3.777169e+10
30,0.300000,5,-1.578333e+01,1.341435e+01,-1.959139e+01,-1.729738e-01,8.772793e-01,3.321770e-01,7.603737e+11
30,0.300000,6,-3.243800e+01,2.948716e+01,4.594469e+01,-2.356858e-01,-9.216415e-01,-5.151636e-01,3.760901e+11
30,0.300000,7,-3.300235e+01,-1.234643e+00,-4.730188e+01,-1.394309e-02,1.421006e+00,1.459280e+00,8.865707e+11
30,0.300000,8,-3.881518e+01,4.998118e+01,1.038509e+01,8.215421e-01,3.433585e-01,-1.036004e+00,5.686733e+11
30,0.300000,9,-3.393336e+01,9.516905e+00,9.352031e+00,3.835777e-01,-6.560218e-01,7.454627e-01,8.941096e+11
30,0.300000,10,-3.172806e+01,-2.800878e+00,1.516394e+01,2.625270e-01,-2.711716e-01,6.325516e-01,5.834609e+11
30,0.300000,11,-9.125746e+00,-2.813111e+01,4.500467e+01,-5.652741e-02,4.726738e-01,4.113933e-01,2.829535e+11
30,0.300000,12,1.963696e+01,4.160627e+01,-3.377990e+01,4.698521e-01,4.084521e-01,8.759948e-01,5.592508e+11
30,0.300000,13,2.952048e+01,2.833530e+01,-3.799914e+01,7.268168e-01,-4.837058e-01,7.565904e-01,4.625995e+11
30,0.300000,14,1.094667e+01,1.062737e+01,-1.510299e+01,2.470203e-01,-8.837892e-01,-6.680675e-01,1.590002e+11
30,0.300000,15,-1.517648e+01,1.124980e+01,2.298235e+01,-1.157878e+00,1.633898e-01,-2.390097e-01,3.424411e+11
30,0.300000,16,3.275966e+00,1.531616e+01,1.122352e+01,-8.138349e-01,2.014741e-02,4.277630e-01,4.540015e+10
30,0.300000,17,-1.847184e+00,3.860033e+00,9.124858e+00,-6.240256e-01,-3.551537e-01,5.034576e-01,2.383601e+11
30,0.300000,18,2.021709e+01,-8.008909e+00,1.863901e+01,-7.294331e-01,-7.237197e-01,-1.001144e+00,1.124069e+11
30,0.300000,19,-3.911821e+01,-4.599655e+01,-2.445066e+01,5.584573e-02,7.233212e-01,1.090107e+00,2.228659e+11
30,0.300000,20,-2.046384e+00,1.618741e+01,4.983366e+00,-1.056411e+00,-4.670869e-01,-6.331724e-01,2.517453e+11
30,0.300000,21,3.829208e+01,4.336463e+01,-2.201041e+01,-8.162746e-01,-1.658700e+00,-7.898256e-01,6.459795e+11
30,0.300000,22,2.968604e+01,7.875752e+00,3.729134e+01,-3.630146e-01,-8.929063e-01,-3.157040e-01,8.138987e+11
30,0.300000,23,-4.705425e+01,9.928786e+00,4.142745e+01,-9.449150e-02,1.690049e-01,-9.106667e-01,6.005106e+11
30,0.300000,24,-2.097641e+01,-3.456168e+01,3.108835e+01,6.330455e-01,1.049471e+00,-5.247515e-01,7.874010e+11
30,0.300000,25,-3.702382e+01,2.504062e+00,-4.710377e+01,-9.091738e-01,6.131900e-01,-2.640577e-01,3.871927e+11
30,0.300000,26,4.342659e+01,-3.194067e+01,-4.752571e+01,2.909893e-01,4.246767e-01,9.815212e-01,2.386911e+11
30,0.300000,27,2.621765e+01,-4.381497e+00,-4.552383e+01,4.731427e-01,-7.161310e-01,1.388138e+00,9.310274e+11
30,0.300000,28,1.958291e+01,-3.725308e+01,2.641250e+00,7.463762e-01,-1.314875e-01,-2.021907e-01,7.567738e+11
30,0.300000,29,-4.037826e+01,1.995767e+01,3.974349e+00,-5.543526e-03,-8.102589e-01,9.456768e-02,2.502779e+11
30,0.300000,30,1.849383e+01,3.767083e+01,1.240160e+01,-9.051144e-02,-1.351217e+00,1.224680e-01,3.558971e+11
30,0.300000,31,3.182651e+01,4.215949e+00,8.074529e+00,-2.490470e-01,-9.119097e-01,2.257424e-01,3.774633e+11
30,0.300000,32,-4.415756e+01,8.260738e+00,-1.974322e+01,9.551703e-01,5.319404e-01,7.560165e-01,7.384179e+11
30,0.300000,33,4.892284e+01,-3.319979e+01,-1.124798e+00,-1.225538e+00,1.110413e+00,-8.478506e-01,3.220288e+11
30,0.300000,34,-4.061094e+01,9.857797e+00,5.701021e+00,1.339772e+00,-8.032360e-02,-5.316954e-01,4.018701e+11
30,0.300000,35,3.475101e+00,3.281582e+01,2.444405e+01,-5.051055e-01,-4.680557e-01,-6.782477e-01,9.340962e+11
30,0.300000,36,-1.268117e+01,4.484307e+01,-1.948098e+01,2.154322e-02,-8.244725e-01,5.565844e-01,1.906360e+11
30,0.300000,37,-2.599432e+01,-6.508020e+00,4.176720e+01,-3.213959e-01,4.522017e-01,-5.549854e-01,3.256788e+11
30,0.300000,38,-3.178770e+00,-6.321247e+00,1.329755e+01,-1.570452e-01,-6.851692e-01,-8.033715e-01,3.445997e+11
30,0.300000,39,1.226141e+00,-1.271373e+01,2.334979e+01,-1.060207e+00,-2.986990e-01,-3.580097e-01,4.087622e+11
30,0.300000,40,7.568556e+00,3.053227e+01,-1.631536e+01,6.519720e-01,4.088952e-01,5.442985e-01,3.846115e+11
30,0.300000,41,-2.151721e+01,-2.521451e+01,6.075020e+00,2.696409e-01,8.444622e-01,-9.112707e-02,7.591800e+11
30,0.300000,42,-2.167485e+01,3.866172e+01,-4.233223e+01,6.384754e-01,-7.098132e-01,9.789977e-01,3.182194e+11
30,0.300000,43,-1.364822e+01,4.005670e+01,1.489187e+01,1.152853e+00,-9.069435e-01,-2.896569e-01,9.256596e+11
30,0.300000,44,-2.414157e+00,3.623938e+01,-1.716207e+01,-1.097925e+00,7.836019e-03,5.712606e-01,9.996974e+11
30,0.300000,45,-7.891268e+00,-1.950021e+01,-1.204475e+01,4.061836e-01,2.957774e-01,1.115999e+00,2.379984e+11
30,0.300000,46,-2.667615e+01,-8.237867e+00,4.852355e+01,2.222733e-01,-1.727158e-01,-1.521037e+00,2.734147e+11
30,0.300000,47,1.321685e+01,2.727337e+01,7.643925e+00,7.506514e-01,2.011172e-01,-7.389479e-01,8.700814e+11
30,0.300000,48,4.484255e+01,1.099032e+01,2.923753e+01,-6.632528e-01,1.333863e-01,-9.717895e-01,4.835107e+11
30,0.300000,49,-3.607099e+01,2.837930e+01,-2.101977e+00,5.545876e-01,-1.170849e+00,6.142450e-01,2.716077e+11
30,0.300000,50,1.426362e+01,2.940030e+01,-5.444869e-01,4.769302e-01,-7.776623e-01,4.046615e-02,3.963026e+11
30,0.300000,51,1.717267e+00,4.374786e+00,1.553183e+01,-1.083508e+00,-3.204909e-01,-7.404819e-01,1.509222e+11
30,0.300000,52,4.915525e+01,-4.075525e+00,-4.876950e+01,5.181396e-01,-6.973429e-01,9.645052e-01,3.723058e+11
30,0.300000,53,4.270392e+00,4.264858e+01,3.433743e+01,2.629479e-01,1.367071e-02,-8.088438e-01,2.478318e+11
30,0.300000,54,3.010165e+01,-3.200637e+01,6.084400e-01,-5.214006e-01,1.192819e+00,1.132446e+00,3.248177e+11
30,0.300000,55,-3.124958e+01,-2.082023e+00,2.074783e+01,1.028559e+00,-9.883428e-01,-6.808237e-01,8.557808e+11
30,0.300000,56,-1.590990e+01,9.679410e+00,4.945446e+01,-4.480342e-01,-9.491322e-01,-1.822010e+00,2.788510e+11
30,0.300000,57,-3.702971e+01,3.130220e+01,1.373992e+01,8.074348e-01,1.279268e-01,-1.369239e-01,3.585567e+11
30,0.300000,58,-5.076260e+00,3.058213e+01,9.067553e+00,-7.986071e-01,1.419197e+00,-1.361861e+00,6.979965e+11
30,0.300000,59,4.544687e+01,-4.039894e+01,-4.862468e+01,-9.316139e-01,8.629985e-02,6.292758e-01,8.485814e+11
30,0.300000,60,1.027021e+01,-4.132702e+01,2.019022e+01,8.946775e-01,1.081813e+00,3.139867e-01,2.821165e+11
30,0.300000,61,2.431842e+01,2.058867e+01,4.546850e+00,3.459193e-01,4.021877e-02,-6.508187e-01,5.468506e+11
30,0.300000,62,-2.420185e+01,1.654252e+01,3.940024e+01,6.809933e-01,-3.701452e-01,-4.244091e-01,9.594888e+11
30,0.300000,63,-4.819725e+00,8.389271e+00,1.544304e+01,-2.845990e-01,2.265701e-01,2.121373e-01,5.544898e+11
30,0.300000,64,-2.429034e+01,-1.118376e+01,-1.040306e+01,1.050719e+00,1.162218e-01,-6.298734e-01,8.019865e+11
30,0.300000,65,-3.411899e+01,2.961826e+01,-4.244667e+01,8.875953e-01,-3.652063e-01,6.516748e-01,7.734167e+11
30,0.300000,66,-4.795090e+01,3.049588e+01,-1.874437e+01,1.436912e-01,-3.174415e-01,-5.432485e-01,9.853652e+11
30,0.300000,67,4.400913e+01,1.938782e+01,4.442762e+01,-7.083958e-01,-2.758332e-01,-2.099049e-01,8.028133e+11
30,0.300000,68,4.560256e+01,-2.340669e+01,-1.483321e+01,-9.287547e-01,5.407858e-01,6.419800e-01,7.934820e+10
30,0.300000,69,-3.729742e+01,3.463666e+01,3.713383e+01,2.437978e-01,-1.406100e-01,8.499618e-01,1.927672e+11
30,0.300000,70,-3.556219e+01,6.579637e+00,4.546629e+01,-2.141739e-01,-2.401072e-01,-9.592893e-01,4.491464e+11
30,0.300000,71,3.430375e+01,-2.396391e+00,-7.161227e+00,2.695292e-01,-4.919677e-01,-2.932492e-01,1.844075e+11
30,0.300000,72,-5.107428e+00,4.703654e+01,4.761546e+01,-1.567998e-01,-8.665172e-01,-7.566190e-01,6.230759e+11
30,0.300000,73,3.884311e+01,-4.228306e+01,1.893452e+01,-1.271728e+00,1.165014e+00,-7.407462e-02,3.089408e+11
30,0.300000,74,6.506043e+00,3.013032e-01,-1.350045e+00,1.275181e-01,-7.730026e-01,1.540194e-02,8.766608e+11
30,0.300000,75,-5.894120e+00,2.104994e+01,-1.800621e+01,-5.869255e-01,-6.511475e-01,7.496276e-01,7.678745e+10
30,0.300000,76,-1.393729e+01,-3.799394e+01,-2.570091e+01,6.552100e-01,-3.258318e-01,-3.141503e-01,2.230406e+11
30,0.300000,77,-1.717560e+01,4.897002e+00,3.342872e+01,-4.800920e-01,4.744438e-01,-2.665975e-01,2.440442e+11
30,0.300000,78,4.472447e+00,-4.160898e+01,3.697391e+00,-9.197052e-01,8.380182e-01,-9.040187e-01,8.221462e+11
30,0.300000,79,1.563314e+01,-3.361015e+00,1.941977e+01,-1.116704e+00,-5.170478e-01,-1.111850e+00,3.900119e+11
30,0.300000,80,-1.321770e+01,2.636216e+01,-4.816727e+00,5.491770e-01,6.555911e-01,3.075389e-01,5.402214e+11
30,0.300000,81,4.749148e+01,4.152975e+01,2.507981e+01,-7.309629e-01,-2.782854e-01,-1.224233e-01,5.286885e+11
30,0.300000,82,-4.113465e+01,-3.916982e+01,2.596636e+01,5.031211e-01,-3.364056e-01,-4.901930e-01,7.472876e+11
30,0.300000,83,2.790389e+01,-1.753611e+01,6.436967e+00,-4.858005e-01,7.358091e-01,-4.729996e-01,5.415227e+11
30,0.300000,84,4.688977e+01,-2.256378e+01,4.201662e+01,-6.260504e-01,-7.473907e-01,-5.031225e-01,7.278607e+10
30,0.300000,85,4.225130e+01,-4.312831e+01,9.851411e+00,4.079343e-01,1.314397e+00,-3.417867e-01,2.101516e+11
30,0.300000,86,-5.246922e+00,4.348785e+01,2.267982e+01,1.226262e+00,7.630141e-01,9.613588e-01,1.770065e+11
30,0.300000,87,-2.653318e+01,2.837574e+01,4.130566e+01,-1.000647e+00,-1.054595e+00,-4.385597e-01,4.584131e+11
30,0.300000,88,4.003237e+01,2.389172e+01,4.899857e+01,1.211139e-01,3.029849e-01,-5.678517e-01,2.139438e+11
30,0.300000,89,-4.456434e+01,-2.165737e+01,-2.296929e+01,6.625270e-01,1.313802e+00,4.430579e-01,8.734297e+11
30,0.300000,90,-1.668115e+01,-2.826701e+01,-4.246325e+01,7.586415e-01,-4.588341e-01,7.772860e-01,3.202339e+11
30,0.300000,91,-3.026665e+01,-2.142060e+01,-1.819140e+00,2.994546e-01,-5.775626e-01,-1.265720e-01,4.545050e+11
30,0.300000,92,-3.203242e+01,3.739245e+01,4.028634e+01,-6.592582e-01,-3.122337e-01,4.615713e-01,9.503059e+11
30,0.300000,93,1.288029e+01,3.009582e+01,-3.441054e+01,2.599467e-01,-1.015345e+00,2.516085e-01,6.596846e+11
30,0.300000,94,-6.462372e+00,-2.061260e+01,2.861579e+00,4.917796e-01,2.658170e-01,1.022408e-01,5.500911e+11
30,0.300000,95,1.658633e+01,-9.598210e+00,3.581055e+01,4.000338e-01,7.664790e-01,-7.442092e-01,3.026058e+11
30,0.300000,96,2.631755e+01,2.366474e+01,2.448429e+01,6.673571e-01,2.994008e-02,9.608689e-02,3.306763e+10
30,0.300000,97,-2.748802e+01,3.791574e+00,4.714168e+01,1.002482e+00,-1.521029e-01,-1.482406e+00,5.383162e+11
30,0.300000,98,-7.347825e+00,5.519101e+00,-3.091828e+01,5.250197e-01,7.049145e-01,7.728952e-01,6.307300e+11
30,0.300000,99,-1.417716e+01,-1.780400e+01,-3.286066e+01,-9.387268e-01,7.983275e-01,-6.236240e-01,8.880208e+11
30,0.300000,100,-8.703540e+00,-1.286781e+01,-3.160343e+01,-9.688383e-01,-6.953634e-01,1.141846e+00,1.278201e+11
30,0.300000,101,2.206277e+01,7.238577e+00,-3.585843e+01,7.976027e-01,-7.113846e-01,-4.364494e-01,7.974176e+11
30,0.300000,102,-1.968934e+02,-3.607229e+01,-1.127719e+02,-2.261078e+03,-1.210617e+02,-1.128901e+03,7.407900e+11
30,0.300000,103,1.445354e+01,-2.623351e+01,-1.345356e+01,-1.295741e+00,4.622832e-01,3.100568e-01,4.027040e+10
30,0.300000,104,-2.169017e+01,7.061601e+00,4.158670e+01,5.168019e-01,1.028912e+00,-1.314181e+00,8.740655e+11
30,0.300000,105,-4.485198e+01,-4.725646e+01,4.904949e+01,7.386811e-01,4.715606e-01,-1.003628e+00,7.159539e+11
30,0.300000,106,2.109872e+01,-2.503551e+01,9.550420e-01,-9.208283e-01,1.606421e-01,7.832397e-01,5.211885e+10
30,0.300000,107,-2.062531e+01,-1.430580e+01,2.793512e+01,1.007989e+00,5.196637e-01,-1.096667e+00,9.450611e+11
30,0.300000,108,-3.480283e+01,1.827583e+01,4.757879e+01,2.537655e-01,-6.306313e-01,1.760053e-01,1.395692e+11
30,0.300000,109,-3.062997e+01,4.907056e+01,-4.945237e+01,-4.271478e-01,-1.370656e+00,1.402058e+00,2.465284e+10
30,0.300000,110,1.193069e+01,-3.705911e+01,2.267675e+01,-3.376828e-01,-8.842733e-03,-9.476632e-01,5.016133e+11
30,0.300000,111,3.717009e+01,-4.260948e+01,3.863598e+00,-1.017890e+00,2.378097e-01,-2.909327e-01,1.128641e+11
30,0.300000,112,-4.764901e+01,-3.518636e+00,-4.528051e+01,1.602931e-01,-5.221448e-01,-6.750653e-01,6.139056e+11
30,0.300000,113,-9.717770e+00,4.170736e+01,2.412231e+01,7.330158e-01,5.706912e-01,-1.936201e-02,8.430211e+11
30,0.300000,114,4.277279e+01,2.409945e+01,3.563900e+01,-3.031275e-01,5.532480e-01,4.113842e-02,8.809183e+11
30,0.300000,115,-2.519775e+01,3.212263e+01,-1.224896e+01,-2.181522e-01,2.474640e-01,7.913460e-01,2.941500e+11
30,0.300000,116,-1.757793e+01,-2.637801e+01,-1.091027e+01,-1.215032e-01,8.647525e-01,9.339885e-02,5.288465e+11
30,0.300000,117,3.493356e+01,-3.738227e+00,-3.646164e+01,-8.022466e-01,-3.875366e-02,9.622916e-01,8.504653e+11
30,0.300000,118,-2.129893e+01,1.188558e+01,1.906896e+01,6.953705e-02,-6.061288e-01,3.004076e-01,7.653411e+11
30,0.300000,119,-2.707391e+01,-3.675176e+01,1.411315e+01,1.423806e-01,1.391923e+00,-1.103478e+00,6.036381e+11
30,0.300000,120,3.442816e+01,4.331069e+01,3.858274e+01,-9.523058e-01,-1.048298e+00,-6.509133e-01,5.231914e+11
30,0.300000,121,3.710934e+01,2.158742e+01,-4.581644e+01,1.725383e-01,-7.374450e-01,-2.041971e-01,9.736597e+11
30,0.300000,122,5.967129e+00,-4.476742e+01,3.220834e+01,7.369844e-01,7.033550e-01,-3.644204e-01,7.061728e+10
30,0.300000,123,-4.698135e+01,-4.412836e+01,3.239250e+01,-1.180659e-01,-2.584763e-01,-2.921773e-01,7.403487e+11
30,0.300000,124,-3.569121e+01,-1.429535e+00,-1.634159e+01,1.358583e+00,-5.846295e-02,-4.852493e-01,1.652667e+11
30,0.300000,125,8.960627e+00,7.969488e-02,1.757546e+01,-3.311367e-01,-4.995968e-01,2.970543e-01,1.897044e+11
30,0.300000,126,-1.005033e+01,3.952119e+01,-3.432440e+01,7.671510e-01,4.340177e-01,1.483378e+00,8.047768e+11
30,0.300000,127,1.170579e+01,-9.735106e-01,3.642658e+01,2.561185e-02,2.491902e-01,-5.280302e-02,9.081841e+11
30,0.300000,128,2.403535e+01,-3.442327e+01,1.462625e+01,4.170960e-01,5.690508e-01,7.512306e-01,8.689551e+11
30,0.300000,129,-4.381116e+01,-2.928056e+01,-4.746631e+01,5.313002e-01,6.903191e-01,7.486389e-01,1.206212e+11
30,0.300000,130,4.257582e+01,-8.280213e+00,-2.067843e+01,-5.696623e-01,1.557719e-01,4.194702e-02,2.887161e+11
30,0.300000,131,-2.415578e+01,-7.315107e+00,-4.139350e+01,7.207065e-01,1.050624e+00,1.388536e+00,5.263974e+11
30,0.300000,132,-3.612362e+00,1.374400e+01,-7.230683e+00,-6.381712e-01,5.346662e-01,-7.204697e-01,9.423521e+10
30,0.300000,133,-6.734891e+00,-4.442074e+01,4.538881e+01,-7.247162e-02,-7.652994e-02,6.188995e-01,1.536961e+11
30,0.300000,134,4.713178e+01,1.755622e+01,-2.428913e+01,3.069014e-01,-9.158265e-01,1.933035e-01,2.294375e+11
30,0.300000,135,-9.359221e+00,4.975504e+01,3.491081e-01,4.936632e-01,-8.440628e-01,2.309633e-01,5.419177e+11
30,0.300000,136,-1.598615e+01,3.497861e+00,-4.406732e+01,6.646559e-01,-5.646024e-01,5.661838e-01,1.817822e+10
30,0.300000,137,4.635789e+01,6.199437e+00,-4.078318e+01,-6.396676e-01,2.542850e-01,-6.716985e-01,8.920030e+11
30,0.300000,138,3.814512e+01,-4.758813e+01,-4.644712e+01,7.319151e-01,7.487700e-01,-2.986111e-01,7.503638e+11
30,0.300000,139,2.933178e+01,3.439576e+01,4.690880e+01,-7.316951e-01,4.810256e-01,-4.756128e-01,8.646032e+11
30,0.300000,140,-2.344581e+01,-4.390941e+01,-9.948732e+00,2.982104e-01,7.207651e-01,6.065787e-02,4.142350e+11
30,0.300000,141,2.690571e+01,4.468384e+01,-8.342105e+00,1.620125e-01,-4.882423e-01,-1.815864e-02,1.384630e+11
30,0.300000,142,-3.745249e+01,5.538690e+00,-4.800675e+01,-5.986176e-01,-9.331372e-01,-1.212902e-01,8.593346e+11
30,0.300000,143,-2.214870e+01,-1.510033e+01,1.059179e+01,-2.845283e-01,-3.019493e-01,7.077398e-02,2.810386e+11
30,0.300000,144,-4.662523e+01,-4.529908e+01,-3.626991e+01,-1.779926e-01,-4.603383e-01,3.011337e-01,9.046293e+11
30,0.300000,145,2.040325e+01,4.978547e+01,-1.872027e+01,-2.079905e-01,3.129377e-01,6.213265e-01,2.135904e+11
30,0.300000,146,2.363505e+02,-1.271490e+01,1.035126e+02,2.835977e+03,1.537298e+02,1.415657e+03,5.908249e+11
30,0.300000,147,-1.258091e+01,-8.632600e+00,-5.659803e+00,3.187291e-01,6.299416e-01,-7.053421e-01,7.294669e+11
30,0.300000,148,4.564416e+01,1.260934e+01,-5.002058e+01,6.094255e-01,2.947093e-01,-2.464882e-01,2.958760e+11
30,0.300000,149,2.814372e+01,1.755197e+01,-3.074249e+01,-2.918574e-01,2.719336e-01,1.792107e-01,9.591584e+11
30,0.300000,150,1.147721e+01,-2.668755e+01,-3.353723e+01,-1.031605e+00,2.436214e-01,2.952779e-01,6.523790e+11
30,0.300000,151,-2.333707e+01,3.549334e+01,-2.637286e+01,6.215581e-01,-7.882532e-01,5.818067e-01,2.998021e+11
30,0.300000,152,-4.669526e+01,2.299725e+01,-4.815204e+01,1.491682e+00,-4.455743e-01,-3.705193e-01,9.761201e+11
30,0.300000,153,-4.691024e+01,-3.411958e+01,-2.353735e+01,9.747877e-01,1.064915e+00,5.861610e-02,3.043183e+11
30,0.300000,154,3.328130e-01,4.600760e+01,-2.439379e+01,-9.151050e-01,-1.246625e+00,1.814190e-01,1.980969e+11
30,0.300000,155,1.670821e+01,4.207940e+01,3.374100e+01,6.811774e-01,2.112679e-01,-1.079798e+00,5.758210e+11
30,0.300000,156,-4.558406e+01,2.544305e+01,3.652523e+01,-4.029190e-02,-1.772476e-01,5.545245e-01,7.180922e+10
30,0.300000,157,3.421946e+01,4.021411e+01,-4.619816e+01,5.173966e-01,-1.194360e+00,-1.089506e-02,6.854936e+11
30,0.300000,158,3.934241e+01,2.600523e+01,4.786348e+01,-2.396324e-01,-3.699789e-01,-7.629328e-01,5.239423e+11
30,0.300000,159,4.159087e+01,1.564673e+01,2.091965e+01,-2.391495e-01,3.627816e-01,-3.956938e-03,5.186390e+11
30,0.300000,160,-1.479635e+01,1.219949e+01,-4.129811e+01,-2.983916e-01,-3.149396e-01,1.357708e+00,4.784774e+11
30,0.300000,161,3.624641e+01,3.337722e+01,3.597311e+00,5.873615e-02,1.556385e-01,2.883388e-01,5.785806e+11
30,0.300000,162,2.987775e+01,3.771657e+01,-2.438973e+01,3.720016e-01,7.426652e-02,-2.004052e-01,9.941114e+10
30,0.300000,163,-1.421915e+01,-2.944657e+00,1.084004e+01,-4.085189e-01,-1.038198e+00,-1.027014e+00,8.577661e+11
30,0.300000,164,2.027035e+01,3.662391e+01,-1.298897e+01,-1.197099e+00,-4.100079e-01,8.967227e-02,4.593716e+11
30,0.300000,165,3.664323e+01,-9.563720e+00,4.267367e+01,1.305305e-01,-3.299144e-01,-4.243148e-01,4.371898e+11
30,0.300000,166,4.757863e+01,-4.615857e+01,-4.946830e+01,9.077989e-02,1.413823e+00,-2.146599e-01,4.708448e+11
30,0.300000,167,5.157899e+00,2.273021e-02,5.461723e+00,5.427347e-01,1.067358e+00,-9.174513e-01,1.916087e+11
30,0.300000,168,-3.999604e+01,-1.622977e+00,-4.602998e+01,1.315790e+00,1.963428e-01,7.255177e-02,8.609500e+11
30,0.300000,169,3.398254e+01,3.645932e+01,-1.873829e+01,1.566631e-01,-4.772084e-01,-5.974480e-01,4.391972e+11
30,0.300000,170,8.391748e-01,2.037969e+01,3.657124e+01,-2.409373e-01,1.423799e-01,1.777500e-01,2.648757e+11
30,0.300000,171,1.519798e+01,-3.661137e+01,2.220994e+01,-1.657374e+00,4.572358e-01,-6.798102e-01,1.221386e+11
30,0.300000,172,1.030563e+01,-5.462368e+00,-2.035167e+01,1.333456e-01,9.500308e-01,6.108406e-03,5.090612e+11
30,0.300000,173,-2.226356e+01,2.466748e+01,-1.357391e+01,-4.676952e-01,1.906617e-01,4.596681e-01,8.248638e+11
30,0.300000,174,3.813643e+01,4.184272e+01,-2.433826e+01,-5.628652e-01,7.368872e-01,7.198396e-01,8.757373e+11
30,0.300000,175,-1.403514e+01,4.908576e+01,-3.666851e+01,-9.351948e-01,-1.459372e+00,1.120211e+00,2.268290e+11
30,0.300000,176,2.573030e+01,-3.658595e+01,-1.671610e+01,-5.297444e-01,4.904065e-01,4.667202e-01,7.121465e+10
30,0.300000,177,6.253885e-01,4.656277e+01,6.720131e+00,3.912147e-01,-2.206613e-01,8.303470e-01,9.024914e+11
30,0.300000,178,-1.767791e+01,1.068912e+01,2.257669e+01,1.685684e-01,2.209414e-01,5.996819e-01,6.000821e+11
30,0.300000,179,-3.544495e+01,-3.979015e+01,-2.903236e+00,1.956975e-01,-2.690319e-01,3.819762e-01,5.260173e+11
30,0.300000,180,-2.772818e+01,-4.207965e+00,2.384119e+01,9.389039e-01,5.803423e-01,-1.571817e+00,3.463983e+11
30,0.300000,181,-3.305003e+01,2.019814e+01,-9.696585e+00,7.593720e-01,2.529413e-01,9.379700e-01,4.634361e+11
30,0.300000,182,-1.203929e+01,3.966158e+01,-1.417116e+01,5.420695e-01,-6.927690e-01,-8.148406e-01,9.088163e+11
30,0.300000,183,-4.724731e+01,-4.353232e+01,5.317421e-01,-2.613963e-01,-2.521494e-01,8.932480e-01,6.832514e+11
30,0.300000,184,-2.362240e+01,7.552692e+00,-2.972251e+01,1.643676e-01,-9.221140e-01,1.099521e+00,4.695276e+11
30,0.300000,185,1.260041e+01,-4.849244e+01,3.028359e+01,4.315734e-01,8.941891e-01,-9.051755e-01,4.734177e+11
30,0.300000,186,-1.165675e+01,-3.277769e+01,4.252163e+01,5.185211e-01,-4.049438e-01,-7.569618e-01,4.693188e+11
30,0.300000,187,7.422999e+00,-1.302492e+01,-1.268800e+01,-6.285761e-02,1.212355e-01,9.360047e-01,7.781692e+11
30,0.300000,188,1.043554e+01,3.497025e+01,-4.351236e+00,5.995161e-01,-5.739438e-01,3.605216e-01,3.584676e+11
30,0.300000,189,-3.997667e+00,1.006999e+01,3.163902e+01,-1.009725e+00,2.386963e+00,6.964276e-02,8.817712e+11
30,0.300000,190,-1.704947e+01,3.269618e+01,-1.518114e+01,9.358927e-01,6.759152e-01,-2.080776e-01,4.779433e+11
30,0.300000,191,-4.300791e+01,6.191423e+00,4.357022e+01,6.844986e-01,1.110996e+00,-8.358767e-01,2.532071e+11
30,0.300000,192,-1.333123e+01,-3.168400e+01,-4.780952e+01,9.072465e-01,-5.670588e-01,4.392302e-01,8.373343e+11
30,0.300000,193,-3.710555e+00,-3.641158e+01,-3.136004e+01,7.505276e-01,9.049640e-01,-7.380863e-01,1.970824e+10
30,0.300000,194,-1.531211e+01,1.236319e+01,3.892055e+01,1.738094e-01,-3.262383e-01,-1.030518e+00,3.922308e+11
30,0.300000,195,-5.138650e+00,1.283729e+00,3.592525e+01,4.798984e-02,-5.099097e-01,8.280120e-02,1.694456e+11
30,0.300000,196,-4.955973e+01,-3.965297e+01,-9.339172e+00,1.570207e-01,-1.225273e-01,-1.025893e-02,3.450496e+11
30,0.300000,197,-1.762209e+01,4.041278e+01,-3.260614e+01,8.967142e-01,-1.405049e+00,1.874994e-02,7.104283e+11
30,0.300000,198,2.728958e+01,-1.327226e+01,2.174574e+01,-1.161774e+00,1.198484e+00,-9.289889e-03,7.978440e+11
30,0.300000,199,-5.980955e+00,3.463115e+01,-3.192224e+01,4.591178e-01,-3.042738e-01,-5.788158e-01,4.115004e+11
30,0.300000,200,-6.507616e+00,3.367512e+01,6.834901e+00,1.769158e-01,7.221179e-02,1.362214e+00,8.110267e+11
30,0.300000,201,-2.717262e+01,-9.869397e+00,-3.528356e+01,1.739378e-01,-7.308891e-02,-1.701488e-01,3.417566e+11
30,0.300000,202,-1.529525e+01,1.819239e+01,-4.561051e+01,-8.447644e-01,-1.163748e+00,1.169639e+00,2.509985e+11
30,0.300000,203,-4.610333e+01,-1.329240e+01,-4.613149e+01,3.607946e-01,-1.595568e-01,-1.887012e-01,3.721527e+11
30,0.300000,204,7.337208e+00,-2.391845e+01,2.706036e+01,-1.140212e+00,-4.972027e-01,-6.789780e-01,4.547015e+11
30,0.300000,205,-4.616527e+01,-1.883914e+01,-2.408481e+01,1.295197e+00,4.220108e-02,1.361659e+00,8.183806e+11
30,0.300000,206,-4.794210e+01,2.271705e+01,-3.492336e+01,3.668759e-01,-3.101692e-01,-5.742347e-01,4.964171e+11
30,0.300000,207,-4.031022e+00,4.527196e+01,2.352095e+01,-5.892372e-01,-1.569804e+00,5.668544e-02,9.770774e+11
30,0.300000,208,3.490571e+00,4.938338e+01,-1.583788e+01,-8.973852e-01,-1.212919e+00,-6.137150e-01,1.297692e+11
30,0.300000,209,-1.454351e+01,-4.691220e+00,7.180127e+00,-2.556614e-02,9.181931e-01,1.515507e+00,6.617158e+11
30,0.300000,210,-2.383261e+00,-2.639914e+01,-2.464047e+00,-1.209418e-01,1.278318e+00,4.578841e-01,8.668333e+11
30,0.300000,211,-1.263372e+01,3.215902e+01,-1.443468e+01,3.504637e-01,5.577018e-01,-7.387596e-01,3.385877e+11
30,0.300000,212,-4.026427e+01,3.662628e+01,-1.907359e+01,5.371530e-01,2.074889e-01,3.762235e-01,7.466053e+11
30,0.300000,213,-3.820761e+01,2.644733e+01,3.646886e+01,4.468670e-01,-7.092794e-01,-3.115065e-01,8.661977e+11
30,0.300000,214,4.802963e+01,-2.362282e+01,2.461949e+00,-5.021273e-01,1.210917e-01,9.720174e-01,9.542347e+11
30,0.300000,215,-3.914043e+00,1.220625e+01,3.177640e+01,5.500386e-01,-3.206266e+00,-1.313408e+00,6.692142e+11
30,0.300000,216,-2.802928e+01,-2.334805e+01,4.968441e+01,-2.949659e-01,-7.883686e-01,-8.434272e-01,9.503643e+11
30,0.300000,217,4.924614e+01,4.582741e+01,1.941285e+01,-1.189918e+00,1.090801e-02,1.733845e-01,5.880835e+11
30,0.300000,218,4.417935e+01,4.931182e+01,-4.981367e+00,4.805494e-01,-8.523303e-01,9.464165e-01,3.847918e+11
30,0.300000,219,2.547786e+01,4.697867e+01,-1.686334e+01,-8.368059e-01,-3.259641e-01,-6.165751e-01,5.809256e+10
30,0.300000,220,-4.606733e+01,-1.718352e+01,2.147537e+01,3.847939e-02,4.343671e-01,-7.762534e-03,5.810266e+11
30,0.300000,221,2.290570e+01,-4.793599e+01,2.586490e+00,1.869768e-01,1.528658e+00,-4.976853e-01,8.357623e+11
30,0.300000,222,2.002041e+01,2.802674e+01,-8.075610e+00,-1.028351e-01,4.802244e-01,8.858914e-01,5.668242e+11
30,0.300000,223,-4.673037e+01,3.394332e+01,4.400772e+01,1.082329e+00,3.573120e-01,-8.001922e-01,1.300490e+10
30,0.300000,224,-9.727787e+00,-7.412206e+00,-4.471673e+01,-2.583967e-01,6.802876e-01,1.070881e+00,7.054687e+11
30,0.300000,225,-1.532052e+01,-2.161863e+00,-2.196345e+01,-8.015476e-01,1.237381e-01,8.159885e-01,8.011655e+11
30,0.300000,226,-2.716208e+00,-4.721221e+01,1.317847e+01,-5.843365e-01,1.188024e+00,-1.060987e+00,8.165855e+11
30,0.300000,227,7.980763e+00,4.184013e+01,-1.232658e+01,7.714903e-03,-6.646070e-02,-2.369983e-01,4.043790e+11
30,0.300000,228,6.666279e+00,9.009906e+00,-9.860324e+00,7.506763e-01,-1.007549e+00,8.731214e-02,4.169450e+11
30,0.300000,229,2.679427e+01,-2.801440e+01,-3.865823e+01,-9.634195e-01,6.367602e-01,2.869215e-02,2.019537e+11
30,0.300000,230,-3.048379e+01,-3.016152e+01,4.931391e+01,6.281410e-01,2.247034e-03,-1.205643e-01,8.436178e+11
30,0.300000,231,-4.678954e+01,1.777534e+01,1.552498e+01,8.229467e-01,2.390677e-02,-1.090416e+00,2.298081e+11
30,0.300000,232,-1.462790e+01,-1.461829e+01,1.187719e+01,8.335460e-01,1.310641e+00,-1.188094e+00,8.874148e+11
30,0.300000,233,4.605641e+01,-2.455976e+00,-2.028259e+01,-1.061998e-01,4.643406e-01,-3.788210e-02,8.483677e+11
30,0.300000,234,-1.085565e+01,3.020728e+01,-4.602177e+01,9.087435e-02,-1.192949e+00,-3.496545e-01,2.613357e+11
30,0.300000,235,-2.728439e+01,1.594888e+01,-4.030358e+01,-3.769906e-01,-4.683961e-01,8.826016e-01,8.713483e+11
30,0.300000,236,4.323019e+01,2.853323e+01,-4.070874e+01,-9.686711e-01,-1.006955e+00,6.806342e-01,2.116644e+11
30,0.300000,237,-4.186219e+01,2.332699e+01,-4.102043e+01,-6.461591e-01,-7.292686e-01,-2.699224e-02,7.746932e+11
30,0.300000,238,4.020097e+01,2.982603e+01,1.197594e+01,-8.064661e-01,-1.063946e-01,3.547252e-01,8.810636e+11
30,0.300000,239,1.053574e+01,1.933038e+01,-3.667359e+01,5.933063e-01,-3.134696e-01,-1.045666e-01,1.004027e+11
30,0.300000,240,1.918299e+01,4.828475e+01,4.597376e+01,1.487769e-01,1.605685e-01,-1.263552e+00,9.116202e+11
30,0.300000,241,4.089750e+01,2.658295e+01,-3.864622e+01,6.481257e-01,-9.888851e-02,-6.006790e-01,4.283024e+10
30,0.300000,242,2.093871e+01,9.135152e+00,3.051799e+01,9.155227e-04,-2.689944e-01,-3.734783e-01,9.072775e+11
30,0.300000,243,4.918863e+01,-4.141776e+01,2.873167e+01,-1.043363e-01,7.791112e-01,6.517603e-01,4.341739e+11
30,0.300000,244,-3.663325e+01,-3.513377e+01,1.960222e+00,9.943993e-01,-5.085462e-01,-1.850139e-01,4.543657e+11
30,0.300000,245,4.015506e+01,3.394363e+00,-1.405149e+01,2.750410e-01,-4.477996e-01,-7.624392e-02,8.009739e+11
30,0.300000,246,3.005119e+01,1.775858e+01,3.323452e+01,-2.059712e-01,-6.436186e-01,2.612321e-02,1.308197e+11
30,0.300000,247,1.604510e+01,-4.382994e+01,-4.704760e+01,2.310098e-01,-4.213075e-01,8.833178e-01,2.556454e+11
30,0.300000,248,4.242103e+01,2.356296e+01,1.755763e+01,-1.388047e+00,7.099802e-01,-7.344982e-01,8.834856e+11
30,0.300000,249,-4.822653e+01,1.765727e+01,-1.682676e+01,1.411158e+00,-6.556414e-01,3.776688e-01,7.283284e+11
30,0.300000,250,1.193007e+00,-3.338945e+01,2.408399e+00,-4.727544e-01,1.096105e+00,-3.181725e-01,8.248778e+11
30,0.300000,251,-3.856611e+01,4.927387e+01,4.463527e+01,8.129666e-01,-1.286115e+00,6.669479e-01,4.309947e+11
30,0.300000,252,-2.966008e+01,2.879367e+01,1.728006e+01,-4.287315e-01,-2.703597e-01,-4.587250e-01,1.966599e+11
30,0.300000,253,-9.363143e+00,4.551451e+00,-4.290038e+01,-3.505176e-01,-5.184143e-01,3.643056e-01,3.463172e+11
30,0.300000,254,-6.282383e+00,-4.076268e+01,-4.342190e+01,8.119251e-01,-5.065027e-02,4.483878e-01,2.690759e+11
30,0.300000,255,-3.999526e+01,4.475064e+01,-4.163925e+01,-2.955709e-01,4.498090e-01,-6.618849e-01,9.874949e+11
40,0.400000,0,-3.221060e+01,-1.016997e+01,-3.350572e+01,5.403182e-02,-5.043380e-01,-7.679945e-01,2.829088e+11
40,0.400000,1,-4.555798e+01,-1.846811e+01,-2.333841e+01,-4.176894e+00,-5.953790e+00,-6.909253e+00,2.097202e+11
40,0.400000,2,-4.565788e+01,-1.577831e+01,1.493396e+01,-1.305988e-02,-7.653793e-01,9.294346e-01,6.588644e+11
40,0.400000,3,2.629177e+00,4.525890e-01,4.130101e+01,-7.255672e-01,-5.717266e-01,-1.773284e+00,7.227295e+11
40,0.400000,4,1.383787e+01,3.792432e+01,-8.749508e+00,2.253132e-01,-1.145248e+00,2.849980e-01,3.777169e+10
40,0.400000,5,-1.579156e+01,1.345801e+01,-1.957313e+01,-1.580253e-01,8.698500e-01,3.920758e-01,7.603737e+11
40,0.400000,6,-3.244682e+01,2.943925e+01,4.591224e+01,-1.275650e-01,-9.881667e-01,-7.586318e-01,3.760901e+11
40,0.400000,7,-3.300701e+01,-1.159612e+00,-4.722380e+01,-1.587931e-01,1.565639e+00,1.644685e+00,8.865707e+11
40,0.400000,8,-3.877113e+01,4.999454e+01,1.033265e+01,9.294567e-01,2.049388e-01,-1.059329e+00,5.686733e+11
40,0.400000,9,-3.391072e+01,9.483096e+00,9.388884e+00,5.096845e-01,-6.926831e-01,7.301345e-01,8.941096e+11
40,0.400000,10,-3.170986e+01,-2.812656e+00,1.519956e+01,4.474325e-01,-2.064178e-01,7.784637e-01,5.834609e+11
40,0.400000,11,-9.130455e+00,-2.810682e+01,4.502035e+01,-1.248063e-01,4.966620e-01,2.334648e-01,2.829535e+11
40,0.400000,12,1.965916e+01,4.162287e+01,-3.373296e+01,4.227469e-01,2.694692e-01,9.901965e-01,5.592508e+11
40,0.400000,13,2.955515e+01,2.830890e+01,-3.795827e+01,6.660550e-01,-5.642765e-01,8.672814e-01,4.625995e+11
40,0.400000,14,1.095599e+01,1.058285e+01,-1.513337e+01,1.368626e-01,-8.958249e-01,-5.580634e-01,1.590002e+11
40,0.400000,15,-1.525066e+01,1.125306e+01,2.296517e+01,-1.756857e+00,-1.703958e-02,-4.291745e-01,3.424411e+11
40,0.400000,16,3.232790e+00,1.531612e+01,1.124388e+01,-9.041269e-01,-1.799731e-02,3.901670e-01,4.540015e+10
40,0.400000,17,-1.880006e+00,3.842330e+00,9.150862e+00,-6.829801e-01,-3.531672e-01,5.337122e-01,2.383601e+11
40,0.400000,18,2.017745e+01,-8.043075e+00,1.858831e+01,-8.445163e-01,-6.503265e-01,-1.024233e+00,1.124069e+11
40,0.400000,19,-3.911418e+01,-4.595659e+01,-2.439502e+01,1.010077e-01,8.613961e-01,1.131331e+00,2.228659e+11
40,0.400000,20,-2.099983e+00,1.616320e+01,4.952128e+00,-1.084703e+00,-4.982050e-01,-6.178535e-01,2.517453e+11
40,0.400000,21,3.824618e+01,4.326636e+01,-2.206618e+01,-1.002111e+00,-2.222038e+00,-1.395142e+00,6.459795e+11
40,0.400000,22,2.966455e+01,7.832087e+00,3.727156e+01,-4.843881e-01,-8.572297e-01,-4.610806e-01,8.138987e+11
40,0.400000,23,-4.705321e+01,9.936283e+00,4.137965e+01,1.151776e-01,1.343930e-01,-9.930916e-01,6.005106e+11
40,0.400000,24,-2.094392e+01,-3.450538e+01,3.105987e+01,6.633145e-01,1.188710e+00,-6.062575e-01,7.874010e+11
40,0.400000,25,-3.706869e+01,2.541815e+00,-4.711610e+01,-8.878039e-01,8.754287e-01,-2.333612e-01,3.871927e+11
40,0.400000,26,4.343958e+01,-3.192031e+01,-4.747495e+01,2.340829e-01,3.925533e-01,1.042903e+00,2.386911e+11
40,0.400000,27,2.624034e+01,-4.415686e+00,-4.545013e+01,4.379793e-01,-6.572111e-01,1.544317e+00,9.310274e+11
40,0.400000,28,1.961829e+01,-3.725692e+01,2.632313e+00,6.757355e-01,-3.213822e-02,-1.595973e-01,7.567738e+11
40,0.400000,29,-4.037360e+01,1.991480e+01,3.978694e+00,1.741534e-01,-8.961735e-01,8.062283e-02,2.502779e+11
40,0.400000,30,1.848631e+01,3.759900e+01,1.240614e+01,-1.997015e-01,-1.506283e+00,6.479482e-02,3.558971e+11
40,0.400000,31,3.181033e+01,4.171178e+00,8.085642e+00,-3.846153e-01,-8.819263e-01,2.193909e-01,3.774633e+11
40,0.400000,32,-4.410570e+01,8.288427e+00,-1.970449e+01,1.104247e+00,5.717291e-01,7.895190e-01,7.384179e+11
40,0.400000,33,4.885794e+01,-3.314084e+01,-1.166311e+00,-1.357266e+00,1.234942e+00,-8.157682e-01,3.220288e+11
40,0.400000,34,-4.053680e+01,9.853487e+00,5.675472e+00,1.599743e+00,-9.105148e-02,-4.938936e-01,4.018701e+11
40,0.400000,35,3.447890e+00,3.279051e+01,2.440712e+01,-5.762829e-01,-5.373393e-01,-7.877211e-01,9.340962e+11
40,0.400000,36,-1.267858e+01,4.479365e+01,-1.944996e+01,7.682169e-02,-1.122916e+00,6.726877e-01,1.906360e+11
40,0.400000,37,-2.600840e+01,-6.483104e+00,4.173609e+01,-2.490017e-01,5.360368e-01,-6.772844e-01,3.256788e+11
40,0.400000,38,-3.189207e+00,-6.353251e+00,1.325575e+01,-2.511823e-01,-6.032220e-01,-8.625730e-01,3.445997e+11
40,0.400000,39,1.171677e+00,-1.272592e+01,2.332904e+01,-1.113096e+00,-1.987208e-01,-4.616668e-01,4.087622e+11
40,0.400000,40,7.598954e+00,3.055183e+01,-1.628573e+01,5.720326e-01,3.766657e-01,6.322630e-01,3.846115e+11
40,0.400000,41,-2.150180e+01,-2.516787e+01,6.070142e+00,3.396796e-01,1.005262e+00,-1.028090e-01,7.591800e+11
40,0.400000,42,-2.164167e+01,3.862295e+01,-4.227814e+01,6.844539e-01,-8.290166e-01,1.165926e+00,3.182194e+11
40,0.400000,43,-1.358688e+01,4.000718e+01,1.487685e+01,1.287216e+00,-1.058629e+00,-3.092243e-01,9.256596e+11
40,0.400000,44,-2.470979e+00,3.623683e+01,-1.713128e+01,-1.168231e+00,-9.894329e-02,6.520946e-01,9.996974e+11
40,0.400000,45,-7.871595e+00,-1.948245e+01,-1.198585e+01,3.830567e-01,4.037461e-01,1.228835e+00,2.379984e+11
40,0.400000,46,-2.666328e+01,-8.244483e+00,4.844157e+01,2.859421e-01,-9.918362e-02,-1.736413e+00,2.734147e+11
40,0.400000,47,1.325224e+01,2.728212e+01,7.605205e+00,6.730123e-01,1.536889e-01,-8.034592e-01,8.700814e+11
40,0.400000,48,4.480466e+01,1.099874e+01,2.918698e+01,-8.351880e-01,1.970978e-01,-1.043047e+00,4.835107e+11
40,0.400000,49,-3.603926e+01,2.831757e+01,-2.072157e+00,7.000061e-01,-1.286826e+00,5.817632e-01,2.716077e+11
40,0.400000,50,1.428500e+01,2.935961e+01,-5.417111e-01,3.871807e-01,-8.433629e-01,6.794365e-02,3.963026e+11
40,0.400000,51,1.659571e+00,4.359249e+00,1.549295e+01,-1.211593e+00,-3.027106e-01,-8.081031e-01,1.509222e+11
40,0.400000,52,4.917786e+01,-4.108888e+00,-4.871805e+01,3.983470e-01,-6.425992e-01,1.081465e+00,3.723058e+11
40,0.400000,53,4.282608e+00,4.264552e+01,3.429283e+01,2.290174e-01,-1.224897e-01,-9.597761e-01,2.478318e+11
40,0.400000,54,3.007190e+01,-3.194455e+01,6.663143e-01,-6.553226e-01,1.272112e+00,1.177933e+00,3.248177e+11
40,0.400000,55,-3.119246e+01,-2.131734e+00,2.071000e+01,1.235880e+00,-9.989480e-01,-8.190824e-01,8.557808e+11
40,0.400000,56,-1.593336e+01,9.631385e+00,4.935564e+01,-4.865960e-01,-9.697394e-01,-2.103145e+00,2.788510e+11
40,0.400000,57,-3.698507e+01,3.130539e+01,1.373217e+01,9.625308e-01,1.152906e-02,-1.698528e-01,3.585567e+11
40,0.400000,58,-5.119300e+00,3.065816e+01,8.994093e+00,-9.131502e-01,1.607022e+00,-1.558378e+00,6.979965e+11
40,0.400000,59,4.539838e+01,-4.039529e+01,-4.859155e+01,-1.000890e+00,6.193475e-02,6.895944e-01,8.485814e+11
40,0.400000,60,1.031509e+01,-4.126619e+01,2.020533e+01,9.001484e-01,1.327524e+00,2.928828e-01,2.821165e+11
40,0.400000,61,2.433208e+01,2.059077e+01,4.514158e+00,2.139120e-01,4.327365e-02,-6.562995e-01,5.468506e+11
40,0.400000,62,-2.416536e+01,1.652113e+01,3.937537e+01,7.701015e-01,-4.751141e-01,-5.570166e-01,9.594888e+11
40,0.400000,63,-4.834880e+00,8.399422e+00,1.545258e+01,-3.182426e-01,1.837111e-01,1.732864e-01,5.544898e+11
40,0.400000,64,-2.423486e+01,-1.117626e+01,-1.043290e+01,1.157931e+00,1.774876e-01,-5.697599e-01,8.019865e+11
40,0.400000,65,-3.407379e+01,2.959665e+01,-4.241036e+01,9.173686e-01,-4.869832e-01,7.869345e-01,7.734167e+11
40,0.400000,66,-4.793835e+01,3.047765e+01,-1.877113e+01,3.389165e-01,-4.031717e-01,-5.286584e-01,9.853652e+11
40,0.400000,67,4.396919e+01,1.937562e+01,4.441342e+01,-8.726618e-01,-2.180470e-01,-3.446252e-01,8.028133e+11
40,0.400000,68,4.555292e+01,-2.337750e+01,-1.479979e+01,-1.045159e+00,6.189425e-01,6.900889e-01,7.934820e+10
40,0.400000,69,-3.727898e+01,3.462581e+01,3.717599e+01,4.714020e-01,-2.793495e-01,8.378286e-01,1.927672e+11
40,0.400000,70,-3.556878e+01,6.567833e+00,4.541377e+01,-6.452832e-02,-2.326547e-01,-1.125090e+00,4.491464e+11
40,0.400000,71,3.431455e+01,-2.419425e+00,-7.176248e+00,1.721229e-01,-4.350886e-01,-3.062973e-01,1.844075e+11
40,0.400000,72,-5.114989e+00,4.699011e+01,4.757384e+01,-1.466644e-01,-9.794895e-01,-8.941212e-01,6.230759e+11
40,0.400000,73,3.877672e+01,-4.222188e+01,1.892907e+01,-1.373787e+00,1.271650e+00,-1.375357e-01,3.089408e+11
40,0.400000,74,6.509773e+00,2.635511e-01,-1.348006e+00,3.128297e-02,-7.403226e-01,6.159278e-02,8.766608e+11
40,0.400000,75,-5.924906e+00,2.101718e+01,-1.796641e+01,-6.393188e-01,-6.583872e-01,8.336804e-01,7.678745e+10
40,0.400000,76,-1.390436e+01,-3.800604e+01,-2.571457e+01,6.613705e-01,-1.733761e-01,-2.395776e-01,2.230406e+11
40,0.400000,77,-1.719887e+01,4.922858e+00,3.341257e+01,-4.532321e-01,5.521766e-01,-3.689825e-01,2.440442e+11
40,0.400000,78,4.425208e+00,-4.156109e+01,3.652759e+00,-9.653286e-01,1.056009e+00,-8.832739e-01,8.221462e+11
40,0.400000,79,1.557441e+01,-3.385673e+00,1.936293e+01,-1.221767e+00,-4.736004e-01,-1.157247e+00,3.900119e+11
40,0.400000,80,-1.318936e+01,2.639395e+01,-4.802078e+00,5.811183e-01,6.195539e-01,2.811346e-01,5.402214e+11
40,0.400000,81,4.745180e+01,4.151396e+01,2.507101e+01,-8.449803e-01,-3.463254e-01,-2.199403e-01,5.286885e+11
40,0.400000,82,-4.110737e+01,-3.918407e+01,2.594107e+01,5.804408e-01,-2.429477e-01,-5.185862e-01,7.472876e+11
40,0.400000,83,2.787633e+01,-1.749786e+01,6.413431e+00,-6.047416e-01,7.888560e-01,-4.688477e-01,5.415227e+11
40,0.400000,84,4.685573e+01,-2.259953e+01,4.198923e+01,-7.256208e-01,-6.885017e-01,-5.846655e-01,7.278607e+10
40,0.400000,85,4.226817e+01,-4.305942e+01,9.833957e+00,2.795707e-01,1.429527e+00,-3.550653e-01,2.101516e+11
40,0.400000,86,-5.172509e+00,4.354556e+01,2.273911e+01,1.719557e+00,1.500195e+00,1.382020e+00,1.770065e+11
40,0.400000,87,-2.658349e+01,2.832052e+01,4.128014e+01,-1.010866e+00,-1.145166e+00,-5.692917e-01,4.584131e+11
40,0.400000,88,4.003257e+01,2.391809e+01,4.895732e+01,-9.358365e-02,7.123981e-01,-1.037010e+00,2.139438e+11
40,0.400000,89,-4.453463e+01,-2.157599e+01,-2.295021e+01,5.345022e-01,1.890404e+00,3.288834e-01,8.734297e+11
40,0.400000,90,-1.664144e+01,-2.828778e+01,-4.242290e+01,8.233743e-01,-3.798903e-01,8.313956e-01,3.202339e+11
40,0.400000,91,-3.024782e+01,-2.144690e+01,-1.824617e+00,4.398569e-01,-4.837143e-01,-9.556980e-02,4.545050e+11
40,0.400000,92,-3.206375e+01,3.737191e+01,4.030645e+01,-5.998482e-01,-4.915033e-01,3.537775e-01,9.503059e+11
40,0.400000,93,1.289235e+01,3.004338e+01,-3.439429e+01,2.257437e-01,-1.076030e+00,3.850911e-01,6.596846e+11
40,0.400000,94,-6.438179e+00,-2.059704e+01,2.865992e+00,4.774379e-01,3.483624e-01,7.672592e-02,5.500911e+11
40,0.400000,95,1.660336e+01,-9.556328e+00,3.576948e+01,2.917347e-01,8.958645e-01,-8.847085e-01,3.026058e+11
40,0.400000,96,2.634893e+01,2.366452e+01,2.448730e+01,5.953424e-01,-3.258397e-02,3.059865e-02,3.306763e+10
40,0.400000,97,-2.743515e+01,3.785530e+00,4.706080e+01,1.102218e+00,-9.526293e-02,-1.728312e+00,5.383162e+11
40,0.400000,98,-7.323376e+00,5.554529e+00,-3.087660e+01,4.594991e-01,7.115334e-01,8.833311e-01,6.307300e+11
40,0.400000,99,-1.422409e+01,-1.776073e+01,-3.288920e+01,-9.382661e-01,9.204900e-01,-5.275386e-01,8.880208e+11
40,0.400000,100,-8.755007e+00,-1.290156e+01,-3.154399e+01,-1.078981e+00,-6.585573e-01,1.227094e+00,1.278201e+11
40,0.400000,101,2.210187e+01,7.203632e+00,-3.587722e+01,7.692038e-01,-6.887280e-01,-3.263632e-01,7.974176e+11
40,0.400000,102,-3.099470e+02,-4.212531e+01,-1.692168e+02,-2.261068e+03,-1.210599e+02,-1.128896e+03,7.407900e+11
40,0.400000,103,1.438628e+01,-2.620723e+01,-1.343591e+01,-1.385592e+00,5.772002e-01,3.881708e-01,4.027040e+10
40,0.400000,104,-2.166317e+01,7.114421e+00,4.151627e+01,5.592247e-01,1.078997e+00,-1.485733e+00,8.740655e+11
40,0.400000,105,-4.481323e+01,-4.723040e+01,4.899683e+01,8.046401e-01,5.618415e-01,-1.093821e+00,7.159539e+11
40,0.400000,106,2.105039e+01,-2.502592e+01,9.954010e-01,-1.004184e+00,2.174865e-01,8.267179e-01,5.211885e+10
40,0.400000,107,-2.057374e+01,-1.427674e+01,2.787676e+01,1.050646e+00,6.315535e-01,-1.225066e+00,9.450611e+11
40,0.400000,108,-3.478663e+01,1.824307e+01,4.758200e+01,3.815916e-01,-6.751558e-01,-2.735705e-02,1.395692e+11
40,0.400000,109,-3.065059e+01,4.899828e+01,-4.937849e+01,-4.004461e-01,-1.506957e+00,1.539497e+00,2.465284e+10
40,0.400000,110,1.191390e+01,-3.705749e+01,2.262553e+01,-3.338689e-01,6.613003e-02,-1.087250e+00,5.016133e+11
40,0.400000,111,3.711602e+01,-4.259415e+01,3.849698e+00,-1.133408e+00,3.629709e-01,-2.674566e-01,1.128641e+11
40,0.400000,112,-4.763367e+01,-3.543051e+00,-4.531169e+01,4.263687e-01,-4.605195e-01,-5.814033e-01,6.139056e+11
40,0.400000,113,-9.675953e+00,4.173368e+01,2.411669e+01,9.216928e-01,4.903797e-01,-1.887802e-01,8.430211e+11
40,0.400000,114,4.275397e+01,2.412542e+01,3.563990e+01,-4.361819e-01,4.916849e-01,-9.191658e-04,8.809183e+11
40,0.400000,115,-2.520377e+01,3.213006e+01,-1.220976e+01,-4.075788e-02,6.783144e-02,7.777279e-01,2.941500e+11
40,0.400000,116,-1.758285e+01,-2.633055e+01,-1.090333e+01,-7.959765e-02,1.018409e+00,1.757944e-01,5.288465e+11
40,0.400000,117,3.489066e+01,-3.738274e+00,-3.641162e+01,-9.039247e-01,2.999765e-02,1.031499e+00,8.504653e+11
40,0.400000,118,-2.128961e+01,1.185239e+01,1.908593e+01,2.822587e-01,-7.110347e-01,3.714930e-01,7.653411e+11
40,0.400000,119,-2.706511e+01,-3.667769e+01,1.405674e+01,2.033737e-01,1.554490e+00,-1.148674e+00,6.036381e+11
40,0.400000,120,3.437786e+01,4.325474e+01,3.854831e+01,-1.050025e+00,-1.177160e+00,-7.192020e-01,5.231914e+11
40,0.400000,121,3.711553e+01,2.154968e+01,-4.582260e+01,8.368375e-02,-7.689949e-01,-5.688052e-02,9.736597e+11
40,0.400000,122,6.004394e+00,-4.472895e+01,3.218657e+01,7.521158e-01,8.234159e-01,-4.935270e-01,7.061728e+10
40,0.400000,123,-4.698395e+01,-4.413799e+01,3.237586e+01,1.910021e-03,-1.387219e-01,-3.660956e-01,7.403487e+11
40,0.400000,124,-3.561980e+01,-1.431468e+00,-1.636523e+01,1.485008e+00,-2.243337e-02,-4.622334e-01,1.652667e+11
40,0.400000,125,8.941811e+00,5.531392e-02,1.758908e+01,-4.132074e-01,-4.778847e-01,2.521888e-01,1.897044e+11
40,0.400000,126,-1.001336e+01,3.953865e+01,-3.424543e+01,7.167324e-01,2.794323e-01,1.657955e+00,8.047768e+11
40,0.400000,127,1.170460e+01,-9.596657e-01,3.642002e+01,-6.419443e-02,2.995425e-01,-1.955694e-01,9.081841e+11
40,0.400000,128,2.405308e+01,-3.439220e+01,1.466191e+01,3.035305e-01,6.639241e-01,6.820544e-01,8.689551e+11
40,0.400000,129,-4.378250e+01,-2.924353e+01,-4.742577e+01,6.076707e-01,7.818112e-01,8.618371e-01,1.206212e+11
40,0.400000,130,4.254535e+01,-8.267566e+00,-2.067502e+01,-6.419336e-01,3.323462e-01,8.975778e-02,2.887161e+11
40,0.400000,131,-2.412004e+01,-7.260544e+00,-4.131963e+01,7.099225e-01,1.124385e+00,1.550359e+00,5.263974e+11
40,0.400000,132,-3.644720e+00,1.377037e+01,-7.265477e+00,-6.545763e-01,5.214858e-01,-6.757345e-01,9.423521e+10
40,0.400000,133,-6.739071e+00,-4.442093e+01,4.541671e+01,-9.271074e-02,5.588321e-02,5.080910e-01,1.536961e+11
40,0.400000,134,4.714268e+01,1.750949e+01,-2.427862e+01,1.451424e-01,-9.498446e-01,2.241203e-01,2.294375e+11
40,0.400000,135,-9.333008e+00,4.970651e+01,3.611819e-01,5.492720e-01,-1.074071e+00,2.501084e-01,5.419177e+11
40,0.400000,136,-1.595239e+01,3.470502e+00,-4.403363e+01,6.839508e-01,-5.329820e-01,7.620012e-01,1.817822e+10
40,0.400000,137,4.632197e+01,6.212348e+00,-4.081460e+01,-7.829515e-01,2.614724e-01,-5.930740e-01,8.920030e+11
40,0.400000,138,3.818206e+01,-4.754747e+01,-4.646102e+01,7.441943e-01,8.659414e-01,-2.611203e-01,7.503638e+11
40,0.400000,139,2.929398e+01,3.441798e+01,4.688116e+01,-7.757189e-01,4.146072e-01,-6.161500e-01,8.646032e+11
40,0.400000,140,-2.343019e+01,-4.386865e+01,-9.944336e+00,3.240927e-01,8.926712e-01,1.102388e-01,4.142350e+11
40,0.400000,141,2.691103e+01,4.465482e+01,-8.343348e+00,6.078827e-02,-6.558895e-01,-3.032756e-02,1.384630e+11
40,0.400000,142,-3.747876e+01,5.481584e+00,-4.800556e+01,-4.650689e-01,-1.315810e+00,1.436191e-01,8.593346e+11
40,0.400000,143,-2.215782e+01,-1.511249e+01,1.059463e+01,-9.909088e-02,-1.947277e-01,4.539256e-02,2.810386e+11
40,0.400000,144,-4.663212e+01,-4.531919e+01,-3.625280e+01,-1.048787e-01,-3.546675e-01,3.757546e-01,9.046293e+11
40,0.400000,145,2.039145e+01,4.979585e+01,-1.868771e+01,-2.589383e-01,1.213928e-01,6.756183e-01,2.135904e+11
40,0.400000,146,3.781491e+02,-5.028391e+00,1.742954e+02,2.835969e+03,1.537302e+02,1.415653e+03,5.908249e+11
40,0.400000,147,-1.256495e+01,-8.599957e+00,-5.693170e+00,3.195873e-01,6.715437e-01,-6.362398e-01,7.294669e+11
40,0.400000,148,4.567124e+01,1.262360e+01,-5.002852e+01,4.861703e-01,2.776743e-01,-8.724143e-02,2.958760e+11
40,0.400000,149,2.812675e+01,1.756494e+01,-3.073197e+01,-3.785165e-01,2.492832e-01,2.356322e-01,9.591584e+11
40,0.400000,150,1.142422e+01,-2.667262e+01,-3.351991e+01,-1.082648e+00,3.437013e-01,3.880857e-01,6.523790e+11
40,0.400000,151,-2.330284e+01,3.545097e+01,-2.634172e+01,7.360162e-01,-8.956763e-01,6.563805e-01,2.998021e+11
40,0.400000,152,-4.661596e+01,2.297354e+01,-4.816511e+01,1.663219e+00,-4.977999e-01,-1.718321e-01,9.761201e+11
40,0.400000,153,-4.685835e+01,-3.406268e+01,-2.353306e+01,1.089385e+00,1.197721e+00,1.083350e-01,3.043183e+11
40,0.400000,154,2.855961e-01,4.593945e+01,-2.438158e+01,-9.683443e-01,-1.458072e+00,2.954885e-01,1.980969e+11
40,0.400000,155,1.674060e+01,4.208685e+01,3.368494e+01,6.205360e-01,9.792472e-02,-1.155061e+00,5.758210e+11
40,0.400000,156,-4.557871e+01,2.543282e+01,3.655098e+01,2.275836e-01,-2.270789e-01,4.827210e-01,7.180922e+10
40,0.400000,157,3.424328e+01,4.015151e+01,-4.619519e+01,4.427871e-01,-1.299220e+00,1.167621e-01,6.854936e+11
40,0.400000,158,3.933019e+01,2.597945e+01,4.782323e+01,-2.475177e-01,-6.355246e-01,-8.385306e-01,5.239423e+11
40,0.400000,159,4.157520e+01,1.566678e+01,2.091855e+01,-3.742836e-01,4.322501e-01,-3.668942e-02,5.186390e+11
40,0.400000,160,-1.481213e+01,1.218317e+01,-4.122607e+01,-3.298325e-01,-3.357984e-01,1.508642e+00,4.784774e+11
40,0.400000,161,3.624616e+01,3.338209e+01,3.613037e+00,-5.739416e-02,4.973597e-02,3.359959e-01,5.785806e+11
40,0.400000,162,2.989629e+01,3.771849e+01,-2.439673e+01,3.701869e-01,9.262584e-03,-9.067484e-02,9.941114e+10
40,0.400000,163,-1.423926e+01,-2.999537e+00,1.078187e+01,-3.969753e-01,-1.147637e+00,-1.278457e+00,8.577661e+11
40,0.400000,164,2.020764e+01,3.659987e+01,-1.298282e+01,-1.300736e+00,-5.387470e-01,1.506024e-01,4.593716e+11
40,0.400000,165,3.664677e+01,-9.578432e+00,4.264927e+01,2.202374e-02,-2.650339e-01,-5.399899e-01,4.371898e+11
40,0.400000,166,4.757890e+01,-4.608249e+01,-4.947660e+01,-6.489924e-02,1.609949e+00,-1.255908e-01,4.708448e+11
40,0.400000,167,5.182551e+00,7.722559e-02,5.413544e+00,4.523968e-01,1.108034e+00,-1.001657e+00,1.916087e+11
40,0.400000,168,-3.992366e+01,-1.608322e+00,-4.602412e+01,1.556001e+00,3.731904e-01,1.533646e-01,8.609500e+11
40,0.400000,169,3.398806e+01,3.643538e+01,-1.876890e+01,7.273231e-02,-4.796451e-01,-6.242559e-01,4.391972e+11
40,0.400000,170,8.252318e-01,2.038375e+01,3.657497e+01,-3.098375e-01,3.114782e-02,-9.700448e-03,2.648757e+11
40,0.400000,171,1.510491e+01,-3.658699e+01,2.217389e+01,-2.030199e+00,5.115115e-01,-7.544411e-01,1.221386e+11
40,0.400000,172,1.030995e+01,-5.413830e+00,-2.034835e+01,4.783932e-02,9.877668e-01,1.157352e-01,5.090612e+11
40,0.400000,173,-2.228424e+01,2.467672e+01,-1.354996e+01,-3.693364e-01,1.796982e-01,4.945459e-01,8.248638e+11
40,0.400000,174,3.810519e+01,4.188454e+01,-2.428707e+01,-6.751665e-01,9.216843e-01,1.282140e+00,8.757373e+11
40,0.400000,175,-1.408153e+01,4.900625e+01,-3.660873e+01,-9.217016e-01,-1.697698e+00,1.257662e+00,2.268290e+11
40,0.400000,176,2.570162e+01,-3.655841e+01,-1.669085e+01,-6.094887e-01,6.003564e-01,5.360310e-01,7.121465e+10
40,0.400000,177,6.433173e-01,4.654583e+01,6.761393e+00,3.318174e-01,-4.353602e-01,8.210855e-01,9.024914e+11
40,0.400000,178,-1.766199e+01,1.070190e+01,2.260326e+01,4.445554e-01,2.845502e-01,4.755598e-01,6.000821e+11
40,0.400000,179,-3.543354e+01,-3.979865e+01,-2.882445e+00,2.545814e-01,-8.901080e-02,4.435779e-01,5.260173e+11
40,0.400000,180,-2.768168e+01,-4.175271e+00,2.375592e+01,9.217195e-01,7.141245e-01,-1.815197e+00,3.463983e+11
40,0.400000,181,-3.300830e+01,2.021007e+01,-9.649660e+00,8.961026e-01,2.271815e-01,9.389100e-01,4.634361e+11
40,0.400000,182,-1.201092e+01,3.962050e+01,-1.421175e+01,5.881671e-01,-9.271209e-01,-8.096583e-01,9.088163e+11
40,0.400000,183,-4.725684e+01,-4.354119e+01,5.759258e-01,-1.325964e-01,-1.162872e-01,8.758511e-01,6.832514e+11
40,0.400000,184,-2.361242e+01,7.506745e+00,-2.966557e+01,2.284776e-01,-9.163394e-01,1.170914e+00,4.695276e+11
40,0.400000,185,1.262056e+01,-4.844349e+01,3.023547e+01,3.795768e-01,1.048406e+00,-1.009408e+00,4.734177e+11
40,0.400000,186,-1.163092e+01,-3.279380e+01,4.248080e+01,5.149216e-01,-2.547363e-01,-8.652356e-01,4.693188e+11
40,0.400000,187,7.417620e+00,-1.301628e+01,-1.263941e+01,-1.442442e-01,2.147628e-01,1.000973e+00,7.781692e+11
40,0.400000,188,1.046430e+01,3.493765e+01,-4.332779e+00,5.556247e-01,-7.161640e-01,3.762189e-01,3.584676e+11
40,0.400000,189,-4.048044e+00,1.021775e+01,3.164066e+01,-9.941752e-01,3.477531e+00,8.677486e-04,8.817712e+11
40,0.400000,190,-1.699783e+01,3.272712e+01,-1.518935e+01,1.112891e+00,5.724176e-01,-1.283828e-01,4.779433e+11
40,0.400000,191,-4.297004e+01,6.249215e+00,4.352430e+01,8.170190e-01,1.192352e+00,-9.861752e-01,2.532071e+11
40,0.400000,192,-1.328616e+01,-3.170905e+01,-4.778325e+01,8.969055e-01,-4.469457e-01,5.958393e-01,8.373343e+11
40,0.400000,193,-3.673873e+00,-3.636255e+01,-3.139491e+01,7.198546e-01,1.042477e+00,-6.641619e-01,1.970824e+10
40,0.400000,194,-1.530509e+01,1.234480e+01,3.886439e+01,1.128985e-01,-4.019096e-01,-1.199183e+00,3.922308e+11
40,0.400000,195,-5.136124e+00,1.261347e+00,3.592479e+01,5.264454e-02,-3.967750e-01,-8.418815e-02,1.694456e+11
40,0.400000,196,-4.954811e+01,-3.965635e+01,-9.338449e+00,2.939034e-01,-2.269263e-02,3.468399e-02,3.450496e+11
40,0.400000,197,-1.757421e+01,4.033816e+01,-3.260246e+01,1.007610e+00,-1.563545e+00,1.187030e-01,7.104283e+11
40,0.400000,198,2.722780e+01,-1.321030e+01,2.174326e+01,-1.295975e+00,1.272577e+00,-8.265149e-02,7.978440e+11
40,0.400000,199,-5.960936e+00,3.461581e+01,-3.194799e+01,3.521606e-01,-3.088045e-01,-4.625445e-01,4.115004e+11
40,0.400000,200,-6.495764e+00,3.367064e+01,6.907129e+00,2.874293e-01,-2.251819e-01,1.513235e+00,8.110267e+11
40,0.400000,201,-2.716328e+01,-9.870078e+00,-3.529044e+01,1.974887e-01,3.515742e-02,-1.109372e-01,3.417566e+11
40,0.400000,202,-1.533831e+01,1.813184e+01,-4.554607e+01,-8.746143e-01,-1.249989e+00,1.386261e+00,2.509985e+11
40,0.400000,203,-4.608162e+01,-1.329655e+01,-4.613758e+01,4.943445e-01,-2.052394e-02,-6.698288e-02,3.721527e+11
40,0.400000,204,7.278745e+00,-2.394049e+01,2.702322e+01,-1.193012e+00,-3.945082e-01,-7.952519e-01,4.547015e+11
40,0.400000,205,-4.607720e+01,-1.883632e+01,-2.399386e+01,2.217453e+00,1.110114e-01,2.282702e+00,8.183806e+11
40,0.400000,206,-4.791797e+01,2.270035e+01,-3.495177e+01,5.775579e-01,-3.535241e-01,-5.633047e-01,4.964171e+11
40,0.400000,207,-4.066480e+00,4.518155e+01,2.351888e+01,-8.109448e-01,-2.008124e+00,-1.241504e-01,9.770774e+11
40,0.400000,208,3.444601e+00,4.931608e+01,-1.586711e+01,-9.374188e-01,-1.455003e+00,-5.604905e-01,1.297692e+11
40,0.400000,209,-1.454301e+01,-4.641316e+00,7.264927e+00,3.949119e-02,1.064945e+00,1.848192e+00,6.617158e+11
40,0.400000,210,-2.390304e+00,-2.633200e+01,-2.438705e+00,-1.572226e-01,1.395709e+00,5.469842e-01,8.668333e+11
40,0.400000,211,-1.261911e+01,3.218715e+01,-1.447088e+01,2.443191e-01,5.673238e-01,-7.119062e-01,3.385877e+11
40,0.400000,212,-4.023491e+01,3.663197e+01,-1.905412e+01,6.282169e-01,3.736417e-02,4.003074e-01,7.466053e+11
40,0.400000,213,-3.818067e+01,2.641055e+01,3.645164e+01,6.142365e-01,-7.571699e-01,-3.709390e-01,8.661977e+11
40,0.400000,214,4.800075e+01,-2.361562e+01,2.510284e+00,-6.393130e-01,1.627087e-01,9.622951e-01,9.542347e+11
40,0.400000,215,-3.890017e+00,1.200625e+01,3.170505e+01,4.081713e-01,-4.724867e+00,-1.517716e+00,6.692142e+11
40,0.400000,216,-2.804338e+01,-2.338805e+01,4.963811e+01,-2.715849e-01,-8.095948e-01,-9.937218e-01,9.503643e+11
40,0.400000,217,4.918287e+01,4.582396e+01,1.942202e+01,-1.327164e+00,-1.346756e-01,1.918848e-01,5.880835e+11
40,0.400000,218,4.420006e+01,4.926585e+01,-4.934012e+00,3.596736e-01,-9.741826e-01,9.477149e-01,3.847918e+11
40,0.400000,219,2.543356e+01,4.695770e+01,-1.689342e+01,-9.264012e-01,-4.958376e-01,-5.893361e-01,5.809256e+10
40,0.400000,220,-4.606067e+01,-1.715958e+01,2.147097e+01,2.106129e-01,5.151814e-01,-1.540244e-01,5.810266e+11
40,0.400000,221,2.291272e+01,-4.785431e+01,2.562212e+00,1.022543e-01,1.719567e+00,-4.756169e-01,8.357623e+11
40,0.400000,222,2.001172e+01,2.805017e+01,-8.029899e+00,-2.317032e-01,4.587373e-01,9.374662e-01,5.668242e+11
40,0.400000,223,-4.667158e+01,3.395880e+01,4.396454e+01,1.252410e+00,2.704966e-01,-9.155218e-01,1.300490e+10
40,0.400000,224,-9.742042e+00,-7.376515e+00,-4.465833e+01,-3.069753e-01,7.412662e-01,1.247456e+00,7.054687e+11
40,0.400000,225,-1.536024e+01,-2.154334e+00,-2.192081e+01,-7.885517e-01,1.725180e-01,8.832613e-01,8.011655e+11
40,0.400000,226,-2.744802e+00,-4.714757e+01,1.312399e+01,-5.616864e-01,1.378507e+00,-1.112789e+00,8.165855e+11
40,0.400000,227,7.979190e+00,4.183152e+01,-1.233727e+01,-6.352020e-02,-2.588633e-01,-1.946679e-01,4.043790e+11
40,0.400000,228,6.702114e+00,8.959234e+00,-9.854280e+00,6.888318e-01,-1.018284e+00,1.483435e-01,4.169450e+11
40,0.400000,229,2.674436e+01,-2.798034e+01,-3.865462e+01,-1.026795e+00,7.175351e-01,1.080788e-01,2.019537e+11
40,0.400000,230,-3.044972e+01,-3.015627e+01,4.930446e+01,7.250497e-01,1.894968e-01,-2.449939e-01,8.436178e+11
40,0.400000,231,-4.674289e+01,1.777501e+01,1.546902e+01,1.023223e+00,-3.153523e-02,-1.142587e+00,2.298081e+11
40,0.400000,232,-1.458626e+01,-1.454880e+01,1.181581e+01,8.320955e-01,1.455004e+00,-1.259991e+00,8.874148e+11
40,0.400000,233,4.604594e+01,-2.432012e+00,-2.028319e+01,-2.937679e-01,4.915321e-01,9.205983e-03,8.483677e+11
40,0.400000,234,-1.085185e+01,3.014585e+01,-4.603393e+01,6.395709e-02,-1.257908e+00,-1.560504e-01,2.613357e+11
40,0.400000,235,-2.730228e+01,1.592419e+01,-4.025603e+01,-3.421561e-01,-5.147059e-01,1.007049e+00,8.713483e+11
40,0.400000,236,4.317677e+01,2.848025e+01,-4.067236e+01,-1.149942e+00,-1.102695e+00,7.662271e-01,2.116644e+11
40,0.400000,237,-4.189207e+01,2.328918e+01,-4.102000e+01,-5.578797e-01,-7.783141e-01,3.770973e-02,7.746932e+11
40,0.400000,238,4.015705e+01,2.981784e+01,1.199403e+01,-9.371767e-01,-2.109441e-01,3.677357e-01,8.810636e+11
40,0.400000,239,1.056478e+01,1.931456e+01,-3.667483e+01,5.702486e-01,-3.185256e-01,4.055736e-02,1.004027e+11
40,0.400000,240,1.918951e+01,4.828931e+01,4.590719e+01,1.152542e-01,3.459490e-02,-1.386721e+00,9.116202e+11
40,0.400000,241,4.092704e+01,2.657728e+01,-3.867650e+01,5.444996e-01,-1.244718e-01,-6.098905e-01,4.283024e+10
40,0.400000,242,2.093671e+01,9.121272e+00,3.049730e+01,-7.336722e-02,-2.846508e-01,-4.467821e-01,9.072775e+11
40,0.400000,243,4.918070e+01,-4.137678e+01,2.876256e+01,-2.027407e-01,8.525091e-01,5.899847e-01,4.341739e+11
40,0.400000,244,-3.658044e+01,-3.515714e+01,1.949666e+00,1.107000e+00,-4.337707e-01,-2.325173e-01,4.543657e+11
40,0.400000,245,4.016571e+01,3.371553e+00,-1.405555e+01,1.624069e-01,-4.631218e-01,-8.518719e-02,8.009739e+11
40,0.400000,246,3.003882e+01,1.772474e+01,3.323354e+01,-2.814237e-01,-7.037935e-01,-5.710433e-02,1.308197e+11
40,0.400000,247,1.605602e+01,-4.384843e+01,-4.700117e+01,2.081291e-01,-3.276569e-01,9.657412e-01,2.556454e+11
40,0.400000,248,4.234702e+01,2.359801e+01,1.751970e+01,-1.555727e+00,6.937428e-01,-7.783893e-01,8.834856e+11
40,0.400000,249,-4.815069e+01,1.762376e+01,-1.680791e+01,1.602986e+00,-6.823236e-01,3.763357e-01,7.283284e+11
40,0.400000,250,1.168492e+00,-3.333096e+01,2.392431e+00,-5.047591e-01,1.230371e+00,-3.203483e-01,8.248778e+11
40,0.400000,251,-3.852302e+01,4.920589e+01,4.466604e+01,9.016831e-01,-1.419792e+00,5.731005e-01,4.309947e+11
40,0.400000,252,-2.967869e+01,2.877729e+01,1.725567e+01,-3.257455e-01,-3.746332e-01,-5.114658e-01,1.966599e+11
40,0.400000,253,-9.382470e+00,4.525888e+00,-4.287707e+01,-4.160233e-01,-5.054574e-01,5.493875e-01,3.463172e+11
40,0.400000,254,-6.242568e+00,-4.076129e+01,-4.339713e+01,7.835119e-01,9.181342e-02,5.335572e-01,2.690759e+11
40,0.400000,255,-4.000752e+01,4.476921e+01,-4.166980e+01,-2.039388e-01,3.072054e-01,-5.692996e-01,9.874949e+11
50,0.500000,0,-3.220359e+01,-1.019251e+01,-3.354325e+01,2.106079e-01,-4.067547e-01,-7.360945e-01,2.829088e+11
50,0.500000,1,-4.628759e+01,-1.897312e+01,-2.421738e+01,-4.083762e+01,-1.653786e+01,-4.174118e+01,2.097202e+11
50,0.500000,2,-4.565383e+01,-1.581535e+01,1.498173e+01,1.580913e-01,-7.203706e-01,9.770313e-01,6.588644e+11
50,0.500000,3,2.592198e+00,4.253581e-01,4.120626e+01,-7.510365e-01,-5.223394e-01,-1.994367e+00,7.227295e+11
50,0.500000,4,1.384641e+01,3.786220e+01,-8.734376e+00,1.264696e-01,-1.322036e+00,3.171116e-01,3.777169e+10
50,0.500000,5,-1.579905e+01,1.350130e+01,-1.955188e+01,-1.430057e-01,8.623806e-01,4.521550e-01,7.603737e+11
50,0.500000,6,-3.245021e+01,2.938802e+01,4.586760e+01,-1.910186e-02,-1.054545e+00,-1.002797e+00,3.760901e+11
50,0.500000,7,-3.301906e+01,-1.077367e+00,-4.713654e+01,-3.090816e-01,1.709690e+00,1.827024e+00,8.865707e+11
50,0.500000,8,-3.872169e+01,5.000097e+01,1.027904e+01,1.037404e+00,6.632829e-02,-1.082626e+00,5.686733e+11
50,0.500000,9,-3.388175e+01,9.447454e+00,9.424960e+00,6.363649e-01,-7.293383e-01,7.144153e-01,8.941096e+11
50,0.500000,10,-3.168234e+01,-2.821197e+00,1.524262e+01,6.352745e-01,-1.417320e-01,9.298097e-01,5.834609e+11
50,0.500000,11,-9.138544e+00,-2.808131e+01,4.502712e+01,-1.918634e-01,5.215780e-01,5.524933e-02,2.829535e+11
50,0.500000,12,1.967900e+01,4.163253e+01,-3.368030e+01,3.757518e-01,1.304576e-01,1.104526e+00,5.592508e+11
50,0.500000,13,2.958678e+01,2.827847e+01,-3.791186e+01,6.049329e-01,-6.450493e-01,9.779564e-01,4.625995e+11
50,0.500000,14,1.095981e+01,1.053772e+01,-1.515825e+01,2.699865e-02,-9.079758e-01,-4.478910e-01,1.590002e+11
50,0.500000,15,-1.535632e+01,1.124688e+01,2.293842e+01,-2.416690e+00,-2.138267e-01,-6.224142e-01,3.424411e+11
50,0.500000,16,3.185103e+00,1.531416e+01,1.126236e+01,-9.943299e-01,-5.669833e-02,3.528110e-01,4.540015e+10
50,0.500000,17,-1.915781e+00,3.824727e+00,9.178385e+00,-7.421338e-01,-3.511471e-01,5.641889e-01,2.383601e+11
50,0.500000,18,2.013208e+01,-8.073579e+00,1.853648e+01,-9.587796e-01,-5.771651e-01,-1.046932e+00,1.124069e+11
50,0.500000,19,-3.910788e+01,-4.590972e+01,-2.433732e+01,1.464763e-01,9.995393e-01,1.172740e+00,2.228659e+11
50,0.500000,20,-2.154993e+00,1.613743e+01,4.921660e+00,-1.112842e+00,-5.295172e-01,-6.023916e-01,2.517453e+11
50,0.500000,21,3.819083e+01,4.313862e+01,-2.215526e+01,-1.193810e+00,-2.837533e+00,-2.121926e+00,6.459795e+11
50,0.500000,22,2.963698e+01,7.790211e+00,3.724450e+01,-6.061443e-01,-8.213926e-01,-6.067253e-01,8.138987e+11
50,0.500000,23,-4.704167e+01,9.942058e+00,4.132773e+01,3.255577e-01,1.001030e-01,-1.075461e+00,6.005106e+11
50,0.500000,24,-2.090992e+01,-3.444211e+01,3.102731e+01,6.936823e-01,1.328101e+00,-6.878614e-01,7.874010e+11
50,0.500000,25,-3.711251e+01,2.593617e+00,-4.712714e+01,-8.676181e-01,1.174287e+00,-2.123114e-01,3.871927e+11
50,0.500000,26,4.344970e+01,-3.190157e+01,-4.742112e+01,1.765577e-01,3.603162e-01,1.104013e+00,2.386911e+11
50,0.500000,27,2.626127e+01,-4.446915e+00,-4.536862e+01,4.028657e-01,-5.978006e-01,1.700843e+00,9.310274e+11
50,0.500000,28,1.965014e+01,-3.725580e+01,2.625500e+00,6.053946e-01,6.695899e-02,-1.172063e-01,7.567738e+11
50,0.500000,29,-4.035994e+01,1.986762e+01,3.982343e+00,3.543892e-01,-9.821723e-01,6.672550e-02,2.502779e+11
50,0.500000,30,1.847331e+01,3.751942e+01,1.240778e+01,-3.091058e-01,-1.661448e+00,6.651023e-03,3.558971e+11
50,0.500000,31,3.178737e+01,4.127906e+00,8.096436e+00,-5.204376e-01,-8.519675e-01,2.129922e-01,3.774633e+11
50,0.500000,32,-4.404639e+01,8.318120e+00,-1.966409e+01,1.253361e+00,6.120172e-01,8.231840e-01,7.384179e+11
50,0.500000,33,4.878645e+01,-3.307567e+01,-1.206200e+00,-1.489034e+00,1.359636e+00,-7.829385e-01,3.220288e+11
50,0.500000,34,-4.044967e+01,9.848634e+00,5.651844e+00,1.859643e+00,-1.020192e-01,-4.549150e-01,4.018701e+11
50,0.500000,35,3.417111e+00,3.276175e+01,2.436472e+01,-6.477865e-01,-6.061910e-01,-8.974023e-01,9.340962e+11
50,0.500000,36,-1.267319e+01,4.472924e+01,-1.941311e+01,1.332155e-01,-1.423907e+00,7.896977e-01,1.906360e+11
50,0.500000,37,-2.601885e+01,-6.453994e+00,4.169887e+01,-1.761075e-01,6.200106e-01,-7.993734e-01,3.256788e+11
50,0.500000,38,-3.204376e+00,-6.381164e+00,1.321099e+01,-3.461954e-01,-5.214832e-01,-9.217738e-01,3.445997e+11
50,0.500000,39,1.114564e+00,-1.273310e+01,2.330310e+01,-1.166172e+00,-9.855758e-02,-5.658016e-01,4.087622e+11
50,0.500000,40,7.625368e+00,3.056977e+01,-1.625169e+01,4.925214e-01,3.439879e-01,7.205301e-01,3.846115e+11
50,0.500000,41,-2.148289e+01,-2.511318e+01,6.064681e+00,4.099076e-01,1.166258e+00,-1.144717e-01,7.591800e+11
50,0.500000,42,-2.160617e+01,3.857822e+01,-4.221469e+01,7.307735e-01,-9.482807e-01,1.353361e+00,3.182194e+11
50,0.500000,43,-1.351881e+01,3.995007e+01,1.486083e+01,1.422203e+00,-1.210474e+00,-3.294741e-01,9.256596e+11
50,0.500000,44,-2.531367e+00,3.622895e+01,-1.709645e+01,-1.240357e+00,-2.055283e-01,7.328396e-01,9.996974e+11
50,0.500000,45,-7.853079e+00,-1.945929e+01,-1.192129e+01,3.599194e-01,5.119150e-01,1.342236e+00,2.379984e+11
50,0.500000,46,-2.664723e+01,-8.247403e+00,4.834882e+01,3.497795e-01,-2.491875e-02,-1.952400e+00,2.734147e+11
50,0.500000,47,1.328376e+01,2.728850e+01,7.563246e+00,5.955574e-01,1.063874e-01,-8.685150e-01,8.700814e+11
50,0.500000,48,4.475817e+01,1.101035e+01,2.913286e+01,-1.007376e+00,2.608248e-01,-1.114512e+00,4.835107e+11
50,0.500000,49,-3.600025e+01,2.825003e+01,-2.043965e+00,8.458487e-01,-1.402911e+00,5.491608e-01,2.716077e+11
50,0.500000,50,1.430190e+01,2.931565e+01,-5.375401e-01,2.977263e-01,-9.086039e-01,9.620655e-02,3.963026e+11
50,0.500000,51,1.595454e+00,4.344611e+00,1.545068e+01,-1.340354e+00,-2.845475e-01,-8.758288e-01,1.509222e+11
50,0.500000,52,4.919448e+01,-4.139508e+00,-4.866077e+01,2.783156e-01,-5.876836e-01,1.198130e+00,3.723058e+11
50,0.500000,53,4.293113e+00,4.263564e+01,3.424069e+01,1.945466e-01,-2.589379e-01,-1.110932e+00,2.478318e+11
50,0.500000,54,3.003544e+01,-3.187877e+01,7.264558e-01,-7.895975e-01,1.351088e+00,1.223162e+00,3.248177e+11
50,0.500000,55,-3.112493e+01,-2.181962e+00,2.066519e+01,1.444651e+00,-1.009081e+00,-9.594551e-01,8.557808e+11
50,0.500000,56,-1.595876e+01,9.582344e+00,4.924271e+01,-5.258151e-01,-9.897758e-01,-2.386016e+00,2.788510e+11
50,0.500000,57,-3.693267e+01,3.130276e+01,1.372277e+01,1.117958e+00,-1.052890e-01,-2.027106e-01,3.585567e+11
50,0.500000,58,-5.168363e+00,3.074431e+01,8.910525e+00,-1.038910e+00,1.822924e+00,-1.765704e+00,6.979965e+11
50,0.500000,59,4.534645e+01,-4.039289e+01,-4.855543e+01,-1.069247e+00,3.616019e-02,7.492282e-01,8.485814e+11
50,0.500000,60,1.036027e+01,-4.119293e+01,2.021945e+01,9.069667e-01,1.578815e+00,2.741336e-01,2.821165e+11
50,0.500000,61,2.433914e+01,2.059302e+01,4.481196e+00,8.157678e-02,4.666263e-02,-6.616430e-01,5.468506e+11
50,0.500000,62,-2.412439e+01,1.649446e+01,3.934386e+01,8.596812e-01,-5.815382e-01,-6.901033e-01,9.594888e+11
50,0.500000,63,-4.851719e+00,8.407422e+00,1.546018e+01,-3.519727e-01,1.405414e-01,1.345325e-01,5.544898e+11
50,0.500000,64,-2.417401e+01,-1.116569e+01,-1.045974e+01,1.265326e+00,2.391167e-01,-5.095401e-01,8.019865e+11
50,0.500000,65,-3.402709e+01,2.956896e+01,-4.236730e+01,9.475696e-01,-6.086808e-01,9.219318e-01,7.734167e+11
50,0.500000,66,-4.791603e+01,3.045513e+01,-1.879716e+01,5.342530e-01,-4.889918e-01,-5.136579e-01,9.853652e+11
50,0.500000,67,4.392104e+01,1.936632e+01,4.439249e+01,-1.037013e+00,-1.594059e-01,-4.793364e-01,8.028133e+11
50,0.500000,68,4.549746e+01,-2.334440e+01,-1.476396e+01,-1.161714e+00,6.971664e-01,7.382107e-01,7.934820e+10
50,0.500000,69,-3.724910e+01,3.460806e+01,3.721757e+01,7.011146e-01,-4.165782e-01,8.263451e-01,1.927672e+11
50,0.500000,70,-3.556791e+01,6.556423e+00,4.535295e+01,8.458716e-02,-2.244515e-01,-1.291340e+00,4.491464e+11
50,0.500000,71,3.432047e+01,-2.439613e+00,-7.191923e+00,7.460801e-02,-3.781129e-01,-3.194184e-01,1.844075e+11
50,0.500000,72,-5.122044e+00,4.693802e+01,4.752535e+01,-1.365309e-01,-1.092566e+00,-1.031915e+00,6.230759e+11
50,0.500000,73,3.870522e+01,-4.215536e+01,1.892045e+01,-1.476279e+00,1.378582e+00,-2.011876e-01,3.089408e+11
50,0.500000,74,6.508686e+00,2.274375e-01,-1.343647e+00,-6.515460e-02,-7.074800e-01,1.081723e-01,8.766608e+11
50,0.500000,75,-5.958321e+00,2.098406e+01,-1.792242e+01,-6.920446e-01,-6.656610e-01,9.175073e-01,7.678745e+10
50,0.500000,76,-1.387112e+01,-3.801051e+01,-2.572450e+01,6.675007e-01,-2.083332e-02,-1.650038e-01,2.230406e+11
50,0.500000,77,-1.722079e+01,4.952628e+00,3.339132e+01,-4.263943e-01,6.309037e-01,-4.707793e-01,2.440442e+11
50,0.500000,78,4.375683e+00,-4.150228e+01,3.609177e+00,-1.011143e+00,1.274414e+00,-8.620658e-01,8.221462e+11
50,0.500000,79,1.551043e+01,-3.408153e+00,1.930382e+01,-1.327111e+00,-4.299152e-01,-1.202660e+00,3.900119e+11
50,0.500000,80,-1.315942e+01,2.642393e+01,-4.788741e+00,6.132146e-01,5.832471e-01,2.549780e-01,5.402214e+11
50,0.500000,81,4.740640e+01,4.149478e+01,2.505733e+01,-9.593936e-01,-4.141827e-01,-3.177148e-01,5.286885e+11
50,0.500000,82,-4.107622e+01,-3.919364e+01,2.591436e+01,6.577363e-01,-1.491134e-01,-5.471446e-01,7.472876e+11
50,0.500000,83,2.784282e+01,-1.745696e+01,6.390103e+00,-7.238752e-01,8.419826e-01,-4.646816e-01,5.415227e+11
50,0.500000,84,4.681671e+01,-2.263234e+01,4.195775e+01,-8.252440e-01,-6.295456e-01,-6.663140e-01,7.278607e+10
50,0.500000,85,4.227861e+01,-4.298478e+01,9.815836e+00,1.509016e-01,1.544661e+00,-3.684684e-01,2.101516e+11
50,0.500000,86,-5.069374e+00,4.364623e+01,2.282240e+01,2.377984e+00,2.484803e+00,1.922601e+00,1.770065e+11
50,0.500000,87,-2.663431e+01,2.826077e+01,4.124808e+01,-1.020945e+00,-1.235828e+00,-6.997448e-01,4.584131e+11
50,0.500000,88,4.002167e+01,2.396536e+01,4.889219e+01,-3.225399e-01,1.140264e+00,-1.523458e+00,2.139438e+11
50,0.500000,89,-4.451222e+01,-2.146442e+01,-2.293743e+01,3.707931e-01,2.519914e+00,1.910963e-01,8.734297e+11
50,0.500000,90,-1.659850e+01,-2.830459e+01,-4.237984e+01,8.877907e-01,-3.005113e-01,8.857874e-01,3.202339e+11
50,0.500000,91,-3.022196e+01,-2.146850e+01,-1.828536e+00,5.805401e-01,-3.896764e-01,-6.427706e-02,4.545050e+11
50,0.500000,92,-3.209212e+01,3.734240e+01,4.032117e+01,-5.406280e-01,-6.711218e-01,2.454328e-01,9.503059e+11
50,0.500000,93,1.290269e+01,2.998791e+01,-3.437136e+01,1.914264e-01,-1.136820e+00,5.187255e-01,6.596846e+11
50,0.500000,94,-6.414692e+00,-2.057736e+01,2.869111e+00,4.635262e-01,4.304630e-01,5.050416e-02,5.500911e+11
50,0.500000,95,1.661496e+01,-9.507973e+00,3.572138e+01,1.831034e-01,1.025416e+00,-1.025209e+00,3.026058e+11
50,0.500000,96,2.637673e+01,2.366117e+01,2.448702e+01,5.235155e-01,-9.496849e-02,-3.515365e-02,3.306763e+10
50,0.500000,97,-2.737729e+01,3.782344e+00,4.696761e+01,1.202396e+00,-3.781560e-02,-1.974408e+00,5.383162e+11
50,0.500000,98,-7.302207e+00,5.590287e+00,-3.082939e+01,3.937995e-01,7.180923e-01,9.937979e-01,6.307300e+11
50,0.500000,99,-1.427098e+01,-1.771134e+01,-3.291292e+01,-9.375786e-01,1.042968e+00,-4.310265e-01,8.880208e+11
50,0.500000,100,-8.812008e+00,-1.293347e+01,-3.148032e+01,-1.190116e+00,-6.215253e-01,1.310922e+00,1.278201e+11
50,0.500000,101,2.213955e+01,7.169812e+00,-3.589051e+01,7.408170e-01,-6.663770e-01,-2.161464e-01,7.974176e+11
50,0.500000,102,-4.230003e+02,-4.817829e+01,-2.256615e+02,-2.261064e+03,-1.210593e+02,-1.128893e+03,7.407900e+11
50,0.500000,103,1.431453e+01,-2.617520e+01,-1.341435e+01,-1.475581e+00,6.924950e-01,4.665706e-01,4.027040e+10
50,0.500000,104,-2.163402e+01,7.169765e+00,4.143725e+01,6.024760e-01,1.129790e+00,-1.657992e+00,8.740655e+11
50,0.500000,105,-4.477118e+01,-4.719982e+01,4.893965e+01,8.706587e-01,6.522809e-01,-1.184159e+00,7.159539e+11
50,0.500000,106,2.099789e+01,-2.501347e+01,1.037925e+00,-1.087408e+00,2.745409e-01,8.698710e-01,5.211885e+10
50,0.500000,107,-2.052004e+01,-1.424208e+01,2.781196e+01,1.093219e+00,7.438498e-01,-1.353985e+00,9.450611e+11
50,0.500000,108,-3.476404e+01,1.820809e+01,4.757502e+01,5.093725e-01,-7.194627e-01,-2.313287e-01,1.395692e+11
50,0.500000,109,-3.066989e+01,4.891918e+01,-4.929772e+01,-3.741329e-01,-1.643566e+00,1.677348e+00,2.465284e+10
50,0.500000,110,1.189739e+01,-3.705214e+01,2.256730e+01,-3.267945e-01,1.400561e-01,-1.228208e+00,5.016133e+11
50,0.500000,111,3.705616e+01,-4.257255e+01,3.836967e+00,-1.249418e+00,4.885721e-01,-2.441547e-01,1.128641e+11
50,0.500000,112,-4.760506e+01,-3.564371e+00,-4.533816e+01,6.914921e-01,-3.984255e-01,-4.867592e-01,6.139056e+11
50,0.500000,113,-9.624545e+00,4.175602e+01,2.410259e+01,1.116222e+00,4.115549e-01,-3.581859e-01,8.430211e+11
50,0.500000,114,4.272850e+01,2.414831e+01,3.563870e+01,-5.695605e-01,4.300141e-01,-4.294021e-02,8.809183e+11
50,0.500000,115,-2.520094e+01,3.212850e+01,-1.217126e+01,1.361379e-01,-1.123724e-01,7.638426e-01,2.941500e+11
50,0.500000,116,-1.758567e+01,-2.627540e+01,-1.089227e+01,-3.756898e-02,1.172354e+00,2.584842e-01,5.288465e+11
50,0.500000,117,3.484265e+01,-3.734883e+00,-3.635815e+01,-1.006077e+00,9.877842e-02,1.100405e+00,8.504653e+11
50,0.500000,118,-2.126961e+01,1.181398e+01,1.910649e+01,4.965459e-01,-8.147495e-01,4.437201e-01,7.653411e+11
50,0.500000,119,-2.705326e+01,-3.659549e+01,1.399805e+01,2.646370e-01,1.717265e+00,-1.194130e+00,6.036381e+11
50,0.500000,120,3.432267e+01,4.319233e+01,3.851048e+01,-1.148032e+00,-1.306160e+00,-7.874792e-01,5.231914e+11
50,0.500000,121,3.711727e+01,2.151036e+01,-4.582139e+01,-5.042685e-03,-8.005471e-01,9.063850e-02,9.736597e+11
50,0.500000,122,6.042416e+00,-4.468447e+01,3.215833e+01,7.672707e-01,9.436773e-01,-6.230932e-01,7.061728e+10
50,0.500000,123,-4.698055e+01,-4.414164e+01,3.235552e+01,1.219094e-01,-1.907097e-02,-4.398018e-01,7.403487e+11
50,0.500000,124,-3.554207e+01,-1.431597e+00,-1.638770e+01,1.611711e+00,1.367668e-02,-4.389995e-01,1.652667e+11
50,0.500000,125,8.918910e+00,3.200648e-02,1.760045e+01,-4.945760e-01,-4.566129e-01,2.070026e-01,1.897044e+11
50,0.500000,126,-9.978927e+00,3.954833e+01,-3.415774e+01,6.654512e-01,1.230617e-01,1.831960e+00,8.047768e+11
50,0.500000,127,1.169892e+01,-9.433080e-01,3.640630e+01,-1.542000e-01,3.497198e-01,-3.388832e-01,9.081841e+11
50,0.500000,128,2.406513e+01,-3.435640e+01,1.469410e+01,1.899285e-01,7.588851e-01,6.126672e-01,8.689551e+11
50,0.500000,129,-4.375001e+01,-2.920191e+01,-4.737956e+01,6.841837e-01,8.735667e-01,9.751470e-01,1.206212e+11
50,0.500000,130,4.251126e+01,-8.246102e+00,-2.066922e+01,-7.145342e-01,5.085949e-01,1.375551e-01,2.887161e+11
50,0.500000,131,-2.408484e+01,-7.202318e+00,-4.123765e+01,6.990243e-01,1.197219e+00,1.712577e+00,5.263974e+11
50,0.500000,132,-3.677910e+00,1.379609e+01,-7.298031e+00,-6.714258e-01,5.084471e-01,-6.309065e-01,9.423521e+10
50,0.500000,133,-6.744263e+00,-4.441449e+01,4.543906e+01,-1.129478e-01,1.883430e-01,3.971671e-01,1.536961e+11
50,0.500000,134,4.714548e+01,1.746106e+01,-2.426656e+01,-1.679830e-02,-9.839149e-01,2.549721e-01,2.294375e+11
50,0.500000,135,-9.304015e+00,4.964648e+01,3.742190e-01,6.048802e-01,-1.304410e+00,2.694770e-01,5.419177e+11
50,0.500000,136,-1.591765e+01,3.444716e+00,-4.399013e+01,7.037978e-01,-5.016175e-01,9.583433e-01,1.817822e+10
50,0.500000,137,4.627888e+01,6.225624e+00,-4.084209e+01,-9.261384e-01,2.688486e-01,-5.141819e-01,8.920030e+11
50,0.500000,138,3.821962e+01,-4.750093e+01,-4.647304e+01,7.572067e-01,9.840964e-01,-2.237187e-01,7.503638e+11
50,0.500000,139,2.925398e+01,3.443689e+01,4.684647e+01,-8.198795e-01,3.483526e-01,-7.570912e-01,8.646032e+11
50,0.500000,140,-2.341327e+01,-4.381928e+01,-9.937456e+00,3.500333e-01,1.064758e+00,1.600061e-01,4.142350e+11
50,0.500000,141,2.691128e+01,4.461741e+01,-8.345195e+00,-4.068239e-02,-8.235377e-01,-4.228841e-02,1.384630e+11
50,0.500000,142,-3.749825e+01,5.404766e+00,-4.799089e+01,-3.273719e-01,-1.720876e+00,4.175865e-01,8.593346e+11
50,0.500000,143,-2.215769e+01,-1.511925e+01,1.059618e+01,8.577227e-02,-8.642910e-02,1.905573e-02,2.810386e+11
50,0.500000,144,-4.663535e+01,-4.533402e+01,-3.623196e+01,-3.168369e-02,-2.489831e-01,4.503069e-01,9.046293e+11
50,0.500000,145,2.037710e+01,4.979665e+01,-1.865244e+01,-3.098709e-01,-7.053077e-02,7.297236e-01,2.135904e+11
50,0.500000,146,5.199475e+02,2.658121e+00,2.450780e+02,2.835966e+03,1.537303e+02,1.415652e+03,5.908249e+11
50,0.500000,147,-1.254894e+01,-8.565243e+00,-5.723084e+00,3.203708e-01,7.128433e-01,-5.672672e-01,7.294669e+11
50,0.500000,148,4.569215e+01,1.263702e+01,-5.002850e+01,3.624561e-01,2.605351e-01,7.224252e-02,2.958760e+11
50,0.500000,149,2.810544e+01,1.757678e+01,-3.071864e+01,-4.650117e-01,2.266817e-01,2.921248e-01,9.591584e+11
50,0.500000,150,1.136869e+01,-2.665268e+01,-3.349795e+01,-1.133703e+00,4.439155e-01,4.810415e-01,6.523790e+11
50,0.500000,151,-2.326288e+01,3.540323e+01,-2.630684e+01,8.509713e-01,-1.003200e+00,7.314712e-01,2.998021e+11
50,0.500000,152,-4.652808e+01,2.294721e+01,-4.816820e+01,1.834512e+00,-5.502952e-01,2.849429e-02,9.761201e+11
50,0.500000,153,-4.680073e+01,-3.399914e+01,-2.352627e+01,1.204008e+00,1.330942e+00,1.583025e-01,3.043183e+11
50,0.500000,154,2.357002e-01,4.586073e+01,-2.436366e+01,-1.022217e+00,-1.669969e+00,4.099928e-01,1.980969e+11
50,0.500000,155,1.676996e+01,4.208862e+01,3.362512e+01,5.599284e-01,-1.560897e-02,-1.230099e+00,5.758210e+11
50,0.500000,156,-4.555997e+01,2.542008e+01,3.657313e+01,4.953236e-01,-2.774433e-01,4.102667e-01,7.180922e+10
50,0.500000,157,3.426336e+01,4.008366e+01,-4.618584e+01,3.680835e-01,-1.404088e+00,2.445824e-01,6.854936e+11
50,0.500000,158,3.931773e+01,2.594019e+01,4.777937e+01,-2.492835e-01,-9.095999e-01,-9.077265e-01,5.239423e+11
50,0.500000,159,4.155276e+01,1.569029e+01,2.091582e+01,-5.101353e-01,5.010997e-01,-6.945808e-02,5.186390e+11
50,0.500000,160,-1.482949e+01,1.216581e+01,-4.114650e+01,-3.613949e-01,-3.565637e-01,1.659290e+00,4.784774e+11
50,0.500000,161,3.624009e+01,3.338165e+01,3.631156e+00,-1.738662e-01,-5.654038e-02,3.840149e-01,5.785806e+11
50,0.500000,162,2.991478e+01,3.771718e+01,-2.439823e+01,3.696291e-01,-5.520202e-02,1.985117e-02,9.941114e+10
50,0.500000,163,-1.425882e+01,-3.060179e+00,1.071043e+01,-3.869624e-01,-1.268070e+00,-1.556449e+00,8.577661e+11
50,0.500000,164,2.013975e+01,3.656939e+01,-1.297359e+01,-1.404724e+00,-6.678046e-01,2.122558e-01,4.593716e+11
50,0.500000,165,3.664489e+01,-9.589898e+00,4.261909e+01,-8.665063e-02,-2.000879e-01,-6.557328e-01,4.371898e+11
50,0.500000,166,4.757130e+01,-4.599657e+01,-4.948039e+01,-2.233628e-01,1.807312e+00,-3.477428e-02,4.708448e+11
50,0.500000,167,5.202694e+00,1.336947e-01,5.361093e+00,3.623926e-01,1.146514e+00,-1.088103e+00,1.916087e+11
50,0.500000,168,-3.983917e+01,-1.584646e+00,-4.601427e+01,1.799648e+00,5.566728e-01,2.327134e-01,8.609500e+11
50,0.500000,169,3.398940e+01,3.641137e+01,-1.880087e+01,-1.072088e-02,-4.802903e-01,-6.517642e-01,4.391972e+11
50,0.500000,170,8.078528e-01,2.038226e+01,3.656933e+01,-3.784128e-01,-7.982480e-02,-1.972362e-01,2.648757e+11
50,0.500000,171,1.499278e+01,-3.656007e+01,2.213416e+01,-2.418981e+00,5.590535e-01,-8.272316e-01,1.221386e+11
50,0.500000,172,1.030999e+01,-5.363397e+00,-2.033955e+01,-3.758310e-02,1.025822e+00,2.253324e-01,5.090612e+11
50,0.500000,173,-2.230000e+01,2.468538e+01,-1.352428e+01,-2.709235e-01,1.679731e-01,5.292673e-01,8.248638e+11
50,0.500000,174,3.806843e+01,4.193652e+01,-2.420552e+01,-7.837543e-01,1.143670e+00,1.934361e+00,8.757373e+11
50,0.500000,175,-1.412722e+01,4.891478e+01,-3.654205e+01,-9.072338e-01,-1.937329e+00,1.395695e+00,2.268290e+11
50,0.500000,176,2.566895e+01,-3.652536e+01,-1.666214e+01,-6.893353e-01,7.104345e-01,6.055350e-01,7.121465e+10
50,0.500000,177,6.582659e-01,4.651815e+01,6.802194e+00,2.720389e-01,-6.506250e-01,8.118956e-01,9.024914e+11
50,0.500000,178,-1.763143e+01,1.071803e+01,2.262364e+01,7.537940e-01,3.553241e-01,3.523164e-01,6.000821e+11
50,0.500000,179,-3.541919e+01,-3.979813e+01,-2.858558e+00,3.139048e-01,9.197880e-02,5.057730e-01,5.260173e+11
50,0.500000,180,-2.763621e+01,-4.135870e+00,2.365836e+01,8.981182e-01,8.485888e-01,-2.063279e+00,3.463983e+11
50,0.500000,181,-3.295973e+01,2.022072e+01,-9.602692e+00,1.033211e+00,2.013125e-01,9.397005e-01,4.634361e+11
50,0.500000,182,-1.198024e+01,3.956766e+01,-1.425210e+01,6.344883e-01,-1.162933e+00,-8.047658e-01,9.088163e+11
50,0.500000,183,-4.725993e+01,-4.354327e+01,6.192413e-01,-3.708538e-03,1.945134e-02,8.585099e-01,6.832514e+11
50,0.500000,184,-2.359923e+01,7.461087e+00,-2.960506e+01,2.928267e-01,-9.105602e-01,1.242372e+00,4.695276e+11
50,0.500000,185,1.263810e+01,-4.838682e+01,3.018213e+01,3.274251e-01,1.203049e+00,-1.113808e+00,4.734177e+11
50,0.500000,186,-1.160529e+01,-3.280241e+01,4.243456e+01,5.105279e-01,-1.048266e-01,-9.736101e-01,4.693188e+11
50,0.500000,187,7.408161e+00,-1.300297e+01,-1.258756e+01,-2.259733e-01,3.082384e-01,1.066450e+00,7.781692e+11
50,0.500000,188,1.049089e+01,3.489792e+01,-4.313533e+00,5.120899e-01,-8.588167e-01,3.920489e-01,3.584676e+11
50,0.500000,189,-4.094206e+00,1.043568e+01,3.163822e+01,-8.231410e-01,5.247586e+00,-9.896188e-02,8.817712e+11
50,0.500000,190,-1.693721e+01,3.275293e+01,-1.519359e+01,1.294408e+00,4.702950e-01,-4.908841e-02,4.779433e+11
50,0.500000,191,-4.292555e+01,6.311044e+00,4.347085e+01,9.494875e-01,1.272621e+00,-1.136692e+00,2.532071e+11
50,0.500000,192,-1.324159e+01,-3.172810e+01,-4.774915e+01,8.866416e-01,-3.268750e-01,7.524143e-01,8.373343e+11
50,0.500000,193,-3.638724e+00,-3.630664e+01,-3.142609e+01,6.891535e-01,1.179933e+00,-5.902267e-01,1.970824e+10
50,0.500000,194,-1.530115e+01,1.232261e+01,3.879979e+01,5.072258e-02,-4.782065e-01,-1.367868e+00,3.922308e+11
50,0.500000,195,-5.133357e+00,1.244603e+00,3.591600e+01,5.761709e-02,-2.843452e-01,-2.506553e-01,1.694456e+11
50,0.500000,196,-4.952965e+01,-3.965473e+01,-9.335481e+00,4.307486e-01,7.733083e-02,7.952231e-02,3.450496e+11
50,0.500000,197,-1.752075e+01,4.025565e+01,-3.259375e+01,1.119677e+00,-1.720806e+00,2.196875e-01,7.104283e+11
50,0.500000,198,2.715930e+01,-1.314463e+01,2.173711e+01,-1.430468e+00,1.346863e+00,-1.561516e-01,7.978440e+11
50,0.500000,199,-5.946294e+00,3.460028e+01,-3.196788e+01,2.441310e-01,-3.118512e-01,-3.445731e-01,4.115004e+11
50,0.500000,200,-6.478143e+00,3.365066e+01,6.987178e+00,4.072099e-01,-5.461974e-01,1.674575e+00,8.110267e+11
50,0.500000,201,-2.715274e+01,-9.865325e+00,-3.529437e+01,2.217576e-01,1.441803e-01,-5.188749e-02,3.417566e+11
50,0.500000,202,-1.538286e+01,1.806696e+01,-4.547079e+01,-9.043111e-01,-1.336569e+00,1.603536e+00,2.509985e+11
50,0.500000,203,-4.605323e+01,-1.329375e+01,-4.613757e+01,6.278530e-01,1.186969e-01,5.490649e-02,3.721527e+11
50,0.500000,204,7.217643e+00,-2.395739e+01,2.698025e+01,-1.245773e+00,-2.916340e-01,-9.117343e-01,4.547015e+11
50,0.500000,205,-4.581986e+01,-1.879136e+01,-2.373623e+01,1.209278e+01,2.313947e+00,1.145997e+01,8.183806e+11
50,0.500000,206,-4.788328e+01,2.268148e+01,-3.497965e+01,7.892537e-01,-3.970660e-01,-5.531686e-01,4.964171e+11
50,0.500000,207,-4.113878e+00,4.506806e+01,2.350720e+01,-1.067091e+00,-2.493599e+00,-3.277055e-01,9.770774e+11
50,0.500000,208,3.396625e+00,4.923666e+01,-1.589366e+01,-9.776360e-01,-1.697638e+00,-5.069789e-01,1.297692e+11
50,0.500000,209,-1.453919e+01,-4.583762e+00,7.367285e+00,1.069970e-01,1.223687e+00,2.216078e+00,6.617158e+11
50,0.500000,210,-2.399173e+00,-2.625898e+01,-2.408896e+00,-1.939329e-01,1.513338e+00,6.364776e-01,8.668333e+11
50,0.500000,211,-1.260986e+01,3.221586e+01,-1.450573e+01,1.363355e-01,5.801383e-01,-6.849008e-01,3.385877e+11
50,0.500000,212,-4.020098e+01,3.662916e+01,-1.903344e+01,7.198053e-01,-1.328002e-01,4.242238e-01,7.466053e+11
50,0.500000,213,-3.814535e+01,2.637137e+01,3.643147e+01,7.819449e-01,-8.052068e-01,-4.299976e-01,8.661977e+11
50,0.500000,214,4.796501e+01,-2.360634e+01,2.558124e+00,-7.767806e-01,2.043556e-01,9.522569e-01,9.542347e+11
50,0.500000,215,-3.877652e+00,1.170971e+01,3.162431e+01,6.004998e-02,-7.139258e+00,-1.681657e+00,6.692142e+11
50,0.500000,216,-2.805632e+01,-2.342916e+01,4.958430e+01,-2.483171e-01,-8.328565e-01,-1.143590e+00,9.503643e+11
50,0.500000,217,4.911273e+01,4.581321e+01,1.943213e+01,-1.464455e+00,-2.808458e-01,2.104166e-01,5.880835e+11
50,0.500000,218,4.421471e+01,4.921379e+01,-4.886585e+00,2.385835e-01,-1.095980e+00,9.492192e-01,3.847918e+11
50,0.500000,219,2.538477e+01,4.692824e+01,-1.692213e+01,-1.016255e+00,-6.653344e-01,-5.618379e-01,5.809256e+10
50,0.500000,220,-4.604540e+01,-1.713160e+01,2.145919e+01,3.830450e-01,5.957696e-01,-3.024583e-01,5.810266e+11
50,0.500000,221,2.291550e+01,-4.776306e+01,2.539043e+00,1.726976e-02,1.911232e+00,-4.533550e-01,8.357623e+11
50,0.500000,222,1.999658e+01,2.807251e+01,-7.981599e+00,-3.612833e-01,4.370006e-01,9.894176e-01,5.668242e+11
50,0.500000,223,-4.660427e+01,3.396993e+01,4.391559e+01,1.423194e+00,1.833488e-01,-1.030936e+00,1.300490e+10
50,0.500000,224,-9.758733e+00,-7.337771e+00,-4.459109e+01,-3.558043e-01,8.024355e-01,1.424344e+00,7.054687e+11
50,0.500000,225,-1.539930e+01,-2.144372e+00,-2.187479e+01,-7.754511e-01,2.210924e-01,9.507382e-01,8.011655e+11
50,0.500000,226,-2.772264e+00,-4.707340e+01,1.306693e+01,-5.390463e-01,1.569380e+00,-1.164648e+00,8.165855e+11
50,0.500000,227,7.974054e+00,4.181328e+01,-1.234584e+01,-1.347754e-01,-4.514529e-01,-1.522513e-01,4.043790e+11
50,0.500000,228,6.734845e+00,8.908020e+00,-9.845184e+00,6.265875e-01,-1.029198e+00,2.094346e-01,4.169450e+11
50,0.500000,229,2.669127e+01,-2.794224e+01,-3.864703e+01,-1.090147e+00,7.985033e-01,1.876811e-01,2.019537e+11
50,0.500000,230,-3.041080e+01,-3.014159e+01,4.928878e+01,8.222172e-01,3.791348e-01,-3.700156e-01,8.436178e+11
50,0.500000,231,-4.668621e+01,1.777191e+01,1.541046e+01,1.223935e+00,-8.719240e-02,-1.194751e+00,2.298081e+11
50,0.500000,232,-1.454469e+01,-1.447205e+01,1.175085e+01,8.308888e-01,1.600630e+00,-1.331205e+00,8.874148e+11
50,0.500000,233,4.602609e+01,-2.406681e+00,-2.028142e+01,-4.817819e-01,5.190311e-01,5.668850e-02,8.483677e+11
50,0.500000,234,-1.084939e+01,3.008116e+01,-4.603640e+01,3.701758e-02,-1.322936e+00,3.766858e-02,2.613357e+11
50,0.500000,235,-2.731842e+01,1.589718e+01,-4.020226e+01,-3.070216e-01,-5.610570e-01,1.131319e+00,8.713483e+11
50,0.500000,236,4.311426e+01,2.842246e+01,-4.063168e+01,-1.332361e+00,-1.199515e+00,8.523434e-01,2.116644e+11
50,0.500000,237,-4.191754e+01,2.324891e+01,-4.101634e+01,-4.698546e-01,-8.278388e-01,1.018890e-01,7.746932e+11
50,0.500000,238,4.010660e+01,2.980439e+01,1.201280e+01,-1.067685e+00,-3.166317e-01,3.814441e-01,8.810636e+11
50,0.500000,239,1.059266e+01,1.929850e+01,-3.666880e+01,5.472499e-01,-3.233766e-01,1.859950e-01,1.004027e+11
50,0.500000,240,1.919435e+01,4.828757e+01,4.583447e+01,8.174780e-02,-9.174550e-02,-1.509959e+00,9.116202e+11
50,0.500000,241,4.095152e+01,2.657045e+01,-3.870733e+01,4.450383e-01,-1.458383e-01,-6.228106e-01,4.283024e+10
50,0.500000,242,2.093100e+01,9.106607e+00,3.047294e+01,-1.477545e-01,-3.003941e-01,-5.200614e-01,9.072775e+11
50,0.500000,243,4.916786e+01,-4.133214e+01,2.879036e+01,-3.011541e-01,9.259609e-01,5.281982e-01,4.341739e+11
50,0.500000,244,-3.652199e+01,-3.517678e+01,1.936726e+00,1.219490e+00,-3.592575e-01,-2.803927e-01,4.543657e+11
50,0.500000,245,4.017074e+01,3.347971e+00,-1.406006e+01,4.981605e-02,-4.786175e-01,-9.454360e-02,8.009739e+11
50,0.500000,246,3.002267e+01,1.768790e+01,3.322839e+01,-3.571791e-01,-7.637925e-01,-1.407529e-01,1.308197e+11
50,0.500000,247,1.606580e+01,-4.386223e+01,-4.695061e+01,1.852076e-01,-2.338550e-01,1.048107e+00,2.556454e+11
50,0.500000,248,4.226462e+01,2.363228e+01,1.747955e+01,-1.723462e+00,6.788024e-01,-8.233403e-01,8.834856e+11
50,0.500000,249,-4.806526e+01,1.758889e+01,-1.678913e+01,1.795111e+00,-7.096612e-01,3.749090e-01,7.283284e+11
50,0.500000,250,1.142361e+00,-3.326573e+01,2.376352e+00,-5.373037e-01,1.365355e+00,-3.225837e-01,8.248778e+11
50,0.500000,251,-3.847550e+01,4.913121e+01,4.469210e+01,9.905036e-01,-1.553880e+00,4.788265e-01,4.309947e+11
50,0.500000,252,-2.969214e+01,2.875569e+01,1.722865e+01,-2.228210e-01,-4.789213e-01,-5.644392e-01,1.966599e+11
50,0.500000,253,-9.405074e+00,4.500964e+00,-4.284451e+01,-4.815899e-01,-4.928261e-01,7.346872e-01,3.463172e+11
50,0.500000,254,-6.204177e+00,-4.075278e+01,-4.336811e+01,7.549727e-01,2.344587e-01,6.187441e-01,2.690759e+11
50,0.500000,255,-4.001519e+01,4.478066e+01,-4.169572e+01,-1.123473e-01,1.648509e-01,-4.766134e-01,9.874949e+11
60,0.600000,0,-3.218874e+01,-1.021013e+01,-3.357915e+01,3.680164e-01,-3.079183e-01,-7.034363e-01,2.829088e+11
60,0.600000,1,-4.824996e+01,-1.977903e+01,-2.622736e+01,-3.884245e+01,-1.605903e+01,-3.984774e+01,2.097202e+11
60,0.600000,2,-4.564121e+01,-1.585012e+01,1.503194e+01,3.293802e-01,-6.749979e-01,1.026570e+00,6.588644e+11
60,0.600000,3,2.553945e+00,4.006148e-01,4.110046e+01,-7.765285e-01,-4.722877e-01,-2.215429e+00,7.227295e+11
60,0.600000,4,1.385004e+01,3.779122e+01,-8.717634e+00,2.857446e-02,-1.499395e+00,3.493710e-01,3.777169e+10
60,0.600000,5,-1.580579e+01,1.354421e+01,-1.952761e+01,-1.279180e-01,8.548737e-01,5.124321e-01,7.603737e+11
60,0.600000,6,-3.244818e+01,2.933347e+01,4.581072e+01,8.977030e-02,-1.120784e+00,-1.247900e+00,3.760901e+11
60,0.600000,7,-3.303879e+01,-9.879240e-01,-4.704025e+01,-4.659762e-01,1.853651e+00,2.006035e+00,8.865707e+11
60,0.600000,8,-3.866685e+01,5.000047e+01,1.022427e+01,1.145413e+00,-7.252976e-02,-1.105915e+00,5.686733e+11
60,0.600000,9,-3.384644e+01,9.409978e+00,9.460239e+00,7.636327e-01,-7.660053e-01,6.982574e-01,8.941096e+11
60,0.600000,10,-3.164533e+01,-2.826507e+00,1.529342e+01,8.265595e-01,-7.714451e-02,1.087830e+00,5.834609e+11
60,0.600000,11,-9.149956e+00,-2.805452e+01,4.502498e+01,-2.578356e-01,5.472787e-01,-1.233763e-01,2.829535e+11
60,0.600000,12,1.969650e+01,4.163522e+01,-3.362193e+01,3.288460e-01,-8.636607e-03,1.219033e+00,5.592508e+11
60,0.600000,13,2.961533e+01,2.824399e+01,-3.785992e+01,5.434249e-01,-7.260739e-01,1.088648e+00,4.625995e+11
60,0.600000,14,1.095815e+01,1.049199e+01,-1.517761e+01,-8.264868e-02,-9.202632e-01,-3.374810e-01,1.590002e+11
60,0.600000,15,-1.549760e+01,1.123020e+01,2.290181e+01,-3.179874e+00,-4.366322e-01,-8.239249e-01,3.424411e+11
60,0.600000,16,3.132907e+00,1.531025e+01,1.127897e+01,-1.084497e+00,-9.599429e-02,3.156719e-01,4.540015e+10
60,0.600000,17,-1.954521e+00,3.807226e+00,9.207439e+00,-8.015643e-01,-3.491021e-01,5.949438e-01,2.383601e+11
60,0.600000,18,2.008101e+01,-8.100430e+00,1.848352e+01,-1.072279e+00,-5.041905e-01,-1.069250e+00,1.124069e+11
60,0.600000,19,-3.909930e+01,-4.585594e+01,-2.427754e+01,1.922454e-01,1.137764e+00,1.214320e+00,2.228659e+11
60,0.600000,20,-2.211405e+00,1.611009e+01,4.891969e+00,-1.140852e+00,-5.610551e-01,-5.867941e-01,2.517453e+11
60,0.600000,21,3.812563e+01,4.297765e+01,-2.228632e+01,-1.396276e+00,-3.551840e+00,-3.076532e+00,6.459795e+11
60,0.600000,22,2.960332e+01,7.750130e+00,3.721015e+01,-7.283324e-01,-7.853852e-01,-7.526948e-01,8.138987e+11
60,0.600000,23,-4.701959e+01,9.946127e+00,4.127170e+01,5.368161e-01,6.607658e-02,-1.157805e+00,6.005106e+11
60,0.600000,24,-2.087440e+01,-3.437187e+01,3.099067e+01,7.241594e-01,1.467690e+00,-7.696016e-01,7.874010e+11
60,0.600000,25,-3.715541e+01,2.661845e+00,-4.713753e+01,-8.506169e-01,1.530986e+00,-2.073671e-01,3.871927e+11
60,0.600000,26,4.345693e+01,-3.188445e+01,-4.736425e+01,1.184001e-01,3.279382e-01,1.164858e+00,2.386911e+11
60,0.600000,27,2.628045e+01,-4.475159e+00,-4.527926e+01,3.678012e-01,-5.378665e-01,1.857779e+00,9.310274e+11
60,0.600000,28,1.967848e+01,-3.724973e+01,2.620801e+00,5.353492e-01,1.658077e-01,-7.499202e-02,7.567738e+11
60,0.600000,29,-4.033725e+01,1.981615e+01,3.985298e+00,5.352315e-01,-1.068305e+00,5.287712e-02,2.502779e+11
60,0.600000,30,1.845484e+01,3.743208e+01,1.240650e+01,-4.187847e-01,-1.816780e+00,-5.201785e-02,3.558971e+11
60,0.600000,31,3.175760e+01,4.086131e+00,8.106908e+00,-6.565593e-01,-8.220275e-01,2.065503e-01,3.774633e+11
60,0.600000,32,-4.397962e+01,8.349841e+00,-1.962200e+01,1.402552e+00,6.528485e-01,8.570147e-01,7.384179e+11
60,0.600000,33,4.870838e+01,-3.300425e+01,-1.244426e+00,-1.620875e+00,1.484544e+00,-7.493374e-01,3.220288e+11
60,0.600000,34,-4.034954e+01,9.843225e+00,5.630199e+00,2.119635e+00,-1.132856e-01,-4.146674e-01,4.018701e+11
60,0.600000,35,3.382746e+00,3.272956e+01,2.431683e+01,-7.196977e-01,-6.745921e-01,-1.007360e+00,9.340962e+11
60,0.600000,36,-1.266495e+01,4.464970e+01,-1.937038e+01,1.908104e-01,-1.727813e+00,9.077548e-01,1.906360e+11
60,0.600000,37,-2.602564e+01,-6.420680e+00,4.165554e+01,-1.026920e-01,7.041678e-01,-9.212951e-01,3.256788e+11
60,0.600000,38,-3.224322e+00,-6.404994e+00,1.316327e+01,-4.422310e-01,-4.399147e-01,-9.810362e-01,3.445997e+11
60,0.600000,39,1.054790e+00,-1.273527e+01,2.327193e+01,-1.219476e+00,1.847634e-03,-6.704671e-01,4.087622e+11
60,0.600000,40,7.647816e+00,3.058606e+01,-1.621323e+01,4.133916e-01,3.108519e-01,8.091520e-01,3.846115e+11
60,0.600000,41,-2.146046e+01,-2.505043e+01,6.058637e+00,4.803572e-01,1.327542e+00,-1.261395e-01,7.591800e+11
60,0.600000,42,-2.156835e+01,3.852752e+01,-4.214186e+01,7.774821e-01,-1.067674e+00,1.541381e+00,3.182194e+11
60,0.600000,43,-1.344397e+01,3.988537e+01,1.484379e+01,1.557958e+00,-1.362550e+00,-3.504263e-01,9.256596e+11
60,0.600000,44,-2.595414e+00,3.621575e+01,-1.705759e+01,-1.314496e+00,-3.119592e-01,8.135229e-01,9.996974e+11
60,0.600000,45,-7.835720e+00,-1.943071e+01,-1.185105e+01,3.367361e-01,6.203269e-01,1.456261e+00,2.379984e+11
60,0.600000,46,-2.662798e+01,-8.246588e+00,4.824524e+01,4.138225e-01,5.017130e-02,-2.169132e+00,2.734147e+11
60,0.600000,47,1.331141e+01,2.729252e+01,7.518017e+00,5.182554e-01,5.920317e-02,-9.341811e-01,8.700814e+11
60,0.600000,48,4.470306e+01,1.102514e+01,2.907517e+01,-1.179859e+00,3.246011e-01,-1.186201e+00,4.835107e+11
60,0.600000,49,-3.595394e+01,2.817669e+01,-2.017407e+00,9.921724e-01,-1.519156e+00,5.163977e-01,2.716077e+11
60,0.600000,50,1.431433e+01,2.926844e+01,-5.319329e-01,2.085100e-01,-9.733969e-01,1.253151e-01,3.963026e+11
60,0.600000,51,1.524876e+00,4.330892e+00,1.540502e+01,-1.469953e+00,-2.659817e-01,-9.437057e-01,1.509222e+11
60,0.600000,52,4.920509e+01,-4.167378e+00,-4.859766e+01,1.580048e-01,-5.325832e-01,1.314539e+00,3.723058e+11
60,0.600000,53,4.301879e+00,4.261893e+01,3.418098e+01,1.594945e-01,-3.957624e-01,-1.262379e+00,2.478318e+11
60,0.600000,54,2.999226e+01,-3.180905e+01,7.888520e-01,-9.242792e-01,1.429757e+00,1.268151e+00,3.248177e+11
60,0.600000,55,-3.104692e+01,-2.232686e+00,2.061330e+01,1.655160e+00,-1.018821e+00,-1.102382e+00,8.557808e+11
60,0.600000,56,-1.598615e+01,9.532318e+00,4.911559e+01,-5.657812e-01,-1.009216e+00,-2.670875e+00,2.788510e+11
60,0.600000,57,-3.687249e+01,3.129427e+01,1.371174e+01,1.273776e+00,-2.225941e-01,-2.355126e-01,3.585567e+11
60,0.600000,58,-5.224116e+00,3.084227e+01,8.816195e+00,-1.180109e+00,2.077436e+00,-1.988199e+00,6.979965e+11
60,0.600000,59,4.529113e+01,-4.039183e+01,-4.851634e+01,-1.136600e+00,8.645732e-03,8.081190e-01,8.485814e+11
60,0.600000,60,1.040585e+01,-4.110693e+01,2.023270e+01,9.154471e-01,1.836618e+00,2.580315e-01,2.821165e+11
60,0.600000,61,2.433957e+01,2.059546e+01,4.447970e+00,-5.115437e-02,5.038600e-02,-6.668513e-01,5.468506e+11
60,0.600000,62,-2.407893e+01,1.646242e+01,3.930568e+01,9.498298e-01,-6.896270e-01,-8.237436e-01,9.594888e+11
60,0.600000,63,-4.870248e+00,8.413253e+00,1.546584e+01,-3.858152e-01,9.699914e-02,9.584629e-02,5.544898e+11
60,0.600000,64,-2.410778e+01,-1.115204e+01,-1.048355e+01,1.372894e+00,3.011207e-01,-4.491921e-01,8.019865e+11
60,0.600000,65,-3.397887e+01,2.953518e+01,-4.231750e+01,9.781442e-01,-7.304009e-01,1.056703e+00,7.734167e+11
60,0.600000,66,-4.788394e+01,3.042832e+01,-1.882242e+01,7.297901e-01,-5.749226e-01,-4.982619e-01,9.853652e+11
60,0.600000,67,4.386466e+01,1.935999e+01,4.436482e+01,-1.201559e+00,-9.974972e-02,-6.141170e-01,8.028133e+11
60,0.600000,68,4.543617e+01,-2.330739e+01,-1.472573e+01,-1.278446e+00,7.754727e-01,7.863683e-01,7.934820e+10
60,0.600000,69,-3.720767e+01,3.458349e+01,3.725859e+01,9.333151e-01,-5.522096e-01,8.156948e-01,1.927672e+11
60,0.600000,70,-3.555959e+01,6.545444e+00,4.528379e+01,2.332797e-01,-2.154682e-01,-1.458132e+00,4.491464e+11
60,0.600000,71,3.432152e+01,-2.456949e+00,-7.208257e+00,-2.303316e-02,-3.210284e-01,-3.326347e-01,1.844075e+11
60,0.600000,72,-5.128591e+00,4.688028e+01,4.746996e+01,-1.263951e-01,-1.205798e+00,-1.170048e+00,6.230759e+11
60,0.600000,73,3.862857e+01,-4.208348e+01,1.890863e+01,-1.579229e+00,1.485839e+00,-2.650525e-01,3.089408e+11
60,0.600000,74,6.502771e+00,1.929709e-01,-1.336947e+00,-1.618590e-01,-6.744533e-01,1.552062e-01,8.766608e+11
60,0.600000,75,-5.994382e+00,2.095058e+01,-1.787425e+01,-7.451516e-01,-6.729479e-01,1.001138e+00,7.678745e+10
60,0.600000,76,-1.383758e+01,-3.800735e+01,-2.573070e+01,6.735929e-01,1.318425e-01,-9.041057e-02,2.230406e+11
60,0.600000,77,-1.724138e+01,4.986364e+00,3.336499e+01,-3.996101e-01,7.107324e-01,-5.719937e-01,2.440442e+11
60,0.600000,78,4.323860e+00,-4.143254e+01,3.566667e+00,-1.057191e+00,1.493331e+00,-8.403994e-01,8.221462e+11
60,0.600000,79,1.544117e+01,-3.428441e+00,1.924244e+01,-1.432788e+00,-3.859735e-01,-1.248096e+00,3.900119e+11
60,0.600000,80,-1.312788e+01,2.645208e+01,-4.776707e+00,6.454592e-01,5.466690e-01,2.290097e-01,5.402214e+11
60,0.600000,81,4.735528e+01,4.147221e+01,2.503874e+01,-1.074194e+00,-4.818128e-01,-4.158542e-01,5.286885e+11
60,0.600000,82,-4.104121e+01,-3.919851e+01,2.588621e+01,7.350074e-01,-5.488466e-02,-5.758780e-01,7.472876e+11
60,0.600000,83,2.780335e+01,-1.741339e+01,6.366984e+00,-8.432470e-01,8.952044e-01,-4.604955e-01,5.415227e+11
60,0.600000,84,4.677270e+01,-2.266219e+01,4.192218e+01,-9.249230e-01,-5.705127e-01,-7.480851e-01,7.278607e+10
60,0.600000,85,4.228261e+01,-4.290438e+01,9.797041e+00,2.190207e-02,1.659839e+00,-3.819922e-01,2.101516e+11
60,0.600000,86,-4.924516e+00,4.380919e+01,2.293905e+01,3.406207e+00,4.017508e+00,2.729828e+00,1.770065e+11
60,0.600000,87,-2.668564e+01,2.819648e+01,4.120952e+01,-1.031000e+00,-1.326537e+00,-8.299413e-01,4.584131e+11
60,0.600000,88,3.999873e+01,2.403499e+01,4.880198e+01,-5.746664e-01,1.606432e+00,-2.039237e+00,2.139438e+11
60,0.600000,89,-4.449832e+01,-2.131943e+01,-2.293147e+01,2.139812e-01,3.228545e+00,7.459200e-02,8.734297e+11
60,0.600000,90,-1.655235e+01,-2.831743e+01,-4.233405e+01,9.519455e-01,-2.207959e-01,9.403354e-01,3.202339e+11
60,0.600000,91,-3.018906e+01,-2.148539e+01,-1.830883e+00,7.215480e-01,-2.953753e-01,-3.270952e-02,4.545050e+11
60,0.600000,92,-3.211752e+01,3.730389e+01,4.033044e+01,-4.816311e-01,-8.512948e-01,1.364481e-01,9.503059e+11
60,0.600000,93,1.291132e+01,2.992940e+01,-3.434175e+01,1.569820e-01,-1.197743e+00,6.525520e-01,6.596846e+11
60,0.600000,94,-6.391887e+00,-2.055359e+01,2.870897e+00,4.500707e-01,5.121028e-01,2.352332e-02,5.500911e+11
60,0.600000,95,1.662112e+01,-9.453134e+00,3.566625e+01,7.408069e-02,1.155198e+00,-1.165766e+00,3.026058e+11
60,0.600000,96,2.640093e+01,2.365471e+01,2.448345e+01,4.518724e-01,-1.572365e-01,-1.011973e-01,3.306763e+10
60,0.600000,97,-2.731440e+01,3.782049e+00,4.686212e+01,1.303083e+00,2.032834e-02,-2.220832e+00,5.383162e+11
60,0.600000,98,-7.284329e+00,5.626370e+00,-3.077666e+01,3.278650e-01,7.245899e-01,1.104336e+00,6.307300e+11
60,0.600000,99,-1.431784e+01,-1.765581e+01,-3.293181e+01,-9.366670e-01,1.165831e+00,-3.340366e-01,8.880208e+11
60,0.600000,100,-8.874596e+00,-1.296353e+01,-3.141250e+01,-1.302381e+00,-5.842873e-01,1.393274e+00,1.278201e+11
60,0.600000,101,2.217581e+01,7.137100e+00,-3.589828e+01,7.124426e-01,-6.443260e-01,-1.057669e-01,7.974176e+11
60,0.600000,102,-5.360534e+02,-5.423124e+01,-2.821061e+02,-2.261061e+03,-1.210590e+02,-1.128892e+03,7.407900e+11
60,0.600000,103,1.423827e+01,-2.613740e+01,-1.338886e+01,-1.565747e+00,8.082042e-01,5.452900e-01,4.027040e+10
60,0.600000,104,-2.160269e+01,7.227671e+00,4.134960e+01,6.465984e-01,1.181419e+00,-1.831065e+00,8.740655e+11
60,0.600000,105,-4.472583e+01,-4.716472e+01,4.887796e+01,9.367454e-01,7.428986e-01,-1.274676e+00,7.159539e+11
60,0.600000,106,2.094124e+01,-2.499817e+01,1.082598e+00,-1.170534e+00,3.318210e-01,9.127151e-01,5.211885e+10
60,0.600000,107,-2.046421e+01,-1.420179e+01,2.774070e+01,1.135725e+00,8.566127e-01,-1.483523e+00,9.450611e+11
60,0.600000,108,-3.473505e+01,1.817091e+01,4.755783e+01,6.371639e-01,-7.635731e-01,-4.360239e-01,1.395692e+11
60,0.600000,109,-3.068788e+01,4.883324e+01,-4.921005e+01,-3.482413e-01,-1.780543e+00,1.815647e+00,2.465284e+10
60,0.600000,110,1.188134e+01,-3.704313e+01,2.250197e+01,-3.153123e-01,2.129373e-01,-1.370899e+00,5.016133e+11
60,0.600000,111,3.699048e+01,-4.254465e+01,3.825396e+00,-1.365963e+00,6.146470e-01,-2.210173e-01,1.128641e+11
60,0.600000,112,-4.756321e+01,-3.582571e+00,-4.535987e+01,9.557843e-01,-3.357372e-01,-3.911559e-01,6.139056e+11
60,0.600000,113,-9.563224e+00,4.177448e+01,2.408002e+01,1.317720e+00,3.348484e-01,-5.274854e-01,8.430211e+11
60,0.600000,114,4.269634e+01,2.416811e+01,3.563540e+01,-7.032935e-01,3.681960e-01,-8.485011e-02,8.809183e+11
60,0.600000,115,-2.518928e+01,3.211791e+01,-1.213345e+01,3.127121e-01,-2.933422e-01,7.496865e-01,2.941500e+11
60,0.600000,116,-1.758639e+01,-2.621254e+01,-1.087707e+01,4.579595e-03,1.326670e+00,3.415110e-01,5.288465e+11
60,0.600000,117,3.478953e+01,-3.728052e+00,-3.630124e+01,-1.108752e+00,1.676101e-01,1.169018e+00,8.504653e+11
60,0.600000,118,-2.123884e+01,1.177042e+01,1.913070e+01,7.133167e-01,-9.172268e-01,5.174875e-01,7.653411e+11
60,0.600000,119,-2.703834e+01,-3.650515e+01,1.393709e+01,3.261939e-01,1.880303e+00,-1.239878e+00,6.036381e+11
60,0.600000,120,3.426256e+01,4.312347e+01,3.846923e+01,-1.246347e+00,-1.435356e+00,-8.557563e-01,5.231914e+11
60,0.600000,121,3.711458e+01,2.146947e+01,-4.581279e+01,-9.367339e-02,-8.321149e-01,2.384164e-01,9.736597e+11
60,0.600000,122,6.081198e+00,-4.463398e+01,3.212360e+01,7.824852e-01,1.064169e+00,-7.531825e-01,7.061728e+10
60,0.600000,123,-4.697116e+01,-4.413930e+01,3.233151e+01,2.419642e-01,1.005258e-01,-5.133490e-01,7.403487e+11
60,0.600000,124,-3.545799e+01,-1.429919e+00,-1.640900e+01,1.738733e+00,4.981154e-02,-4.155399e-01,1.652667e+11
60,0.600000,125,8.891959e+00,9.750456e-03,1.760955e+01,-5.752837e-01,-4.357845e-01,1.614793e-01,1.897044e+11
60,0.600000,126,-9.947087e+00,3.955014e+01,-3.406137e+01,6.132180e-01,-3.524607e-02,2.005461e+00,8.047768e+11
60,0.600000,127,1.168873e+01,-9.244459e-01,3.638540e+01,-2.444528e-01,3.997341e-01,-4.828122e-01,9.081841e+11
60,0.600000,128,2.407150e+01,-3.431584e+01,1.472282e+01,7.624393e-02,8.539550e-01,5.430218e-01,8.689551e+11
60,0.600000,129,-4.371370e+01,-2.915570e+01,-4.732768e+01,7.607993e-01,9.656107e-01,1.088592e+00,1.206212e+11
60,0.600000,130,4.247353e+01,-8.215826e+00,-2.066102e+01,-7.873700e-01,6.848511e-01,1.853955e-01,2.887161e+11
60,0.600000,131,-2.405019e+01,-7.140476e+00,-4.114755e+01,6.879753e-01,1.269117e+00,1.875272e+00,5.263974e+11
60,0.600000,132,-3.711956e+00,1.382115e+01,-7.328341e+00,-6.887355e-01,4.955445e-01,-5.859740e-01,9.423521e+10
60,0.600000,133,-6.750467e+00,-4.440143e+01,4.545587e+01,-1.331834e-01,3.208852e-01,2.860895e-01,1.536961e+11
60,0.600000,134,4.714018e+01,1.741093e+01,-2.425297e+01,-1.789692e-01,-1.018054e+00,2.858720e-01,2.294375e+11
60,0.600000,135,-9.272242e+00,4.957491e+01,3.882313e-01,6.605174e-01,-1.535195e+00,2.890995e-01,5.419177e+11
60,0.600000,136,-1.588190e+01,3.420492e+00,-4.393680e+01,7.242411e-01,-4.704733e-01,1.155292e+00,1.817822e+10
60,0.600000,137,4.622864e+01,6.239274e+00,-4.086562e+01,-1.069273e+00,2.764220e-01,-4.349893e-01,8.920030e+11
60,0.600000,138,3.825786e+01,-4.744845e+01,-4.648320e+01,7.710646e-01,1.103355e+00,-1.864242e-01,7.503638e+11
60,0.600000,139,2.921177e+01,3.445249e+01,4.680473e+01,-8.641818e-01,2.822326e-01,-8.984889e-01,8.646032e+11
60,0.600000,140,-2.339505e+01,-4.376131e+01,-9.928083e+00,3.760349e-01,1.237085e+00,2.099745e-01,4.142350e+11
60,0.600000,141,2.690644e+01,4.457162e+01,-8.347633e+00,-1.424535e-01,-9.912484e-01,-5.404424e-02,1.384630e+11
60,0.600000,142,-3.751070e+01,5.306827e+00,-4.796219e+01,-1.841755e-01,-2.159540e+00,7.041494e-01,8.593346e+11
60,0.600000,143,-2.214832e+01,-1.512056e+01,1.059639e+01,2.702757e-01,2.306921e-02,-8.222865e-03,2.810386e+11
60,0.600000,144,-4.663492e+01,-4.534356e+01,-3.620740e+01,4.156469e-02,-1.432560e-01,5.247770e-01,9.046293e+11
60,0.600000,145,2.036021e+01,4.978783e+01,-1.861447e+01,-3.607959e-01,-2.629128e-01,7.836515e-01,2.135904e+11
60,0.600000,146,6.617457e+02,1.034463e+01,3.158606e+02,2.835964e+03,1.537303e+02,1.415651e+03,5.908249e+11
60,0.600000,147,-1.253291e+01,-8.528472e+00,-5.749553e+00,3.210608e-01,7.538364e-01,-4.983982e-01,7.294669e+11
60,0.600000,148,4.570686e+01,1.264957e+01,-5.002049e+01,2.382338e-01,2.432634e-01,2.320286e-01,2.958760e+11
60,0.600000,149,2.807982e+01,1.758750e+01,-3.070248e+01,-5.513652e-01,2.041128e-01,3.487071e-01,9.591584e+11
60,0.600000,150,1.131060e+01,-2.662773e+01,-3.347134e+01,-1.184798e+00,5.442926e-01,5.741744e-01,6.523790e+11
60,0.600000,151,-2.321716e+01,3.535011e+01,-2.626819e+01,9.664951e-01,-1.110881e+00,8.071094e-01,2.998021e+11
60,0.600000,152,-4.643165e+01,2.291824e+01,-4.816122e+01,2.005629e+00,-6.030848e-01,2.306513e-01,9.761201e+11
60,0.600000,153,-4.673738e+01,-3.392892e+01,-2.351697e+01,1.318541e+00,1.464411e+00,2.084160e-01,3.043183e+11
60,0.600000,154,1.830914e-01,4.577139e+01,-2.434000e+01,-1.076800e+00,-1.882429e+00,5.249938e-01,1.980969e+11
60,0.600000,155,1.679629e+01,4.208472e+01,3.356155e+01,4.993523e-01,-1.293789e-01,-1.304943e+00,5.758210e+11
60,0.600000,156,-4.552784e+01,2.540481e+01,3.659163e+01,7.631382e-01,-3.283390e-01,3.371351e-01,7.180922e+10
60,0.600000,157,3.427971e+01,4.001057e+01,-4.617009e+01,2.932579e-01,-1.509005e+00,3.726016e-01,6.854936e+11
60,0.600000,158,3.930544e+01,2.588680e+01,4.773233e+01,-2.411776e-01,-1.200556e+00,-9.657889e-01,5.239423e+11
60,0.600000,159,4.152350e+01,1.571723e+01,2.091144e+01,-6.467387e-01,5.693619e-01,-1.022960e-01,5.186390e+11
60,0.600000,160,-1.484843e+01,1.214741e+01,-4.105939e+01,-3.931286e-01,-3.772342e-01,1.809690e+00,4.784774e+11
60,0.600000,161,3.622818e+01,3.337589e+01,3.651686e+00,-2.907148e-01,-1.632426e-01,4.324267e-01,5.785806e+11
60,0.600000,162,2.993328e+01,3.771266e+01,-2.439417e+01,3.705869e-01,-1.190040e-01,1.314174e-01,9.941114e+10
60,0.600000,163,-1.427795e+01,-3.127236e+00,1.062412e+01,-3.791139e-01,-1.403592e+00,-1.871537e+00,8.577661e+11
60,0.600000,164,2.006664e+01,3.653244e+01,-1.296127e+01,-1.509130e+00,-7.972399e-01,2.746836e-01,4.593716e+11
60,0.600000,165,3.663756e+01,-9.598114e+00,4.258312e+01,-1.955105e-01,-1.350621e-01,-7.715748e-01,4.371898e+11
60,0.600000,166,4.755571e+01,-4.590074e+01,-4.947958e+01,-3.849976e-01,2.006389e+00,5.799716e-02,4.708448e+11
60,0.600000,167,5.218346e+00,1.920254e-01,5.304254e+00,2.727301e-01,1.182710e+00,-1.177007e+00,1.916087e+11
60,0.600000,168,-3.974239e+01,-1.551589e+00,-4.600049e+01,2.047445e+00,7.478545e-01,3.103520e-01,8.609500e+11
60,0.600000,169,3.398659e+01,3.638739e+01,-1.883423e+01,-9.350716e-02,-4.788561e-01,-6.802608e-01,4.391972e+11
60,0.600000,170,7.870525e-01,2.037522e+01,3.655431e+01,-4.467398e-01,-1.905885e-01,-3.848688e-01,2.648757e+11
60,0.600000,171,1.486065e+01,-3.653101e+01,2.209085e+01,-2.829279e+00,5.979801e-01,-8.976541e-01,1.221386e+11
60,0.600000,172,1.030576e+01,-5.311052e+00,-2.032527e+01,-1.229770e-01,1.064195e+00,3.349593e-01,5.090612e+11
60,0.600000,173,-2.231084e+01,2.469344e+01,-1.349687e+01,-1.724120e-01,1.555377e-01,5.638516e-01,8.248638e+11
60,0.600000,174,3.802641e+01,4.200137e+01,-2.408719e+01,-8.852231e-01,1.437002e+00,2.755108e+00,8.757373e+11
60,0.600000,175,-1.417216e+01,4.881129e+01,-3.646845e+01,-8.917672e-01,-2.178437e+00,1.534403e+00,2.268290e+11
60,0.600000,176,2.563228e+01,-3.648681e+01,-1.662995e+01,-7.693103e-01,8.206725e-01,6.752595e-01,7.121465e+10
60,0.600000,177,6.702140e-01,4.647968e+01,6.842538e+00,2.118306e-01,-8.665828e-01,8.027892e-01,9.024914e+11
60,0.600000,178,-1.758399e+01,1.073802e+01,2.263793e+01,1.119422e+00,4.386144e-01,2.323608e-01,6.000821e+11
60,0.600000,179,-3.540185e+01,-3.978853e+01,-2.831543e+00,3.736838e-01,2.740945e-01,5.686749e-01,5.260173e+11
60,0.600000,180,-2.759213e+01,-4.089720e+00,2.354824e+01,8.669508e-01,9.840707e-01,-2.317339e+00,3.463983e+11
60,0.600000,181,-3.290429e+01,2.023007e+01,-9.555689e+00,1.170742e+00,1.753188e-01,9.403264e-01,4.634361e+11
60,0.600000,182,-1.194723e+01,3.950299e+01,-1.429221e+01,6.810051e-01,-1.400508e+00,-8.001907e-01,9.088163e+11
60,0.600000,183,-4.725657e+01,-4.353857e+01,6.616907e-01,1.252900e-01,1.551147e-01,8.412047e-01,6.832514e+11
60,0.600000,184,-2.358281e+01,7.415717e+00,-2.954097e+01,3.574080e-01,-9.047854e-01,1.313903e+00,4.695276e+11
60,0.600000,185,1.265304e+01,-4.832240e+01,3.012356e+01,2.751032e-01,1.358183e+00,-1.218418e+00,4.734177e+11
60,0.600000,186,-1.157991e+01,-3.280354e+01,4.238290e+01,5.054023e-01,4.492947e-02,-1.082091e+00,4.693188e+11
60,0.600000,187,7.394606e+00,-1.298499e+01,-1.253243e+01,-3.080867e-01,4.017036e-01,1.132461e+00,7.781692e+11
60,0.600000,188,1.051530e+01,3.485104e+01,-4.293492e+00,4.689097e-01,-1.001975e+00,4.080449e-01,3.584676e+11
60,0.600000,189,-4.108542e+00,1.081228e+01,3.162349e+01,8.201401e-01,1.090392e+01,-7.084319e-01,8.817712e+11
60,0.600000,190,-1.686737e+01,3.277367e+01,-1.519387e+01,1.481478e+00,3.696697e-01,2.988956e-02,4.779433e+11
60,0.600000,191,-4.287443e+01,6.376859e+00,4.340987e+01,1.081757e+00,1.351885e+00,-1.287578e+00,2.532071e+11
60,0.600000,192,-1.319754e+01,-3.174114e+01,-4.770722e+01,8.764080e-01,-2.067760e-01,9.090359e-01,8.373343e+11
60,0.600000,193,-3.605112e+00,-3.624387e+01,-3.145356e+01,6.584018e-01,1.317373e+00,-5.162591e-01,1.970824e+10
60,0.600000,194,-1.530035e+01,1.229659e+01,3.872676e+01,-1.291213e-02,-5.551611e-01,-1.536581e+00,3.922308e+11
60,0.600000,195,-5.130330e+00,1.233461e+00,3.589890e+01,6.297746e-02,-1.726349e-01,-4.166847e-01,1.694456e+11
60,0.600000,196,-4.950435e+01,-3.964811e+01,-9.330274e+00,5.675725e-01,1.775501e-01,1.242916e-01,3.450496e+11
60,0.600000,197,-1.746166e+01,4.016532e+01,-3.257997e+01,1.233087e+00,-1.876883e+00,3.217832e-01,7.104283e+11
60,0.600000,198,2.708407e+01,-1.307524e+01,2.172727e+01,-1.565295e+00,1.421366e+00,-2.298144e-01,7.978440e+11
60,0.600000,199,-5.937089e+00,3.458464e+01,-3.198182e+01,1.347849e-01,-3.133236e-01,-2.248570e-01,4.115004e+11
60,0.600000,200,-6.454197e+00,3.361378e+01,7.075664e+00,5.398626e-01,-8.998556e-01,1.850048e+00,8.110267e+11
60,0.600000,201,-2.714097e+01,-9.855098e+00,-3.529534e+01,2.466724e-01,2.540698e-01,7.038416e-03,3.417566e+11
60,0.600000,202,-1.542889e+01,1.799774e+01,-4.538462e+01,-9.338953e-01,-1.423582e+00,1.821573e+00,2.509985e+11
60,0.600000,203,-4.601817e+01,-1.328398e+01,-4.613147e+01,7.613247e-01,2.581550e-01,1.769787e-01,3.721527e+11
60,0.600000,204,7.153904e+00,-2.396913e+01,2.693146e+01,-1.298515e+00,-1.885376e-01,-1.028471e+00,4.547015e+11
60,0.600000,205,-4.522222e+01,-1.869684e+01,-2.317627e+01,1.205535e+01,1.597752e+00,1.120344e+01,8.183806e+11
60,0.600000,206,-4.783797e+01,2.266042e+01,-3.500705e+01,1.002077e+00,-4.408287e-01,-5.439673e-01,4.964171e+11
60,0.600000,207,-4.175825e+00,4.492785e+01,2.348416e+01,-1.395713e+00,-3.081501e+00,-5.808641e-01,9.770774e+11
60,0.600000,208,3.346632e+00,4.914509e+01,-1.591753e+01,-1.018089e+00,-1.940947e+00,-4.531527e-01,1.297692e+11
60,0.600000,209,-1.453191e+01,-4.517827e+00,7.489312e+00,1.777820e-01,1.399496e+00,2.632898e+00,6.617158e+11
60,0.600000,210,-2.409890e+00,-2.618007e+01,-2.374601e+00,-2.311199e-01,1.631271e+00,7.263967e-01,8.668333e+11
60,0.600000,211,-1.260608e+01,3.224530e+01,-1.453923e+01,2.548287e-02,5.964415e-01,-6.578803e-01,3.385877e+11
60,0.600000,212,-4.016246e+01,3.661784e+01,-1.901158e+01,8.118861e-01,-3.031165e-01,4.479695e-01,7.466053e+11
60,0.600000,213,-3.810163e+01,2.632979e+01,3.640836e+01,9.500969e-01,-8.533869e-01,-4.886799e-01,8.661977e+11
60,0.600000,214,4.792238e+01,-2.359498e+01,2.605453e+00,-9.145554e-01,2.460388e-01,9.419027e-01,9.542347e+11
60,0.600000,215,-3.913400e+00,1.119997e+01,3.154498e+01,-2.229415e+00,-1.467492e+01,-1.174761e+00,6.692142e+11
60,0.600000,216,-2.806810e+01,-2.347149e+01,4.952301e+01,-2.252504e-01,-8.585304e-01,-1.293054e+00,9.503643e+11
60,0.600000,217,4.903573e+01,4.579513e+01,1.944316e+01,-1.601850e+00,-4.277261e-01,2.290687e-01,5.880835e+11
60,0.600000,218,4.422330e+01,4.915565e+01,-4.839078e+00,1.172549e-01,-1.217762e+00,9.509422e-01,3.847918e+11
60,0.600000,219,2.533148e+01,4.689032e+01,-1.694946e+01,-1.106393e+00,-8.345101e-01,-5.340799e-01,5.809256e+10
60,0.600000,220,-4.602150e+01,-1.709960e+01,2.143993e+01,5.558570e-01,6.761846e-01,-4.534406e-01,5.810266e+11
60,0.600000,221,2.291402e+01,-4.766221e+01,2.516992e+00,-6.801751e-02,2.103762e+00,-4.308780e-01,8.357623e+11
60,0.600000,222,1.997493e+01,2.809375e+01,-7.930690e+00,-4.916611e-01,4.149914e-01,1.041777e+00,5.668242e+11
60,0.600000,223,-4.652839e+01,3.397669e+01,4.386086e+01,1.594770e+00,9.581880e-02,-1.146491e+00,1.300490e+10
60,0.600000,224,-9.777872e+00,-7.295962e+00,-4.451500e+01,-4.049283e-01,8.638189e-01,1.601609e+00,7.054687e+11
60,0.600000,225,-1.543771e+01,-2.131986e+00,-2.182539e+01,-7.622631e-01,2.694794e-01,1.018431e+00,8.011655e+11
60,0.600000,226,-2.798594e+00,-4.698967e+01,1.300727e+01,-5.164088e-01,1.760729e+00,-1.216592e+00,8.165855e+11
60,0.600000,227,7.965355e+00,4.178540e+01,-1.235228e+01,-2.060941e-01,-6.443185e-01,-1.097237e-01,4.043790e+11
60,0.600000,228,6.764453e+00,8.856256e+00,-9.833030e+00,5.639011e-01,-1.040292e+00,2.706077e-01,4.169450e+11
60,0.600000,229,2.663502e+01,-2.790008e+01,-3.863545e+01,-1.153499e+00,8.796885e-01,2.675256e-01,2.019537e+11
60,0.600000,230,-3.036700e+01,-3.011735e+01,4.926682e+01,9.197900e-01,5.716209e-01,-4.957211e-01,8.436178e+11
60,0.600000,231,-4.661948e+01,1.776601e+01,1.534929e+01,1.425157e+00,-1.431025e-01,-1.246942e+00,2.298081e+11
60,0.600000,232,-1.450318e+01,-1.438798e+01,1.168234e+01,8.298675e-01,1.747748e+00,-1.401756e+00,8.874148e+11
60,0.600000,233,4.599681e+01,-2.379967e+00,-2.027727e+01,-6.703564e-01,5.467800e-01,1.046027e-01,8.483677e+11
60,0.600000,234,-1.084828e+01,3.001323e+01,-4.602919e+01,1.002435e-02,-1.388054e+00,2.315918e-01,2.613357e+11
60,0.600000,235,-2.733280e+01,1.586785e+01,-4.014228e+01,-2.715876e-01,-6.074938e-01,1.255452e+00,8.713483e+11
60,0.600000,236,4.304260e+01,2.835979e+01,-4.058668e+01,-1.516158e+00,-1.297653e+00,9.391331e-01,2.116644e+11
60,0.600000,237,-4.193862e+01,2.320614e+01,-4.100950e+01,-3.821213e-01,-8.778522e-01,1.655105e-01,7.746932e+11
60,0.600000,238,4.004964e+01,2.978562e+01,1.203226e+01,-1.198000e+00,-4.235887e-01,3.959473e-01,8.810636e+11
60,0.600000,239,1.061939e+01,1.928221e+01,-3.665549e+01,5.242962e-01,-3.280204e-01,3.317935e-01,1.004027e+11
60,0.600000,240,1.919752e+01,4.827950e+01,4.575558e+01,4.825994e-02,-2.185032e-01,-1.633303e+00,9.116202e+11
60,0.600000,241,4.097114e+01,2.656269e+01,-3.873893e+01,3.504518e-01,-1.622693e-01,-6.401226e-01,4.283024e+10
60,0.600000,242,2.092157e+01,9.091152e+00,3.044493e+01,-2.222586e-01,-3.162332e-01,-5.933404e-01,9.072775e+11
60,0.600000,243,4.915009e+01,-4.128382e+01,2.881507e+01,-3.995824e-01,9.994873e-01,4.663927e-01,4.341739e+11
60,0.600000,244,-3.645793e+01,-3.519270e+01,1.921378e+00,1.331880e+00,-2.850890e-01,-3.287841e-01,4.543657e+11
60,0.600000,245,4.017013e+01,3.323610e+00,-1.406506e+01,-6.273874e-02,-4.943212e-01,-1.043490e-01,8.009739e+11
60,0.600000,246,3.000272e+01,1.764806e+01,3.321904e+01,-4.332567e-01,-8.236537e-01,-2.248399e-01,1.308197e+11
60,0.600000,247,1.607443e+01,-4.387134e+01,-4.689595e+01,1.622279e-01,-1.398822e-01,1.130432e+00,2.556454e+11
60,0.600000,248,4.217383e+01,2.366584e+01,1.743712e+01,-1.891313e+00,6.652205e-01,-8.694341e-01,8.834856e+11
60,0.600000,249,-4.797022e+01,1.755264e+01,-1.677043e+01,1.987599e+00,-7.377008e-01,3.733646e-01,7.283284e+11
60,0.600000,250,1.114588e+00,-3.319373e+01,2.360161e+00,-5.704083e-01,1.501111e+00,-3.248449e-01,8.248778e+11
60,0.600000,251,-3.842353e+01,4.904982e+01,4.471344e+01,1.079442e+00,-1.688425e+00,3.840844e-01,4.309947e+11
60,0.600000,252,-2.970045e+01,2.872887e+01,1.719896e+01,-1.199291e-01,-5.832685e-01,-6.176808e-01,1.966599e+11
60,0.600000,253,-9.430959e+00,4.476662e+00,-4.280267e+01,-5.472779e-01,-4.805203e-01,9.202689e-01,3.463172e+11
60,0.600000,254,-6.167217e+00,-4.073713e+01,-4.333483e+01,7.262748e-01,3.773322e-01,7.039734e-01,2.690759e+11
60,0.600000,255,-4.001829e+01,4.478499e+01,-4.171700e+01,-2.079244e-02,2.267561e-02,-3.838022e-01,9.874949e+11
70,0.700000,0,-3.216598e+01,-1.022278e+01,-3.361341e+01,5.266892e-01,-2.076050e-01,-6.700251e-01,2.829088e+11
70,0.700000,1,-5.018146e+01,-2.057991e+01,-2.821191e+01,-3.848960e+01,-1.598266e+01,-3.959382e+01,2.097202e+11
70,0.700000,2,-4.562003e+01,-1.588261e+01,1.508468e+01,5.008565e-01,-6.292505e-01,1.078361e+00,6.588644e+11
70,0.700000,3,2.514416e+00,3.783914e-01,4.098361e+01,-8.021117e-01,-4.216622e-01,-2.436522e+00,7.227295e+11
70,0.700000,4,1.384879e+01,3.771136e+01,-8.699273e+00,-6.841102e-02,-1.677397e+00,3.818307e-01,3.777169e+10
70,0.700000,5,-1.581177e+01,1.358675e+01,-1.950033e+01,-1.127565e-01,8.473344e-01,5.729337e-01,7.603737e+11
70,0.700000,6,-3.244068e+01,2.927561e+01,4.574156e+01,1.991159e-01,-1.186885e+00,-1.494181e+00,3.760901e+11
70,0.700000,7,-3.306659e+01,-8.912732e-01,-4.693511e+01,-6.307963e-01,1.998063e+00,2.181366e+00,8.865707e+11
70,0.700000,8,-3.860661e+01,4.999302e+01,1.016833e+01,1.253516e+00,-2.116811e-01,-1.129206e+00,5.686733e+11
70,0.700000,9,-3.380474e+01,9.370669e+00,9.494696e+00,8.915089e-01,-8.027030e-01,6.816157e-01,8.941096e+11
70,0.700000,10,-3.159865e+01,-2.828592e+00,1.535235e+01,1.021908e+00,-1.271524e-02,1.253973e+00,5.834609e+11
70,0.700000,11,-9.164639e+00,-2.802644e+01,4.501388e+01,-3.228508e-01,5.736344e-01,-3.025317e-01,2.829535e+11
70,0.700000,12,1.971166e+01,4.163096e+01,-3.355782e+01,2.820122e-01,-1.478596e-01,1.333761e+00,5.592508e+11
70,0.700000,13,2.964080e+01,2.820545e+01,-3.780244e+01,4.815083e-01,-8.073929e-01,1.199386e+00,4.625995e+11
70,0.700000,14,1.095100e+01,1.044563e+01,-1.519144e+01,-1.921526e-01,-9.327031e-01,-2.267624e-01,1.590002e+11
70,0.700000,15,-1.568158e+01,1.120126e+01,2.285472e+01,-4.124660e+00,-7.039390e-01,-1.041509e+00,3.424411e+11
70,0.700000,16,3.076202e+00,1.530435e+01,1.129374e+01,-1.174663e+00,-1.358933e-01,2.787427e-01,4.540015e+10
70,0.700000,17,-1.996241e+00,3.789827e+00,9.238039e+00,-8.613419e-01,-3.470461e-01,6.260129e-01,2.383601e+11
70,0.700000,18,2.002429e+01,-8.123636e+00,1.842945e+01,-1.185070e+00,-4.313601e-01,-1.091201e+00,1.124069e+11
70,0.700000,19,-3.908842e+01,-4.579525e+01,-2.421567e+01,2.383437e-01,1.276031e+00,1.256077e+00,2.228659e+11
70,0.700000,20,-2.269216e+00,1.608116e+01,4.863061e+00,-1.168742e+00,-5.928376e-01,-5.710696e-01,2.517453e+11
70,0.700000,21,3.804978e+01,4.277600e+01,-2.247707e+01,-1.620538e+00,-4.472364e+00,-4.534303e+00,6.459795e+11
70,0.700000,22,2.956353e+01,7.711856e+00,3.716850e+01,-8.510085e-01,-7.491893e-01,-8.990481e-01,8.138987e+11
70,0.700000,23,-4.698691e+01,9.948500e+00,4.121154e+01,7.491290e-01,3.226198e-02,-1.240141e+00,6.005106e+11
70,0.700000,24,-2.083735e+01,-3.429464e+01,3.094994e+01,7.547590e-01,1.607528e+00,-8.515090e-01,7.874010e+11
70,0.700000,25,-3.719761e+01,2.750250e+00,-4.714836e+01,-8.399302e-01,1.979339e+00,-2.292651e-01,3.871927e+11
70,0.700000,26,4.346124e+01,-3.186894e+01,-4.730434e+01,5.959943e-02,2.953909e-01,1.225440e+00,2.386911e+11
70,0.700000,27,2.629787e+01,-4.500391e+00,-4.518204e+01,3.327915e-01,-4.773713e-01,2.015184e+00,9.310274e+11
70,0.700000,28,1.970333e+01,-3.723873e+01,2.618209e+00,4.655949e-01,2.644067e-01,-3.292915e-02,7.567738e+11
70,0.700000,29,-4.030550e+01,1.976036e+01,3.987562e+00,7.167596e-01,-1.154614e+00,3.909035e-02,2.502779e+11
70,0.700000,30,1.843088e+01,3.733696e+01,1.240227e+01,-5.288056e-01,-1.972342e+00,-1.112633e-01,3.558971e+11
70,0.700000,31,3.172102e+01,4.045852e+00,8.117058e+00,-7.930311e-01,-7.920952e-01,2.000678e-01,3.774633e+11
70,0.700000,32,-4.390538e+01,8.383620e+00,-1.957822e+01,1.551897e+00,6.942898e-01,8.910512e-01,7.384179e+11
70,0.700000,33,4.862370e+01,-3.292658e+01,-1.280950e+00,-1.752823e+00,1.609715e+00,-7.149433e-01,3.220288e+11
70,0.700000,34,-4.023640e+01,9.837242e+00,5.610605e+00,2.379895e+00,-1.249149e-01,-3.730419e-01,4.018701e+11
70,0.700000,35,3.344772e+00,3.269396e+01,2.426343e+01,-7.921047e-01,-7.425633e-01,-1.117645e+00,9.340962e+11
70,0.700000,36,-1.265380e+01,4.455488e+01,-1.932172e+01,2.497076e-01,-2.035016e+00,1.027011e+00,1.906360e+11
70,0.700000,37,-2.602874e+01,-6.383152e+00,4.160613e+01,-2.871402e-02,7.885612e-01,-1.043092e+00,3.256788e+11
70,0.700000,38,-3.249102e+00,-6.424750e+00,1.311259e+01,-5.394487e-01,-3.584942e-01,-1.040421e+00,3.445997e+11
70,0.700000,39,9.923441e-01,-1.273241e+01,2.323552e+01,-1.273066e+00,1.025482e-01,-7.757059e-01,4.087622e+11
70,0.700000,40,7.666318e+00,3.060068e+01,-1.617032e+01,3.346021e-01,2.772545e-01,8.981834e-01,3.846115e+11
70,0.700000,41,-2.143450e+01,-2.497961e+01,6.052008e+00,5.510594e-01,1.489215e+00,-1.378407e-01,7.591800e+11
70,0.700000,42,-2.152818e+01,3.847085e+01,-4.205960e+01,8.246427e-01,-1.187251e+00,1.730068e+00,3.182194e+11
70,0.700000,43,-1.336232e+01,3.981305e+01,1.482567e+01,1.694638e+00,-1.514925e+00,-3.720933e-01,9.256596e+11
70,0.700000,44,-2.663229e+00,3.619723e+01,-1.701470e+01,-1.390854e+00,-4.182670e-01,8.941730e-01,9.996974e+11
70,0.700000,45,-7.819523e+00,-1.939671e+01,-1.177508e+01,3.134633e-01,7.290302e-01,1.570975e+00,2.379984e+11
70,0.700000,46,-2.660552e+01,-8.241993e+00,4.813080e+01,4.781167e-01,1.261891e-01,-2.386745e+00,2.734147e+11
70,0.700000,47,1.333520e+01,2.729419e+01,7.469486e+00,4.410714e-01,1.213291e-02,-1.000516e+00,8.700814e+11
70,0.700000,48,4.463932e+01,1.104313e+01,2.901388e+01,-1.352689e+00,3.884661e-01,-1.258130e+00,4.835107e+11
70,0.700000,49,-3.590029e+01,2.809753e+01,-1.992493e+00,1.139045e+00,-1.635610e+00,4.834429e-01,2.716077e+11
70,0.700000,50,1.432231e+01,2.921799e+01,-5.248454e-01,1.194740e-01,-1.037745e+00,1.553408e-01,3.963026e+11
70,0.700000,51,1.447792e+00,4.318113e+00,1.535597e+01,-1.600523e+00,-2.470046e-01,-1.011837e+00,1.509222e+11
70,0.700000,52,4.920967e+01,-4.192487e+00,-4.852874e+01,3.737583e-02,-4.772826e-01,1.430723e+00,3.723058e+11
70,0.700000,53,4.308875e+00,4.259537e+01,3.411369e+01,1.238178e-01,-5.330552e-01,-1.414188e+00,2.478318e+11
70,0.700000,54,2.994233e+01,-3.173541e+01,8.534915e-01,-1.059425e+00,1.508126e+00,1.312914e+00,3.248177e+11
70,0.700000,55,-3.095832e+01,-2.283887e+00,2.055418e+01,1.867731e+00,-1.028236e+00,-1.248349e+00,8.557808e+11
70,0.700000,56,-1.601556e+01,9.481337e+00,4.897416e+01,-6.066055e-01,-1.028059e+00,-2.957996e+00,2.788510e+11
70,0.700000,57,-3.680451e+01,3.127990e+01,1.369906e+01,1.430049e+00,-3.404452e-01,-2.682651e-01,3.585567e+11
70,0.700000,58,-5.287498e+00,3.095438e+01,8.710183e+00,-1.343179e+00,2.386902e+00,-2.232072e+00,6.979965e+11
70,0.700000,59,4.523248e+01,-4.039221e+01,-4.847434e+01,-1.202845e+00,-2.097028e-02,8.661861e-01,8.485814e+11
70,0.700000,60,1.045190e+01,-4.100783e+01,2.024523e+01,9.259633e-01,2.102054e+00,2.449301e-01,2.821165e+11
70,0.700000,61,2.433335e+01,2.059809e+01,4.414487e+00,-1.843554e-01,5.445212e-02,-6.719239e-01,5.468506e+11
70,0.700000,62,-2.402894e+01,1.642492e+01,3.926081e+01,1.040635e+00,-7.996220e-01,-9.579979e-01,9.594888e+11
70,0.700000,63,-4.890472e+00,8.416895e+00,1.546957e+01,-4.197751e-01,5.301493e-02,5.706866e-02,5.544898e+11
70,0.700000,64,-2.403618e+01,-1.113527e+01,-1.050435e+01,1.480563e+00,3.634838e-01,-3.887099e-01,8.019865e+11
70,0.700000,65,-3.392912e+01,2.949531e+01,-4.226096e+01,1.009057e+00,-8.522287e-01,1.191290e+00,7.734167e+11
70,0.700000,66,-4.784207e+01,3.039720e+01,-1.884690e+01,9.256323e-01,-6.609693e-01,-4.824713e-01,9.853652e+11
70,0.700000,67,4.380005e+01,1.935667e+01,4.433040e+01,-1.366427e+00,-3.890363e-02,-7.490492e-01,8.028133e+11
70,0.700000,68,4.536903e+01,-2.326646e+01,-1.468509e+01,-1.395387e+00,8.538769e-01,8.345803e-01,7.934820e+10
70,0.700000,69,-3.715455e+01,3.455219e+01,3.729910e+01,1.168418e+00,-6.861187e-01,8.060940e-01,1.927672e+11
70,0.700000,70,-3.554384e+01,6.534937e+00,4.520629e+01,3.816611e-01,-2.056739e-01,-1.625549e+00,4.491464e+11
70,0.700000,71,3.431768e+01,-2.471428e+00,-7.225255e+00,-1.208206e-01,-2.638197e-01,-3.459711e-01,1.844075e+11
70,0.700000,72,-5.134632e+00,4.681687e+01,4.740765e+01,-1.162542e-01,-1.319225e+00,-1.308563e+00,6.230759e+11
70,0.700000,73,3.854677e+01,-4.200623e+01,1.889362e+01,-1.682669e+00,1.593453e+00,-3.291541e-01,3.089408e+11
70,0.700000,74,6.492011e+00,1.601613e-01,-1.327881e+00,-2.588944e-01,-6.412160e-01,2.027632e-01,8.766608e+11
70,0.700000,75,-6.033109e+00,2.091673e+01,-1.782189e+01,-7.986826e-01,-6.802195e-01,1.084604e+00,7.678745e+10
70,0.700000,76,-1.380373e+01,-3.799656e+01,-2.573317e+01,6.796582e-01,2.847002e-01,-1.576522e-02,2.230406e+11
70,0.700000,77,-1.726062e+01,5.024123e+00,3.333363e+01,-3.726132e-01,7.917403e-01,-6.725816e-01,2.440442e+11
70,0.700000,78,4.269728e+00,-4.135184e+01,3.525254e+00,-1.103515e+00,1.712860e+00,-8.182747e-01,8.221462e+11
70,0.700000,79,1.536662e+01,-3.446525e+00,1.917878e+01,-1.538845e+00,-3.417567e-01,-1.293565e+00,3.900119e+11
70,0.700000,80,-1.309471e+01,2.647841e+01,-4.765968e+00,6.778523e-01,5.098264e-01,2.031744e-01,5.402214e+11
70,0.700000,81,4.729840e+01,4.144626e+01,2.501524e+01,-1.189382e+00,-5.491587e-01,-5.144712e-01,5.286885e+11
70,0.700000,82,-4.100234e+01,-3.919865e+01,2.585662e+01,8.122628e-01,3.975824e-02,-6.047836e-01,7.472876e+11
70,0.700000,83,2.775789e+01,-1.736717e+01,6.344075e+00,-9.629069e-01,9.485377e-01,-4.562849e-01,5.415227e+11
70,0.700000,84,4.672371e+01,-2.268909e+01,4.188253e+01,-1.024674e+00,-5.113940e-01,-8.299975e-01,7.278607e+10
70,0.700000,85,4.228015e+01,-4.281822e+01,9.777567e+00,-1.074600e-01,1.775097e+00,-3.956361e-01,2.101516e+11
70,0.700000,86,-4.701934e+00,4.408786e+01,2.311532e+01,5.662130e+00,7.375603e+00,4.440039e+00,1.770065e+11
70,0.700000,87,-2.673746e+01,2.812766e+01,4.116444e+01,-1.041166e+00,-1.417231e+00,-9.598895e-01,4.584131e+11
70,0.700000,88,3.996222e+01,2.412963e+01,4.868477e+01,-8.643574e-01,2.140266e+00,-2.603179e+00,2.139438e+11
70,0.700000,89,-4.448919e+01,-2.113503e+01,-2.292773e+01,1.820626e-01,4.085721e+00,1.032505e-01,8.734297e+11
70,0.700000,90,-1.650299e+01,-2.832627e+01,-4.228553e+01,1.015925e+00,-1.408432e-01,9.949172e-01,3.202339e+11
70,0.700000,91,-3.014910e+01,-2.149756e+01,-1.831645e+00,8.629047e-01,-2.007066e-01,-9.358088e-04,4.545050e+11
70,0.700000,92,-3.213999e+01,3.725635e+01,4.033425e+01,-4.228983e-01,-1.032226e+00,2.673580e-02,9.503059e+11
70,0.700000,93,1.291822e+01,2.986783e+01,-3.430543e+01,1.224028e-01,-1.258821e+00,7.866105e-01,6.596846e+11
70,0.700000,94,-6.369743e+00,-2.052575e+01,2.871312e+00,4.370979e-01,5.932602e-01,-4.271735e-03,5.500911e+11
70,0.700000,95,1.662181e+01,-9.391799e+00,3.560410e+01,-3.539655e-02,1.285268e+00,-1.306431e+00,3.026058e+11
70,0.700000,96,2.642156e+01,2.364514e+01,2.447656e+01,3.803931e-01,-2.194029e-01,-1.675596e-01,3.306763e+10
70,0.700000,97,-2.724646e+01,3.784683e+00,4.674429e+01,1.404357e+00,7.925663e-02,-2.467724e+00,5.383162e+11
70,0.700000,98,-7.269755e+00,5.662777e+00,-3.071840e+01,2.616496e-01,7.310296e-01,1.214995e+00,6.307300e+11
70,0.700000,99,-1.436464e+01,-1.759413e+01,-3.294583e+01,-9.355120e-01,1.289160e+00,-2.364935e-01,8.880208e+11
70,0.700000,100,-8.942831e+00,-1.299171e+01,-3.134061e+01,-1.415907e+00,-5.468578e-01,1.474095e+00,1.278201e+11
70,0.700000,101,2.221065e+01,7.105484e+00,-3.590053e+01,6.840855e-01,-6.225659e-01,4.805991e-03,7.974176e+11
70,0.700000,102,-6.491064e+02,-6.028418e+01,-3.385507e+02,-2.261059e+03,-1.210588e+02,-1.128891e+03,7.407900e+11
70,0.700000,103,1.415750e+01,-2.609380e+01,-1.335942e+01,-1.656128e+00,9.243655e-01,6.243650e-01,4.027040e+10
70,0.700000,104,-2.156913e+01,7.288183e+00,4.125326e+01,6.916803e-01,1.233984e+00,-2.005086e+00,8.740655e+11
70,0.700000,105,-4.467717e+01,-4.712508e+01,4.881173e+01,1.002911e+00,8.337130e-01,-1.365396e+00,7.159539e+11
70,0.700000,106,2.088042e+01,-2.498000e+01,1.129405e+00,-1.253596e+00,3.893422e-01,9.552664e-01,5.211885e+10
70,0.700000,107,-2.040625e+01,-1.415584e+01,2.766295e+01,1.178192e+00,9.699188e-01,-1.613762e+00,9.450611e+11
70,0.700000,108,-3.469968e+01,1.813152e+01,4.753038e+01,7.650191e-01,-8.075066e-01,-6.415488e-01,1.395692e+11
70,0.700000,109,-3.070459e+01,4.874043e+01,-4.911546e+01,-3.227931e-01,-1.917934e+00,1.954433e+00,2.465284e+10
70,0.700000,110,1.186603e+01,-3.703050e+01,2.242945e+01,-2.978919e-01,2.848560e-01,-1.515748e+00,5.016133e+11
70,0.700000,111,3.691897e+01,-4.251044e+01,3.814977e+00,-1.483089e+00,7.412278e-01,-1.980367e-01,1.128641e+11
70,0.700000,112,-4.750817e+01,-3.597618e+00,-4.537678e+01,1.219354e+00,-2.723220e-01,-2.946471e-01,6.139056e+11
70,0.700000,113,-9.491605e+00,4.178918e+01,2.404900e+01,1.527568e+00,2.609293e-01,-6.966414e-01,8.430211e+11
70,0.700000,114,4.265749e+01,2.418482e+01,3.563001e+01,-8.374244e-01,3.061970e-01,-1.265738e-01,8.809183e+11
70,0.700000,115,-2.516879e+01,3.209825e+01,-1.209636e+01,4.891474e-01,-4.752686e-01,7.352600e-01,2.941500e+11
70,0.700000,116,-1.758500e+01,-2.614195e+01,-1.085770e+01,4.682632e-02,1.481458e+00,4.249261e-01,5.288465e+11
70,0.700000,117,3.473125e+01,-3.717777e+00,-3.624091e+01,-1.211997e+00,2.365170e-01,1.237341e+00,8.504653e+11
70,0.700000,118,-2.119713e+01,1.172177e+01,1.915864e+01,9.335258e-01,-1.018394e+00,5.932043e-01,7.653411e+11
70,0.700000,119,-2.702033e+01,-3.640664e+01,1.387383e+01,3.880762e-01,2.043666e+00,-1.285940e+00,6.036381e+11
70,0.700000,120,3.419753e+01,4.304814e+01,3.842456e+01,-1.345006e+00,-1.564796e+00,-9.240450e-01,5.231914e+11
70,0.700000,121,3.710746e+01,2.142699e+01,-4.579680e+01,-1.822380e-01,-8.637052e-01,3.865059e-01,9.736597e+11
70,0.700000,122,6.120743e+00,-4.457745e+01,3.208235e+01,7.977923e-01,1.184918e+00,-8.838556e-01,7.061728e+10
70,0.700000,123,-4.695576e+01,-4.413099e+01,3.230382e+01,3.621132e-01,2.201164e-01,-5.867755e-01,7.403487e+11
70,0.700000,124,-3.536756e+01,-1.426438e+00,-1.642913e+01,1.866134e+00,8.580178e-02,-3.918039e-01,1.652667e+11
70,0.700000,125,8.860990e+00,-1.147657e-02,1.761636e+01,-6.553519e-01,-4.154092e-01,1.155869e-01,1.897044e+11
70,0.700000,126,-9.917887e+00,3.954397e+01,-3.395634e+01,5.599478e-01,-1.956466e-01,2.178519e+00,8.047768e+11
70,0.700000,127,1.167402e+01,-9.030879e-01,3.635729e+01,-3.349738e-01,4.495631e-01,-6.274172e-01,9.081841e+11
70,0.700000,128,2.407219e+01,-3.427052e+01,1.474805e+01,-3.757286e-02,9.491537e-01,4.730718e-01,8.689551e+11
70,0.700000,129,-4.367355e+01,-2.910489e+01,-4.727013e+01,8.374241e-01,1.057974e+00,1.202202e+00,1.206212e+11
70,0.700000,130,4.243215e+01,-8.176729e+00,-2.065043e+01,-8.603490e-01,8.614479e-01,2.333318e-01,2.887161e+11
70,0.700000,131,-2.401610e+01,-7.075064e+00,-4.104930e+01,6.767813e-01,1.340082e+00,2.038530e+00,5.263974e+11
70,0.700000,132,-3.746880e+00,1.384558e+01,-7.356401e+00,-7.065184e-01,4.827777e-01,-5.409239e-01,9.423521e+10
70,0.700000,133,-6.757682e+00,-4.438174e+01,4.546711e+01,-1.534214e-01,4.535444e-01,1.748263e-01,1.536961e+11
70,0.700000,134,4.712677e+01,1.735908e+01,-2.423782e+01,-3.414214e-01,-1.052271e+00,3.168275e-01,2.294375e+11
70,0.700000,135,-9.237684e+00,4.949179e+01,4.032326e-01,7.162167e-01,-1.766534e+00,3.090112e-01,5.419177e+11
70,0.700000,136,-1.584511e+01,3.397821e+00,-4.387361e+01,7.453522e-01,-4.395044e-01,1.352935e+00,1.817822e+10
70,0.700000,137,4.617124e+01,6.253308e+00,-4.088518e+01,-1.212401e+00,2.842057e-01,-3.554681e-01,8.920030e+11
70,0.700000,138,3.829681e+01,-4.738998e+01,-4.649150e+01,7.858939e-01,1.223842e+00,-1.492610e-01,7.503638e+11
70,0.700000,139,2.916734e+01,3.446478e+01,4.675591e+01,-9.086409e-01,2.162262e-01,-1.040398e+00,8.646032e+11
70,0.700000,140,-2.337553e+01,-4.369471e+01,-9.916205e+00,4.021163e-01,1.409718e+00,2.601759e-01,4.142350e+11
70,0.700000,141,2.689651e+01,4.451745e+01,-8.350654e+00,-2.445813e-01,-1.159073e+00,-6.559725e-02,1.384630e+11
70,0.700000,142,-3.751580e+01,5.185651e+00,-4.791870e+01,-3.344665e-02,-2.648801e+00,1.008853e+00,8.593346e+11
70,0.700000,143,-2.212974e+01,-1.511637e+01,1.059520e+01,4.546217e-01,1.339003e-01,-3.644005e-02,2.810386e+11
70,0.700000,144,-4.663083e+01,-4.534781e+01,-3.617912e+01,1.148338e-01,-3.746809e-02,5.991358e-01,9.046293e+11
70,0.700000,145,2.034077e+01,4.976938e+01,-1.857381e+01,-4.117203e-01,-4.558242e-01,8.374103e-01,2.135904e+11
70,0.700000,146,8.035439e+02,1.803115e+01,3.866431e+02,2.835963e+03,1.537303e+02,1.415650e+03,5.908249e+11
70,0.700000,147,-1.251684e+01,-8.489660e+00,-5.772581e+00,3.216255e-01,7.945137e-01,-4.296038e-01,7.294669e+11
70,0.700000,148,4.571534e+01,1.266125e+01,-5.000449e+01,1.134550e-01,2.258355e-01,3.921765e-01,2.958760e+11
70,0.700000,149,2.804988e+01,1.759708e+01,-3.068348e+01,-6.375959e-01,1.815667e-01,4.053953e-01,9.591584e+11
70,0.700000,150,1.124995e+01,-2.659775e+01,-3.344007e+01,-1.235956e+00,6.448618e-01,6.675159e-01,6.523790e+11
70,0.700000,151,-2.316564e+01,3.529160e+01,-2.622574e+01,1.082672e+00,-1.218761e+00,8.833342e-01,2.998021e+11
70,0.700000,152,-4.632667e+01,2.288663e+01,-4.814408e+01,2.176657e+00,-6.561756e-01,4.348485e-01,9.761201e+11
70,0.700000,153,-4.666830e+01,-3.385204e+01,-2.350517e+01,1.432803e+00,1.597342e+00,2.585534e-01,3.043183e+11
70,0.700000,154,1.277322e-01,4.567141e+01,-2.431058e+01,-1.132165e+00,-2.095558e+00,6.405568e-01,1.980969e+11
70,0.700000,155,1.681959e+01,4.207511e+01,3.349425e+01,4.387958e-01,-2.434298e-01,-1.379627e+00,5.758210e+11
70,0.700000,156,-4.548231e+01,2.538698e+01,3.660646e+01,1.031239e+00,-3.797604e-01,2.633086e-01,7.180922e+10
70,0.700000,157,3.429231e+01,3.993224e+01,-4.614793e+01,2.182849e-01,-1.614011e+00,5.008517e-01,6.854936e+11
70,0.700000,158,3.929396e+01,2.581812e+01,4.768286e+01,-2.172221e-01,-1.520628e+00,-1.005217e+00,5.239423e+11
70,0.700000,159,4.148738e+01,1.574756e+01,2.090542e+01,-7.841399e-01,6.370711e-01,-1.352379e-01,5.186390e+11
70,0.700000,160,-1.486897e+01,1.212798e+01,-4.096478e+01,-4.250674e-01,-3.977976e-01,1.959887e+00,4.784774e+11
70,0.700000,161,3.621042e+01,3.336479e+01,3.674649e+00,-4.079810e-01,-2.704162e-01,4.812620e-01,5.785806e+11
70,0.700000,162,2.995188e+01,3.770497e+01,-2.438451e+01,3.733513e-01,-1.820118e-01,2.442727e-01,9.941114e+10
70,0.700000,163,-1.429676e+01,-3.201623e+00,1.052067e+01,-3.743992e-01,-1.560424e+00,-2.240460e+00,8.577661e+11
70,0.700000,164,1.998830e+01,3.648901e+01,-1.294580e+01,-1.614020e+00,-9.271058e-01,3.379406e-01,4.593716e+11
70,0.700000,165,3.662479e+01,-9.603077e+00,4.254135e+01,-3.045837e-01,-6.994116e-02,-8.875473e-01,4.371898e+11
70,0.700000,166,4.753193e+01,-4.579490e+01,-4.947408e+01,-5.502416e-01,2.207692e+00,1.529578e-01,4.708448e+11
70,0.700000,167,5.229525e+00,2.521009e-01,5.242896e+00,1.834262e-01,1.216523e+00,-1.268614e+00,1.916087e+11
70,0.700000,168,-3.963309e+01,-1.508733e+00,-4.598288e+01,2.300182e+00,9.479560e-01,3.859913e-01,8.609500e+11
70,0.700000,169,3.397965e+01,3.636354e+01,-1.886906e+01,-1.754413e-01,-4.750507e-01,-7.100657e-01,4.391972e+11
70,0.700000,170,7.628392e-01,2.036265e+01,3.652989e+01,-5.148932e-01,-3.013032e-01,-5.731766e-01,2.648757e+11
70,0.700000,171,1.470725e+01,-3.650030e+01,2.204410e+01,-3.268391e+00,6.256395e-01,-9.650442e-01,1.221386e+11
70,0.700000,172,1.029726e+01,-5.256779e+00,-2.030550e+01,-2.083946e-01,1.102892e+00,4.446769e-01,5.090612e+11
70,0.700000,173,-2.231675e+01,2.470086e+01,-1.346772e+01,-7.374920e-02,1.424473e-01,5.983254e-01,8.248638e+11
70,0.700000,174,3.797968e+01,4.208451e+01,-2.391897e+01,-9.716557e-01,1.880669e+00,3.947649e+00,8.757373e+11
70,0.700000,175,-1.421630e+01,4.869570e+01,-3.638790e+01,-8.752643e-01,-2.421187e+00,1.673882e+00,2.268290e+11
70,0.700000,176,2.559161e+01,-3.644274e+01,-1.659426e+01,-8.494390e-01,9.311013e-01,7.452316e-01,7.121465e+10
70,0.700000,177,6.791387e-01,4.643039e+01,6.882430e+00,1.511443e-01,-1.083356e+00,7.937825e-01,9.024914e+11
70,0.700000,178,-1.751577e+01,1.076274e+01,2.264641e+01,1.584654e+00,5.446451e-01,1.195390e-01,6.000821e+11
70,0.700000,179,-3.538151e+01,-3.976978e+01,-2.801360e+00,4.339647e-01,4.575207e-01,6.324259e-01,5.260173e+11
70,0.700000,180,-2.754985e+01,-4.036760e+00,2.342521e+01,8.268475e-01,1.120905e+00,-2.578840e+00,3.463983e+11
70,0.700000,181,-3.284196e+01,2.023812e+01,-9.508660e+00,1.308754e+00,1.491897e-01,9.407833e-01,4.634361e+11
70,0.700000,182,-1.191190e+01,3.942639e+01,-1.433210e+01,7.276888e-01,-1.640160e+00,-7.959550e-01,9.088163e+11
70,0.700000,183,-4.724675e+01,-4.352708e+01,7.032761e-01,2.544442e-01,2.907466e-01,8.239456e-01,6.832514e+11
70,0.700000,184,-2.356316e+01,7.370637e+00,-2.947331e+01,4.222363e-01,-8.990181e-01,1.385533e+00,4.695276e+11
70,0.700000,185,1.266535e+01,-4.825021e+01,3.005976e+01,2.225913e-01,1.513868e+00,-1.323274e+00,4.734177e+11
70,0.700000,186,-1.155479e+01,-3.279717e+01,4.232581e+01,4.995965e-01,1.946745e-01,-1.190679e+00,4.693188e+11
70,0.700000,187,7.376934e+00,-1.296234e+01,-1.247398e+01,-3.906269e-01,4.952007e-01,1.199035e+00,7.781692e+11
70,0.700000,188,1.053757e+01,3.479699e+01,-4.272645e+00,4.260859e-01,-1.145707e+00,4.242451e-01,3.584676e+11
70,0.700000,189,-3.118981e+00,1.182927e+01,3.107961e+01,2.320836e+01,2.093275e+01,-1.285926e+01,8.817712e+11
70,0.700000,190,-1.678800e+01,3.278943e+01,-1.519021e+01,1.675307e+00,2.706980e-01,1.086368e-01,4.779433e+11
70,0.700000,191,-4.281672e+01,6.446611e+00,4.334133e+01,1.213671e+00,1.430223e+00,-1.438974e+00,2.532071e+11
70,0.700000,192,-1.315400e+01,-3.174817e+01,-4.765746e+01,8.661828e-01,-8.658060e-02,1.065784e+00,8.373343e+11
70,0.700000,193,-3.573039e+00,-3.617422e+01,-3.147734e+01,6.275908e-01,1.454839e+00,-4.422308e-01,1.970824e+10
70,0.700000,194,-1.530279e+01,1.226669e+01,3.864529e+01,-7.825072e-02,-6.330384e-01,-1.705326e+00,3.922308e+11
70,0.700000,195,-5.127028e+00,1.227894e+00,3.587350e+01,6.829664e-02,-6.089143e-02,-5.828457e-01,1.694456e+11
70,0.700000,196,-4.947221e+01,-3.963647e+01,-9.322828e+00,7.044191e-01,2.779329e-01,1.690927e-01,3.450496e+11
70,0.700000,197,-1.739685e+01,4.006721e+01,-3.256104e+01,1.348032e+00,-2.031805e+00,4.250820e-01,7.104283e+11
70,0.700000,198,2.700209e+01,-1.300212e+01,2.171375e+01,-1.700506e+00,1.496109e+00,-3.036649e-01,7.978440e+11
70,0.700000,199,-5.933392e+00,3.456897e+01,-3.198973e+01,2.387289e-02,-3.131077e-01,-1.033368e-01,4.115004e+11
70,0.700000,200,-6.423141e+00,3.355801e+01,7.173435e+00,6.909033e-01,-1.300154e+00,2.045078e+00,8.110267e+11
70,0.700000,201,-2.712793e+01,-9.839350e+00,-3.529337e+01,2.722419e-01,3.649461e-01,6.591229e-02,3.417566e+11
70,0.700000,202,-1.547639e+01,1.792415e+01,-4.528752e+01,-9.633909e-01,-1.511114e+00,2.040486e+00,2.509985e+11
70,0.700000,203,-4.597644e+01,-1.326723e+01,-4.611926e+01,8.946928e-01,3.978583e-01,2.992204e-01,3.721527e+11
70,0.700000,204,7.087528e+00,-2.397572e+01,2.687681e+01,-1.351269e+00,-8.517670e-02,-1.145502e+00,4.547015e+11
70,0.700000,205,-4.461205e+01,-1.863751e+01,-2.261525e+01,1.230636e+01,8.267718e-01,1.121268e+01,8.183806e+11
70,0.700000,206,-4.778198e+01,2.263717e+01,-3.503402e+01,1.216168e+00,-4.848261e-01,-5.358431e-01,4.964171e+11
70,0.700000,207,-4.259148e+00,4.475106e+01,2.344494e+01,-1.953408e+00,-4.004054e+00,-9.991555e-01,9.770774e+11
70,0.700000,208,3.294609e+00,4.904133e+01,-1.593870e+01,-1.058828e+00,-2.185049e+00,-3.989815e-01,1.297692e+11
70,0.700000,209,-1.452097e+01,-4.442458e+00,7.634011e+00,2.530985e-01,1.600155e+00,3.120409e+00,6.617158e+11
70,0.700000,210,-2.422481e+00,-2.609526e+01,-2.335798e+00,-2.688365e-01,1.749582e+00,8.167796e-01,8.668333e+11
70,0.700000,211,-1.260794e+01,3.227566e+01,-1.457139e+01,-8.941967e-02,6.165819e-01,-6.309780e-01,3.385877e+11
70,0.700000,212,-4.011932e+01,3.659799e+01,-1.898853e+01,9.044417e-01,-4.736824e-01,4.715493e-01,7.466053e+11
70,0.700000,213,-3.804949e+01,2.628579e+01,3.638232e+01,1.118798e+00,-9.017016e-01,-5.469699e-01,8.661977e+11
70,0.700000,214,4.787286e+01,-2.358153e+01,2.652256e+00,-1.052669e+00,2.877640e-01,9.312272e-01,9.542347e+11
70,0.700000,215,-5.278155e+00,9.842299e+00,3.214803e+01,-3.185425e+01,-2.797214e+01,1.453895e+01,6.692142e+11
70,0.700000,216,-2.807873e+01,-2.351519e+01,4.945425e+01,-2.024781e-01,-8.870334e-01,-1.442119e+00,9.503643e+11
70,0.700000,217,4.895186e+01,4.576968e+01,1.945513e+01,-1.739420e+00,-5.754355e-01,2.479296e-01,5.880835e+11
70,0.700000,218,4.422582e+01,4.909141e+01,-4.791478e+00,-4.342229e-03,-1.339559e+00,9.528917e-01,3.847918e+11
70,0.700000,219,2.527367e+01,4.684395e+01,-1.697539e+01,-1.196841e+00,-1.003408e+00,-5.060592e-01,5.809256e+10
70,0.700000,220,-4.598894e+01,-1.706358e+01,2.141304e+01,7.291466e-01,7.564784e-01,-6.073774e-01,5.810266e+11
70,0.700000,221,2.290826e+01,-4.755170e+01,2.496072e+00,-1.536514e-01,2.297266e+00,-4.081627e-01,8.357623e+11
70,0.700000,222,1.994674e+01,2.811389e+01,-7.877151e+00,-6.229254e-01,3.926920e-01,1.094579e+00,5.668242e+11
70,0.700000,223,-4.644392e+01,3.397906e+01,4.380036e+01,1.767233e+00,7.863249e-03,-1.262227e+00,1.300490e+10
70,0.700000,224,-9.799477e+00,-7.251077e+00,-4.443004e+01,-4.543732e-01,9.254466e-01,1.779318e+00,7.054687e+11
70,0.700000,225,-1.547546e+01,-2.117185e+00,-2.177260e+01,-7.490059e-01,3.176905e-01,1.086372e+00,8.011655e+11
70,0.700000,226,-2.823791e+00,-4.689636e+01,1.294501e+01,-4.937654e-01,1.952641e+00,-1.268642e+00,8.165855e+11
70,0.700000,227,7.953086e+00,4.174787e+01,-1.235659e+01,-2.775169e-01,-8.375419e-01,-6.705714e-02,4.043790e+11
70,0.700000,228,6.790913e+00,8.803932e+00,-9.817815e+00,5.007319e-01,-1.051564e+00,3.318868e-01,4.169450e+11
70,0.700000,229,2.657561e+01,-2.785386e+01,-3.861987e+01,-1.216868e+00,9.611150e-01,3.476372e-01,2.019537e+11
70,0.700000,230,-3.031832e+01,-3.008340e+01,4.923856e+01,1.017924e+00,7.674667e-01,-6.222039e-01,8.436178e+11
70,0.700000,231,-4.654268e+01,1.775731e+01,1.528550e+01,1.626973e+00,-1.992981e-01,-1.299175e+00,2.298081e+11
70,0.700000,232,-1.446171e+01,-1.429650e+01,1.161033e+01,8.289699e-01,1.896607e+00,-1.471648e+00,8.874148e+11
70,0.700000,233,4.595809e+01,-2.351860e+00,-2.027071e+01,-8.596100e-01,5.747266e-01,1.529835e-01,8.483677e+11
70,0.700000,234,-1.084852e+01,2.994203e+01,-4.601227e+01,-1.704177e-02,-1.453267e+00,4.258100e-01,2.613357e+11
70,0.700000,235,-2.734540e+01,1.583619e+01,-4.007609e+01,-2.358344e-01,-6.540465e-01,1.379492e+00,8.713483e+11
70,0.700000,236,4.296170e+01,2.829217e+01,-4.053732e+01,-1.701607e+00,-1.397389e+00,1.026777e+00,2.116644e+11
70,0.700000,237,-4.195532e+01,2.316086e+01,-4.099949e+01,-2.947003e-01,-9.283467e-01,2.285378e-01,7.746932e+11
70,0.700000,238,3.998616e+01,2.976147e+01,1.205248e+01,-1.328137e+00,-5.319503e-01,4.113504e-01,8.810636e+11
70,0.700000,239,1.064497e+01,1.926568e+01,-3.663488e+01,5.013807e-01,-3.324474e-01,4.780007e-01,1.004027e+11
70,0.700000,240,1.919901e+01,4.826508e+01,4.567052e+01,1.478520e-02,-3.457226e-01,-1.756790e+00,9.116202e+11
70,0.700000,241,4.098620e+01,2.655426e+01,-3.877153e+01,2.616547e-01,-1.728144e-01,-6.626871e-01,4.283024e+10
70,0.700000,242,2.090840e+01,9.074903e+00,3.041324e+01,-2.968947e-01,-3.321565e-01,-6.666499e-01,9.072775e+11
70,0.700000,243,4.912741e+01,-4.123182e+01,2.883669e+01,-4.980422e-01,1.073105e+00,4.045573e-01,4.341739e+11
70,0.700000,244,-3.638825e+01,-3.520493e+01,1.903593e+00,1.444197e+00,-2.113366e-01,-3.778356e-01,4.543657e+11
70,0.700000,245,4.016390e+01,3.298456e+00,-1.407056e+01,-1.752661e-01,-5.102650e-01,-1.146456e-01,8.009739e+11
70,0.700000,246,2.997896e+01,1.760524e+01,3.320547e+01,-5.096889e-01,-8.834051e-01,-3.093864e-01,1.308197e+11
70,0.700000,247,1.608191e+01,-4.387575e+01,-4.683716e+01,1.391818e-01,-4.572130e-02,1.212730e+00,2.556454e+11
70,0.700000,248,4.207464e+01,2.369876e+01,1.739235e+01,-2.059352e+00,6.530789e-01,-9.167659e-01,8.834856e+11
70,0.700000,249,-4.786553e+01,1.751497e+01,-1.675180e+01,2.180538e+00,-7.664740e-01,3.716976e-01,7.283284e+11
70,0.700000,250,1.085143e+00,-3.311493e+01,2.343856e+00,-6.040954e-01,1.637697e+00,-3.270932e-01,8.248778e+11
70,0.700000,251,-3.836710e+01,4.896169e+01,4.473003e+01,1.168511e+00,-1.823459e+00,2.888413e-01,4.309947e+11
70,0.700000,252,-2.970362e+01,2.869684e+01,1.716661e+01,-1.704118e-02,-6.877077e-01,-6.712210e-01,1.966599e+11
70,0.700000,253,-9.460133e+00,4.452967e+00,-4.275155e+01,-6.131319e-01,-4.685325e-01,1.106201e+00,3.463172e+11
70,0.700000,254,-6.131696e+00,-4.071433e+01,-4.329729e+01,6.974031e-01,5.204783e-01,7.892726e-01,2.690759e+11
70,0.700000,255,-4.001682e+01,4.478222e+01,-4.173363e+01,7.074479e-02,-1.193731e-01,-2.908363e-01,9.874949e+11
80,0.800000,0,-3.213524e+01,-1.023036e+01,-3.364598e+01,6.870155e-01,-1.056153e-01,-6.358289e-01,2.829088e+11
80,0.800000,1,-5.209946e+01,-2.137689e+01,-3.018760e+01,-3.826371e+01,-1.590481e+01,-3.945721e+01,2.097202e+11
80,0.800000,2,-4.559026e+01,-1.591281e+01,1.514008e+01,6.725749e-01,-5.831129e-01,1.132770e+00,6.588644e+11
80,0.800000,3,2.473597e+00,3.586940e-01,4.085572e+01,-8.281389e-01,-3.714386e-01,-2.657068e+00,7.227295e+11
80,0.800000,4,1.384273e+01,3.762258e+01,-8.679283e+00,-1.645205e-01,-1.856126e+00,4.145561e-01,3.777169e+10
80,0.800000,5,-1.581699e+01,1.362891e+01,-1.947001e+01,-9.751195e-02,8.397743e-01,6.336824e-01,7.603737e+11
80,0.800000,6,-3.242771e+01,2.921445e+01,4.566005e+01,3.089640e-01,-1.252865e+00,-1.741867e+00,3.760901e+11
80,0.800000,7,-3.310288e+01,-7.873759e-01,-4.682132e+01,-8.051002e-01,2.143505e+00,2.352575e+00,8.865707e+11
80,0.800000,8,-3.854096e+01,4.997860e+01,1.011123e+01,1.361745e+00,-3.511724e-01,-1.152514e+00,5.686733e+11
80,0.800000,9,-3.375663e+01,9.329523e+00,9.528307e+00,1.019994e+00,-8.394610e-01,6.644483e-01,8.941096e+11
80,0.800000,10,-3.154207e+01,-2.827462e+00,1.541984e+01,1.222079e+00,5.144487e-02,1.430007e+00,5.834609e+11
80,0.800000,11,-9.182550e+00,-2.799702e+01,4.499382e+01,-3.870482e-01,6.005459e-01,-4.823412e-01,2.829535e+11
80,0.800000,12,1.972447e+01,4.161974e+01,-3.348798e+01,2.352356e-01,-2.872580e-01,1.448758e+00,5.592508e+11
80,0.800000,13,2.966317e+01,2.816283e+01,-3.773942e+01,4.191630e-01,-8.890462e-01,1.310203e+00,4.625995e+11
80,0.800000,14,1.093839e+01,1.039865e+01,-1.519972e+01,-3.015794e-01,-9.453027e-01,-1.156622e-01,1.590002e+11
80,0.800000,15,-1.592157e+01,1.115681e+01,2.279599e+01,-5.429972e+00,-1.059316e+00,-1.289520e+00,3.424411e+11
80,0.800000,16,3.014992e+00,1.529645e+01,1.130667e+01,-1.264714e+00,-1.762065e-01,2.422374e-01,4.540015e+10
80,0.800000,17,-2.040960e+00,3.772532e+00,9.270198e+00,-9.214579e-01,-3.449795e-01,6.572272e-01,2.383601e+11
80,0.800000,18,1.996196e+01,-8.143203e+00,1.837429e+01,-1.297157e+00,-3.586330e-01,-1.112822e+00,1.124069e+11
80,0.800000,19,-3.907523e+01,-4.572765e+01,-2.415172e+01,2.848182e-01,1.414299e+00,1.298030e+00,2.228659e+11
80,0.800000,20,-2.328415e+00,1.605064e+01,4.834943e+00,-1.196445e+00,-6.247938e-01,-5.552250e-01,2.517453e+11
80,0.800000,21,3.796137e+01,4.251518e+01,-2.277713e+01,-1.905165e+00,-5.981900e+00,-7.702934e+00,6.459795e+11
80,0.800000,22,2.951759e+01,7.675397e+00,3.711951e+01,-9.742204e-01,-7.127476e-01,-1.045870e+00,8.138987e+11
80,0.800000,23,-4.694359e+01,9.949187e+00,4.114727e+01,9.626972e-01,-1.408112e-03,-1.322486e+00,6.005106e+11
80,0.800000,24,-2.079877e+01,-3.421041e+01,3.090511e+01,7.854902e-01,1.747685e+00,-9.336050e-01,7.874010e+11
80,0.800000,25,-3.723958e+01,2.864912e+00,-4.716146e+01,-8.411554e-01,2.579449e+00,-2.976797e-01,3.871927e+11
80,0.800000,26,4.346259e+01,-3.185507e+01,-4.724140e+01,1.471193e-04,2.626464e-01,1.285758e+00,2.386911e+11
80,0.800000,27,2.631355e+01,-4.522582e+00,-4.507694e+01,2.978451e-01,-4.162742e-01,2.173121e+00,9.310274e+11
80,0.800000,28,1.972470e+01,-3.722280e+01,2.617716e+00,3.961307e-01,3.627467e-01,9.004249e-03,7.567738e+11
80,0.800000,29,-4.026465e+01,1.970025e+01,3.989140e+00,8.990481e-01,-1.241143e+00,2.537739e-02,2.502779e+11
80,0.800000,30,1.840140e+01,3.723406e+01,1.239507e+01,-6.392302e-01,-2.128256e+00,-1.711268e-01,3.558971e+11
80,0.800000,31,3.167761e+01,4.007071e+00,8.126882e+00,-9.299060e-01,-7.621393e-01,1.935503e-01,3.774633e+11
80,0.800000,32,-4.382367e+01,8.419490e+00,-1.953272e+01,1.701473e+00,7.364029e-01,9.253300e-01,7.384179e+11
80,0.800000,33,4.853243e+01,-3.284265e+01,-1.315733e+00,-1.884917e+00,1.735198e+00,-6.797339e-01,3.220288e+11
80,0.800000,34,-4.011024e+01,9.830667e+00,5.593132e+00,2.640587e+00,-1.369812e-01,-3.299161e-01,4.018701e+11
80,0.800000,35,3.303162e+00,3.265496e+01,2.420451e+01,-8.651520e-01,-8.107454e-01,-1.228416e+00,9.340962e+11
80,0.800000,36,-1.263966e+01,4.444459e+01,-1.926706e+01,3.100215e-01,-2.345932e+00,1.147631e+00,1.906360e+11
80,0.800000,37,-2.602813e+01,-6.341394e+00,4.155063e+01,4.602483e-02,8.733479e-01,-1.164870e+00,3.256788e+11
80,0.800000,38,-3.278779e+00,-6.440442e+00,1.305893e+01,-6.380458e-01,-2.773352e-01,-1.100087e+00,3.445997e+11
80,0.800000,39,9.272079e-01,-1.272450e+01,2.319382e+01,-1.327062e+00,2.034524e-01,-8.815512e-01,4.087622e+11
80,0.800000,40,7.680888e+00,3.061360e+01,-1.612295e+01,2.561159e-01,2.431928e-01,9.876891e-01,3.846115e+11
80,0.800000,41,-2.140499e+01,-2.490069e+01,6.044793e+00,6.220383e-01,1.651374e+00,-1.495939e-01,7.591800e+11
80,0.800000,42,-2.148564e+01,3.840820e+01,-4.196789e+01,8.723244e-01,-1.307067e+00,1.919507e+00,3.182194e+11
80,0.800000,43,-1.327380e+01,3.973311e+01,1.480646e+01,1.833033e+00,-1.667677e+00,-3.939729e-01,9.256596e+11
80,0.800000,44,-2.734929e+00,3.617339e+01,-1.696777e+01,-1.469654e+00,-5.244823e-01,9.748234e-01,9.996974e+11
80,0.800000,45,-7.804492e+00,-1.935726e+01,-1.169336e+01,2.900553e-01,8.380671e-01,1.686438e+00,2.379984e+11
80,0.800000,46,-2.657984e+01,-8.233568e+00,4.800546e+01,5.427788e-01,2.032972e-01,-2.605451e+00,2.734147e+11
80,0.800000,47,1.335514e+01,2.729350e+01,7.417621e+00,3.639412e-01,-3.486054e-02,-1.067506e+00,8.700814e+11
80,0.800000,48,4.456692e+01,1.106431e+01,2.894899e+01,-1.525928e+00,4.524706e-01,-1.330325e+00,4.835107e+11
80,0.800000,49,-3.583929e+01,2.801254e+01,-1.969232e+00,1.286537e+00,-1.752310e+00,4.502621e-01,2.716077e+11
80,0.800000,50,1.432584e+01,2.916435e+01,-5.162288e-01,3.055331e-02,-1.101660e+00,1.863949e-01,3.963026e+11
80,0.800000,51,1.364156e+00,4.306297e+00,1.530348e+01,-1.731847e+00,-2.275004e-01,-1.080776e+00,1.509222e+11
80,0.800000,52,4.920822e+01,-4.214826e+00,-4.845401e+01,-8.360965e-02,-4.217649e-01,1.546710e+00,3.723058e+11
80,0.800000,53,4.314072e+00,4.256493e+01,3.403880e+01,8.782660e-02,-6.705580e-01,-1.566117e+00,2.478318e+11
80,0.800000,54,2.988563e+01,-3.165785e+01,9.203631e-01,-1.195092e+00,1.586198e+00,1.357462e+00,3.248177e+11
80,0.800000,55,-3.085904e+01,-2.335551e+00,2.048767e+01,2.082748e+00,-1.037380e+00,-1.397834e+00,8.557808e+11
80,0.800000,56,-1.604703e+01,9.429424e+00,4.881830e+01,-6.484606e-01,-1.046616e+00,-3.247961e+00,2.788510e+11
80,0.800000,57,-3.672870e+01,3.125963e+01,1.368475e+01,1.586840e+00,-4.588950e-01,-3.009817e-01,3.585567e+11
80,0.800000,58,-5.359869e+00,3.108408e+01,8.591179e+00,-1.538681e+00,2.778778e+00,-2.506639e+00,6.979965e+11
80,0.800000,59,4.517054e+01,-4.039413e+01,-4.842945e+01,-1.267844e+00,-5.308701e-02,9.233276e-01,8.485814e+11
80,0.800000,60,1.049854e+01,-4.089522e+01,2.025719e+01,9.389687e-01,2.376485e+00,2.352581e-01,2.821165e+11
80,0.800000,61,2.432046e+01,2.060093e+01,4.380755e+00,-3.181228e-01,5.887798e-02,-6.768287e-01,5.468506e+11
80,0.800000,62,-2.397440e+01,1.638186e+01,3.920920e+01,1.132127e+00,-9.120757e-01,-1.092882e+00,9.594888e+11
80,0.800000,63,-4.912392e+00,8.418328e+00,1.547133e+01,-4.536025e-01,8.693486e-03,1.713830e-02,5.544898e+11
80,0.800000,64,-2.395919e+01,-1.111537e+01,-1.052212e+01,1.588270e+00,4.261850e-01,-3.280828e-01,8.019865e+11
80,0.800000,65,-3.387781e+01,2.944934e+01,-4.219770e+01,1.040278e+00,-9.742464e-01,1.325732e+00,7.734167e+11
80,0.800000,66,-4.779039e+01,3.036179e+01,-1.887058e+01,1.121887e+00,-7.471358e-01,-4.662840e-01,9.853652e+11
80,0.800000,67,4.372719e+01,1.935643e+01,4.428923e+01,-1.531752e+00,2.332277e-02,-8.842252e-01,8.028133e+11
80,0.800000,68,4.529604e+01,-2.322161e+01,-1.464203e+01,-1.512566e+00,9.323952e-01,8.828635e-01,7.934820e+10
80,0.800000,69,-3.708959e+01,3.451425e+01,3.733917e+01,1.406854e+00,-8.181461e-01,7.977910e-01,1.927672e+11
80,0.800000,70,-3.552068e+01,6.524941e+00,4.512039e+01,5.299055e-01,-1.950763e-01,-1.793697e+00,4.491464e+11
80,0.800000,71,3.430894e+01,-2.483043e+00,-7.242924e+00,-2.187719e-01,-2.064651e-01,-3.594538e-01,1.844075e+11
80,0.800000,72,-5.140166e+00,4.674779e+01,4.733840e+01,-1.060527e-01,-1.432819e+00,-1.447486e+00,6.230759e+11
80,0.800000,73,3.845978e+01,-4.192359e+01,1.887539e+01,-1.786631e+00,1.701448e+00,-3.935173e-01,3.089408e+11
80,0.800000,74,6.476389e+00,1.290204e-01,-1.316422e+00,-3.563035e-01,-6.077241e-01,2.508910e-01,8.766608e+11
80,0.800000,75,-6.074526e+00,2.088252e+01,-1.776537e+01,-8.526747e-01,-6.874386e-01,1.167940e+00,7.678745e+10
80,0.800000,76,-1.376958e+01,-3.797812e+01,-2.573190e+01,6.857067e-01,4.377894e-01,5.896728e-02,2.230406e+11
80,0.800000,77,-1.727843e+01,5.065971e+00,3.329726e+01,-3.420169e-01,8.742047e-01,-7.719847e-01,2.440442e+11
80,0.800000,78,4.213271e+00,-4.126015e+01,3.484959e+00,-1.150161e+00,1.933095e+00,-7.956906e-01,8.221462e+11
80,0.800000,79,1.528675e+01,-3.462390e+00,1.911285e+01,-1.645228e+00,-2.972250e-01,-1.339137e+00,3.900119e+11
80,0.800000,80,-1.305993e+01,2.650288e+01,-4.756518e+00,7.104106e-01,4.727500e-01,1.774252e-01,5.402214e+11
80,0.800000,81,4.723576e+01,4.141696e+01,2.498679e+01,-1.304972e+00,-6.161577e-01,-6.136833e-01,5.286885e+11
80,0.800000,82,-4.095960e+01,-3.919405e+01,2.582559e+01,8.895153e-01,1.348419e-01,-6.338529e-01,7.472876e+11
80,0.800000,83,2.770645e+01,-1.731827e+01,6.321377e+00,-1.082896e+00,1.001999e+00,-4.520517e-01,5.415227e+11
80,0.800000,84,4.666974e+01,-2.271303e+01,4.183877e+01,-1.124512e+00,-4.521821e-01,-9.120699e-01,7.278607e+10
80,0.800000,85,4.227121e+01,-4.272629e+01,9.757407e+00,-2.372163e-01,1.890471e+00,-4.094006e-01,2.101516e+11
80,0.800000,86,2.077500e+00,5.427967e+01,3.034655e+01,4.296461e+02,6.486162e+02,4.647318e+02,1.770065e+11
80,0.800000,87,-2.678981e+01,2.805431e+01,4.111288e+01,-1.051668e+00,-1.507849e+00,-1.089565e+00,4.584131e+11
80,0.800000,88,3.990962e+01,2.425394e+01,4.853728e+01,-1.218379e+00,2.792758e+00,-3.249400e+00,2.139438e+11
80,0.800000,89,-4.447632e+01,-2.090524e+01,-2.291700e+01,3.526268e-01,5.008111e+00,3.368986e-01,8.734297e+11
80,0.800000,90,-1.645043e+01,-2.833111e+01,-4.223429e+01,1.079821e+00,-6.075250e-02,1.049414e+00,3.202339e+11
80,0.800000,91,-3.010205e+01,-2.150498e+01,-1.830815e+00,1.004633e+00,-1.055780e-01,3.098543e-02,4.545050e+11
80,0.800000,92,-3.215953e+01,3.719974e+01,4.033255e+01,-3.645126e-01,-1.214127e+00,-8.379166e-02,9.503059e+11
80,0.800000,93,1.292338e+01,2.980320e+01,-3.426241e+01,8.768336e-02,-1.320073e+00,9.209429e-01,6.596846e+11
80,0.800000,94,-6.348233e+00,-2.049387e+01,2.870314e+00,4.246316e-01,6.738892e-01,-3.294719e-02,5.500911e+11
80,0.800000,95,1.661702e+01,-9.323952e+00,3.553491e+01,-1.453213e-01,1.415616e+00,-1.447245e+00,3.026058e+11
80,0.800000,96,2.643861e+01,2.363246e+01,2.446635e+01,3.089684e-01,-2.814937e-01,-2.342652e-01,3.306763e+10
80,0.800000,97,-2.717344e+01,3.790285e+00,4.661410e+01,1.506446e+00,1.390142e-01,-2.715344e+00,5.383162e+11
80,0.800000,98,-7.258501e+00,5.699504e+00,-3.065461e+01,1.951095e-01,7.374167e-01,1.325819e+00,6.307300e+11
80,0.800000,99,-1.441138e+01,-1.752627e+01,-3.295496e+01,-9.340947e-01,1.413033e+00,-1.383181e-01,8.880208e+11
80,0.800000,100,-9.016781e+00,-1.301802e+01,-3.126472e+01,-1.530834e+00,-5.092515e-01,1.553315e+00,1.278201e+11
80,0.800000,101,2.224408e+01,7.074947e+00,-3.589725e+01,6.557531e-01,-6.010860e-01,1.156031e-01,7.974176e+11
80,0.800000,102,-7.621593e+02,-6.633712e+01,-3.949952e+02,-2.261058e+03,-1.210586e+02,-1.128890e+03,7.407900e+11
80,0.800000,103,1.407220e+01,-2.604437e+01,-1.332602e+01,-1.746759e+00,1.041015e+00,7.038288e-01,4.027040e+10
80,0.800000,104,-2.153327e+01,7.351346e+00,4.114819e+01,7.383656e-01,1.287295e+00,-2.180533e+00,8.740655e+11
80,0.800000,105,-4.462521e+01,-4.708089e+01,4.874096e+01,1.069170e+00,9.247469e-01,-1.456338e+00,7.159539e+11
80,0.800000,106,2.081546e+01,-2.495895e+01,1.178332e+00,-1.336624e+00,4.471155e-01,9.975348e-01,5.211885e+10
80,0.800000,107,-2.034617e+01,-1.410421e+01,2.757866e+01,1.220667e+00,1.083952e+00,-1.744700e+00,9.450611e+11
80,0.800000,108,-3.465791e+01,1.808994e+01,4.749263e+01,8.929879e-01,-8.513315e-01,-8.480121e-01,1.395692e+11
80,0.800000,109,-3.072004e+01,4.864075e+01,-4.901391e+01,-2.978090e-01,-2.055781e+00,2.093747e+00,2.465284e+10
80,0.800000,110,1.185179e+01,-3.701430e+01,2.234962e+01,-2.723856e-01,3.560486e-01,-1.663270e+00,5.016133e+11
80,0.800000,111,3.684158e+01,-4.246989e+01,3.805704e+00,-1.600846e+00,8.683456e-01,-1.752064e-01,1.128641e+11
80,0.800000,112,-4.743997e+01,-3.609469e+00,-4.538884e+01,1.482318e+00,-2.080198e-01,-1.972972e-01,6.139056e+11
80,0.800000,113,-9.409171e+00,4.180026e+01,2.400946e+01,1.755513e+00,1.889085e-01,-8.739918e-01,8.430211e+11
80,0.800000,114,4.261192e+01,2.419842e+01,3.562254e+01,-9.720096e-01,2.439882e-01,-1.680415e-01,8.809183e+11
80,0.800000,115,-2.513948e+01,3.206945e+01,-1.206000e+01,6.656305e-01,-6.583443e-01,7.205621e-01,2.941500e+11
80,0.800000,116,-1.758150e+01,-2.606361e+01,-1.083415e+01,8.914418e-02,1.636818e+00,5.087789e-01,5.288465e+11
80,0.800000,117,3.466780e+01,-3.704053e+00,-3.617717e+01,-1.315860e+00,3.055250e-01,1.305376e+00,8.504653e+11
80,0.800000,118,-2.114430e+01,1.166810e+01,1.919044e+01,1.157946e+00,-1.118266e+00,6.712889e-01,7.653411e+11
80,0.800000,119,-2.699921e+01,-3.629996e+01,1.380826e+01,4.503148e-01,2.207422e+00,-1.332335e+00,6.036381e+11
80,0.800000,120,3.412756e+01,4.296634e+01,3.837648e+01,-1.444053e+00,-1.694531e+00,-9.923638e-01,5.231914e+11
80,0.800000,121,3.709592e+01,2.138294e+01,-4.577340e+01,-2.707650e-01,-8.953224e-01,5.349615e-01,9.736597e+11
80,0.800000,122,6.161056e+00,-4.451487e+01,3.203455e+01,8.132204e-01,1.305950e+00,-1.015171e+00,7.061728e+10
80,0.800000,123,-4.693434e+01,-4.411669e+01,3.227247e+01,4.823994e-01,3.397531e-01,-6.601143e-01,7.403487e+11
80,0.800000,124,-3.527074e+01,-1.421164e+00,-1.644806e+01,1.993976e+00,1.215168e-01,-3.677508e-01,1.652667e+11
80,0.800000,125,8.826040e+00,-3.169657e-02,1.762087e+01,-7.345760e-01,-3.954483e-01,6.912413e-02,1.897044e+11
80,0.800000,126,-9.891380e+00,3.952973e+01,-3.384266e+01,5.055539e-01,-3.583092e-01,2.351190e+00,8.047768e+11
80,0.800000,127,1.165478e+01,-8.792479e-01,3.632192e+01,-4.254125e-01,4.990057e-01,-7.726931e-01,9.081841e+11
80,0.800000,128,2.406717e+01,-3.422045e+01,1.476977e+01,-1.515685e-01,1.044494e+00,4.027686e-01,8.689551e+11
80,0.800000,129,-4.362957e+01,-2.904944e+01,-4.720689e+01,9.139447e-01,1.150671e+00,1.315963e+00,1.206212e+11
80,0.800000,130,4.238713e+01,-8.128785e+00,-2.063745e+01,-9.333761e-01,1.038723e+00,2.814165e-01,2.887161e+11
80,0.800000,131,-2.398258e+01,-7.006131e+00,-4.094287e+01,6.654467e-01,1.410109e+00,2.202446e+00,5.263974e+11
80,0.800000,132,-3.782705e+00,1.386937e+01,-7.382206e+00,-7.247734e-01,4.701681e-01,-4.957518e-01,9.423521e+10
80,0.800000,133,-6.765910e+00,-4.435541e+01,4.547279e+01,-1.736724e-01,5.863597e-01,6.334719e-02,1.536961e+11
80,0.800000,134,4.710522e+01,1.730553e+01,-2.422113e+01,-5.042077e-01,-1.086576e+00,3.478462e-01,2.294375e+11
80,0.800000,135,-9.200339e+00,4.939709e+01,4.192382e-01,7.720010e-01,-1.998575e+00,3.292354e-01,5.419177e+11
80,0.800000,136,-1.580725e+01,3.376694e+00,-4.380051e+01,7.672130e-01,-4.086646e-01,1.551363e+00,1.817822e+10
80,0.800000,137,4.610668e+01,6.267738e+00,-4.090076e+01,-1.355564e+00,2.922152e-01,-2.755902e-01,8.920030e+11
80,0.800000,138,3.833654e+01,-4.732544e+01,-4.649795e+01,8.018329e-01,1.345698e+00,-1.122563e-01,7.503638e+11
80,0.800000,139,2.912068e+01,3.447378e+01,4.669997e+01,-9.532766e-01,1.503184e-01,-1.182894e+00,8.646032e+11
80,0.800000,140,-2.335471e+01,-4.361946e+01,-9.901809e+00,4.282947e-01,1.582729e+00,3.106441e-01,4.142350e+11
80,0.800000,141,2.688147e+01,4.445487e+01,-8.354247e+00,-3.471202e-01,-1.327064e+00,-7.694418e-02,1.384630e+11
80,0.800000,142,-3.751309e+01,5.037982e+00,-4.785925e+01,1.281355e-01,-3.217695e+00,1.341388e+00,8.593346e+11
80,0.800000,143,-2.210194e+01,-1.510659e+01,1.059258e+01,6.389877e-01,2.461978e-01,-6.557309e-02,2.810386e+11
80,0.800000,144,-4.662307e+01,-4.534677e+01,-3.614712e+01,1.880930e-01,6.837613e-02,6.733453e-01,9.046293e+11
80,0.800000,145,2.031878e+01,4.974127e+01,-1.853047e+01,-4.626498e-01,-6.493355e-01,8.910110e-01,2.135904e+11
80,0.800000,146,9.453420e+02,2.571766e+01,4.574256e+02,2.835962e+03,1.537302e+02,1.415650e+03,5.908249e+11
80,0.800000,147,-1.250074e+01,-8.448824e+00,-5.792171e+00,3.220269e-01,8.348549e-01,-3.608654e-01,7.294669e+11
80,0.800000,148,4.571757e+01,1.267206e+01,-4.998047e+01,-1.192932e-02,2.082290e-01,5.527459e-01,2.958760e+11
80,0.800000,149,2.801563e+01,1.760554e+01,-3.066165e+01,-7.237202e-01,1.590375e-01,4.622069e-01,9.591584e+11
80,0.800000,150,1.118674e+01,-2.656273e+01,-3.340412e+01,-1.287195e+00,7.456522e-01,7.610962e-01,6.523790e+11
80,0.800000,151,-2.310830e+01,3.522769e+01,-2.617946e+01,1.199592e+00,-1.326880e+00,9.601878e-01,2.998021e+11
80,0.800000,152,-4.621313e+01,2.285235e+01,-4.811667e+01,2.347689e+00,-7.095715e-01,6.413117e-01,9.761201e+11
80,0.800000,153,-4.659353e+01,-3.376855e+01,-2.349086e+01,1.546890e+00,1.728805e+00,3.088928e-01,3.043183e+11
80,0.800000,154,6.958157e-02,4.556075e+01,-2.427535e+01,-1.188388e+00,-2.309464e+00,7.567500e-01,1.980969e+11
80,0.800000,155,1.683987e+01,4.205980e+01,3.342322e+01,3.782565e-01,-3.577941e-01,-1.454176e+00,5.758210e+11
80,0.800000,156,-4.542336e+01,2.536657e+01,3.661758e+01,1.299831e+00,-4.317175e-01,1.887723e-01,7.180922e+10
80,0.800000,157,3.430116e+01,3.984865e+01,-4.611936e+01,1.431399e-01,-1.719142e+00,6.293662e-01,6.854936e+11
80,0.800000,158,3.928435e+01,2.573218e+01,4.763222e+01,-1.663884e-01,-1.890878e+00,-1.012289e+00,5.239423e+11
80,0.800000,159,4.144438e+01,1.578126e+01,2.089775e+01,-9.224034e-01,7.042685e-01,-1.683188e-01,5.186390e+11
80,0.800000,160,-1.489110e+01,1.210753e+01,-4.086266e+01,-4.572434e-01,-4.182381e-01,2.109922e+00,4.784774e+11
80,0.800000,161,3.618679e+01,3.334831e+01,3.700065e+00,-5.257154e-01,-3.781101e-01,5.305606e-01,5.785806e+11
80,0.800000,162,2.997067e+01,3.769416e+01,-2.436915e+01,3.782595e-01,-2.441021e-01,3.586584e-01,9.941114e+10
80,0.800000,163,-1.431545e+01,-3.284667e+00,1.039665e+01,-3.744843e-01,-1.748905e+00,-2.692257e+00,8.577661e+11
80,0.800000,164,1.990470e+01,3.643907e+01,-1.292714e+01,-1.719463e+00,-1.057459e+00,4.020923e-01,4.593716e+11
80,0.800000,165,3.660655e+01,-9.604781e+00,4.249378e+01,-4.138849e-01,-4.709998e-03,-1.003681e+00,4.371898e+11
80,0.800000,166,4.749978e+01,-4.567891e+01,-4.946376e+01,-7.195982e-01,2.411781e+00,2.503806e-01,4.708448e+11
80,0.800000,167,5.236251e+00,3.137990e-01,5.176876e+00,9.455442e-02,1.247855e+00,-1.363256e+00,1.916087e+11
80,0.800000,168,-3.951100e+01,-1.455595e+00,-4.596155e+01,2.558758e+00,1.158369e+00,4.593305e-01,8.609500e+11
80,0.800000,169,3.396865e+01,3.633995e+01,-1.890542e+01,-2.563626e-01,-4.686230e-01,-7.415255e-01,4.391972e+11
80,0.800000,170,7.352574e-01,2.034453e+01,3.649596e+01,-5.812261e-01,-4.123233e-01,-7.660874e-01,2.648757e+11
80,0.800000,171,1.453087e+01,-3.646860e+01,2.199408e+01,-3.746355e+00,6.381339e-01,-1.028528e+00,1.221386e+11
80,0.800000,172,1.028449e+01,-5.200563e+00,-2.028025e+01,-2.938839e-01,1.141919e+00,5.545414e-01,5.090612e+11
80,0.800000,173,-2.231772e+01,2.470761e+01,-1.343686e+01,2.512050e-02,1.287644e-01,6.327140e-01,8.248638e+11
80,0.800000,174,3.792959e+01,4.219946e+01,-2.366424e+01,-1.014810e+00,2.756814e+00,6.403004e+00,8.757373e+11
80,0.800000,175,-1.425958e+01,4.856792e+01,-3.630035e+01,-8.576801e-01,-2.665747e+00,1.814234e+00,2.268290e+11
80,0.800000,176,2.554693e+01,-3.639314e+01,-1.655507e+01,-9.297455e-01,1.041751e+00,8.154767e-01,7.121465e+10
80,0.800000,177,6.850149e-01,4.637024e+01,6.921873e+00,8.990009e-02,-1.301179e+00,7.847679e-01,9.024914e+11
80,0.800000,178,-1.741946e+01,1.079389e+01,2.264960e+01,2.248428e+00,6.970540e-01,2.141091e-02,6.000821e+11
80,0.800000,179,-3.535814e+01,-3.974183e+01,-2.767963e+00,4.947974e-01,6.424602e-01,6.971770e-01,5.260173e+11
80,0.800000,180,-2.750985e+01,-3.976913e+00,2.328887e+01,7.761990e-01,1.259439e+00,-2.849398e+00,3.463983e+11
80,0.800000,181,-3.277271e+01,2.024486e+01,-9.461612e+00,1.447309e+00,1.229196e-01,9.410634e-01,4.634361e+11
80,0.800000,182,-1.187423e+01,3.933773e+01,-1.437179e+01,7.745056e-01,-1.882234e+00,-7.920715e-01,9.088163e+11
80,0.800000,183,-4.723047e+01,-4.350881e+01,7.440002e-01,3.838051e-01,4.263952e-01,8.067466e-01,6.832514e+11
80,0.800000,184,-2.354026e+01,7.325844e+00,-2.940206e+01,4.873272e-01,-8.932603e-01,1.457289e+00,4.695276e+11
80,0.800000,185,1.267503e+01,-4.817022e+01,2.999070e+01,1.698664e-01,1.670162e+00,-1.428413e+00,4.734177e+11
80,0.800000,186,-1.152999e+01,-3.278332e+01,4.226329e+01,4.931422e-01,3.445657e-01,-1.299372e+00,4.693188e+11
80,0.800000,187,7.355122e+00,-1.293500e+01,-1.241218e+01,-4.736332e-01,5.887706e-01,1.266197e+00,7.781692e+11
80,0.800000,188,1.055770e+01,3.473574e+01,-4.250981e+00,3.836215e-01,-1.290094e+00,4.407064e-01,3.584676e+11
80,0.800000,189,-1.965253e+00,1.287006e+01,3.043582e+01,2.300349e+01,2.075539e+01,-1.290789e+01,8.817712e+11
80,0.800000,190,-1.669871e+01,3.280028e+01,-1.518261e+01,1.877326e+00,1.735743e-01,1.872404e-01,4.779433e+11
80,0.800000,191,-4.275242e+01,6.520256e+00,4.326520e+01,1.345094e+00,1.507684e+00,-1.591026e+00,2.532071e+11
80,0.800000,192,-1.311098e+01,-3.174919e+01,-4.759986e+01,8.559487e-01,3.377967e-02,1.222742e+00,8.373343e+11
80,0.800000,193,-3.542508e+00,-3.609769e+01,-3.149742e+01,5.967121e-01,1.592371e+00,-3.681130e-01,1.970824e+10
80,0.800000,194,-1.530854e+01,1.223282e+01,3.855537e+01,-1.451691e-01,-7.146954e-01,-1.874686e+00,3.922308e+11
80,0.800000,195,-5.123596e+00,1.228034e+00,3.583975e+01,6.711944e-02,5.611334e-02,-7.510323e-01,1.694456e+11
80,0.800000,196,-4.943322e+01,-3.961981e+01,-9.313138e+00,8.413513e-01,3.784625e-01,2.140367e-01,3.450496e+11
80,0.800000,197,-1.732624e+01,3.996138e+01,-3.253692e+01,1.464722e+00,-2.185592e+00,5.296859e-01,7.104283e+11
80,0.800000,198,2.691334e+01,-1.292525e+01,2.169653e+01,-1.836130e+00,1.571116e+00,-3.777378e-01,7.978440e+11
80,0.800000,199,-5.935291e+00,3.455336e+01,-3.199151e+01,-8.886841e-02,-3.110719e-01,2.006085e-02,4.115004e+11
80,0.800000,200,-6.383826e+00,3.348043e+01,7.281681e+00,8.694279e-01,-1.770523e+00,2.268087e+00,8.110267e+11
80,0.800000,201,-2.711360e+01,-9.818028e+00,-3.528845e+01,2.984619e-01,4.769229e-01,1.248177e-01,3.417566e+11
80,0.800000,202,-1.552537e+01,1.784618e+01,-4.517946e+01,-9.928170e-01,-1.599254e+00,2.260395e+00,2.509985e+11
80,0.800000,203,-4.592804e+01,-1.324349e+01,-4.610094e+01,1.027887e+00,5.378357e-01,4.215445e-01,3.721527e+11
80,0.800000,204,7.018513e+00,-2.397713e+01,2.681631e+01,-1.404078e+00,1.845820e-02,-1.262864e+00,4.547015e+11
80,0.800000,205,-4.399393e+01,-1.861943e+01,-2.205868e+01,1.237483e+01,-1.320148e-02,1.103396e+01,8.183806e+11
80,0.800000,206,-4.771525e+01,2.261171e+01,-3.506062e+01,1.431675e+00,-5.290718e-01,-5.289475e-01,4.964171e+11
80,0.800000,207,-5.538018e+00,4.276258e+01,2.212221e+01,-7.892632e+01,-1.204882e+02,-8.448879e+01,9.770774e+11
80,0.800000,208,3.240539e+00,4.892534e+01,-1.595715e+01,-1.099904e+00,-2.430064e+00,-3.444336e-01,1.297692e+11
80,0.800000,209,-1.450609e+01,-4.356086e+00,7.805859e+00,3.349502e-01,1.838604e+00,3.716252e+00,6.617158e+11
80,0.800000,210,-2.436974e+00,-2.600451e+01,-2.292462e+00,-3.071422e-01,1.868338e+00,9.076613e-01,8.668333e+11
80,0.800000,211,-1.261570e+01,3.230714e+01,-1.460220e+01,-2.097732e-01,6.409596e-01,-6.043245e-01,3.385877e+11
80,0.800000,212,-4.007154e+01,3.656961e+01,-1.896431e+01,9.974593e-01,-6.445937e-01,4.949672e-01,7.466053e+11
80,0.800000,213,-3.798889e+01,2.623937e+01,3.635338e+01,1.288130e+00,-9.501606e-01,-6.048408e-01,8.661977e+11
80,0.800000,214,4.781642e+01,-2.356599e+01,2.698516e+00,-1.191154e+00,3.295377e-01,9.202225e-01,9.542347e+11
80,0.800000,215,-6.865545e+00,8.449187e+00,3.286797e+01,-3.171158e+01,-2.781765e+01,1.430898e+01,6.692142e+11
80,0.800000,216,-2.808824e+01,-2.356040e+01,4.937806e+01,-1.800924e-01,-9.188093e-01,-1.590793e+00,9.503643e+11
80,0.800000,217,4.886110e+01,4.573683e+01,1.946805e+01,-1.877243e+00,-7.240986e-01,2.670917e-01,5.880835e+11
80,0.800000,218,4.422226e+01,4.902108e+01,-4.743775e+00,-1.262419e-01,-1.461400e+00,9.550742e-01,3.847918e+11
80,0.800000,219,2.521133e+01,4.678914e+01,-1.699992e+01,-1.287623e+00,-1.172063e+00,-4.777650e-01,5.809256e+10
80,0.800000,220,-4.594771e+01,-1.702355e+01,2.137836e+01,9.030265e-01,8.367025e-01,-7.647122e-01,5.810266e+11
80,0.800000,221,2.289822e+01,-4.743149e+01,2.476294e+00,-2.396768e-01,2.491857e+00,-3.851852e-01,8.357623e+11
80,0.800000,222,1.991196e+01,2.813290e+01,-7.820958e+00,-7.551711e-01,3.700831e-01,1.147874e+00,5.668242e+11
80,0.800000,223,-4.635079e+01,3.397703e+01,4.373406e+01,1.940669e+00,-8.056782e-02,-1.378185e+00,1.300490e+10
80,0.800000,224,-9.823564e+00,-7.203104e+00,-4.433617e+01,-5.041628e-01,9.873500e-01,1.957541e+00,7.054687e+11
80,0.800000,225,-1.551255e+01,-2.099979e+00,-2.171641e+01,-7.356955e-01,3.657370e-01,1.154585e+00,8.011655e+11
80,0.800000,226,-2.847857e+00,-4.679344e+01,1.288014e+01,-4.711109e-01,2.145199e+00,-1.320820e+00,8.165855e+11
80,0.800000,227,7.937243e+00,4.170067e+01,-1.235877e+01,-3.490823e-01,-1.031211e+00,-2.421894e-02,4.043790e+11
80,0.800000,228,6.814200e+00,8.751040e+00,-9.799532e+00,4.370494e-01,-1.062995e+00,3.932938e-01,4.169450e+11
80,0.800000,229,2.651302e+01,-2.780356e+01,-3.860028e+01,-1.280273e+00,1.042807e+00,4.280396e-01,2.019537e+11
80,0.800000,230,-3.026471e+01,-3.003955e+01,4.920395e+01,1.116794e+00,9.672646e-01,-7.495741e-01,8.436178e+11
80,0.800000,231,-4.645576e+01,1.774579e+01,1.521911e+01,1.829460e+00,-2.558187e-01,-1.351465e+00,2.298081e+11
80,0.800000,232,-1.442028e+01,-1.419753e+01,1.153484e+01,8.281000e-01,2.047442e+00,-1.540854e+00,8.874148e+11
80,0.800000,233,4.590989e+01,-2.322352e+00,-2.026172e+01,-1.049664e+00,6.028219e-01,2.018674e-01,8.483677e+11
80,0.800000,234,-1.085012e+01,2.986757e+01,-4.598563e+01,-4.419652e-02,-1.518584e+00,6.204148e-01,2.613357e+11
80,0.800000,235,-2.735620e+01,1.580221e+01,-4.000371e+01,-1.997394e-01,-7.007435e-01,1.503488e+00,8.713483e+11
80,0.800000,236,4.287147e+01,2.821952e+01,-4.048354e+01,-1.889037e+00,-1.499063e+00,1.115505e+00,2.116644e+11
80,0.800000,237,-4.196766e+01,2.311304e+01,-4.098634e+01,-2.076105e-01,-9.793142e-01,2.909287e-01,7.746932e+11
80,0.800000,238,3.991617e+01,2.973185e+01,1.207349e+01,-1.458122e+00,-6.418647e-01,4.277760e-01,8.810636e+11
80,0.800000,239,1.066941e+01,1.924894e+01,-3.660695e+01,4.784995e-01,-3.366451e-01,6.246661e-01,1.004027e+11
80,0.800000,240,1.919883e+01,4.824428e+01,4.557928e+01,-1.869391e-02,-4.734329e-01,-1.880485e+00,9.116202e+11
80,0.800000,241,4.099700e+01,2.654549e+01,-3.880543e+01,1.798412e-01,-1.762063e-01,-6.916031e-01,4.283024e+10
80,0.800000,242,2.089150e+01,9.057859e+00,3.037789e+01,-3.717254e-01,-3.479890e-01,-7.400925e-01,9.072775e+11
80,0.800000,243,4.909980e+01,-4.117614e+01,2.885522e+01,-5.965500e-01,1.146830e+00,3.426807e-01,4.341739e+11
80,0.800000,244,-3.631295e+01,-3.521348e+01,1.883333e+00,1.556466e+00,-1.380818e-01,-4.277027e-01,4.543657e+11
80,0.800000,245,4.015204e+01,3.272498e+00,-1.407658e+01,-2.877731e-01,-5.264786e-01,-1.254783e-01,8.009739e+11
80,0.800000,246,2.995136e+01,1.755942e+01,3.318767e+01,-5.865538e-01,-9.430478e-01,-3.944449e-01,1.308197e+11
80,0.800000,247,1.608823e+01,-4.387544e+01,-4.677426e+01,1.160635e-01,4.864465e-02,1.295014e+00,2.556454e+11
80,0.800000,248,4.196705e+01,2.373112e+01,1.734518e+01,-2.227672e+00,6.424780e-01,-9.654408e-01,8.834856e+11
80,0.800000,249,-4.775119e+01,1.747584e+01,-1.673327e+01,2.374022e+00,-7.960172e-01,3.699029e-01,7.283284e+11
80,0.800000,250,1.053998e+00,-3.302927e+01,2.327441e+00,-6.383914e-01,1.775162e+00,-3.292899e-01,8.248778e+11
80,0.800000,251,-3.830623e+01,4.886679e+01,4.474184e+01,1.257710e+00,-1.959011e+00,1.930713e-01,4.309947e+11
80,0.800000,252,-2.970164e+01,2.865958e+01,1.713156e+01,8.586105e-02,-7.922398e-01,-7.251159e-01,1.966599e+11
80,0.800000,253,-9.492606e+00,4.429863e+00,-4.269112e+01,-6.791937e-01,-4.568551e-01,1.292554e+00,3.463172e+11
80,0.800000,254,-6.097624e+00,-4.068436e+01,-4.325548e+01,6.683449e-01,6.639412e-01,8.746701e-01,2.690759e+11
80,0.800000,255,-4.001076e+01,4.477234e+01,-4.174561e+01,1.622870e-01,-2.613449e-01,-1.976849e-01,9.874949e+11
90,0.900000,0,-3.209644e+01,-1.023279e+01,-3.367681e+01,8.493320e-01,-1.735415e-03,-6.007694e-01,2.829088e+11
90,0.900000,1,-5.400752e+01,-2.217006e+01,-3.215767e+01,-3.808180e+01,-1.583018e+01,-3.935939e+01,2.097202e+11
90,0.900000,2,-4.555191e+01,-1.594068e+01,1.519829e+01,8.446461e-01,-5.364823e-01,1.190198e+00,6.588644e+11
90,0.900000,3,2.431459e+00,3.414628e-01,4.071683e+01,-8.548656e-01,-3.230648e-01,-2.876324e+00,7.227295e+11
90,0.900000,4,1.383187e+01,3.752483e+01,-8.657654e+00,-2.601213e-01,-2.036131e+00,4.473260e-01,3.777169e+10
90,0.900000,5,-1.582144e+01,1.367069e+01,-1.943665e+01,-8.219343e-02,8.323247e-01,6.950068e-01,7.603737e+11
90,0.900000,6,-3.240923e+01,2.914999e+01,4.556610e+01,4.190705e-01,-1.319152e+00,-1.991502e+00,3.760901e+11
90,0.900000,7,-3.314819e+01,-6.761632e-01,-4.669909e+01,-9.907785e-01,2.290624e+00,2.519157e+00,8.865707e+11
90,0.900000,8,-3.846989e+01,4.995719e+01,1.005296e+01,1.470265e+00,-4.917311e-01,-1.176078e+00,5.686733e+11
90,0.900000,9,-3.370208e+01,9.286545e+00,9.561045e+00,1.149469e+00,-8.759120e-01,6.467548e-01,8.941096e+11
90,0.900000,10,-3.147533e+01,-2.823130e+00,1.549646e+01,1.428157e+00,1.154383e-01,1.618019e+00,5.834609e+11
90,0.900000,11,-9.203652e+00,-2.796624e+01,4.496473e+01,-4.505994e-01,6.279320e-01,-6.629808e-01,2.829535e+11
90,0.900000,12,1.973495e+01,4.160154e+01,-3.341237e+01,1.884529e-01,-4.269588e-01,1.563998e+00,5.592508e+11
90,0.900000,13,2.968240e+01,2.811613e+01,-3.767086e+01,3.563390e-01,-9.711165e-01,1.421105e+00,4.625995e+11
90,0.900000,14,1.092030e+01,1.035104e+01,-1.520244e+01,-4.112050e-01,-9.580490e-01,-4.008727e-03,1.590002e+11
90,0.900000,15,-1.624838e+01,1.108932e+01,2.272330e+01,-7.682125e+00,-1.646550e+00,-1.603001e+00,3.424411e+11
90,0.900000,16,2.949262e+00,1.528655e+01,1.131780e+01,-1.355767e+00,-2.158348e-01,2.064561e-01,4.540015e+10
90,0.900000,17,-2.088700e+00,3.755350e+00,9.303916e+00,-9.822230e-01,-3.423532e-01,6.883623e-01,2.383601e+11
90,0.900000,18,1.989403e+01,-8.159137e+00,1.831806e+01,-1.408638e+00,-2.859959e-01,-1.134235e+00,1.124069e+11
90,0.900000,19,-3.905970e+01,-4.565313e+01,-2.408565e+01,3.317318e-01,1.552566e+00,1.340223e+00,2.228659e+11
90,0.900000,20,-2.389010e+00,1.601855e+01,4.807633e+00,-1.224786e+00,-6.556837e-01,-5.385892e-01,2.517453e+11
90,0.900000,21,3.795666e+01,4.311095e+01,-2.446657e+01,4.495882e+00,5.626003e+01,-8.133161e+01,6.459795e+11
90,0.900000,22,2.946548e+01,7.640765e+00,3.706316e+01,-1.097961e+00,-6.762233e-01,-1.193283e+00,8.138987e+11
90,0.900000,23,-4.688955e+01,9.948192e+00,4.107888e+01,1.177793e+00,-3.502946e-02,-1.405009e+00,6.005106e+11
90,0.900000,24,-2.075865e+01,-3.411916e+01,3.085616e+01,8.163467e-01,1.888277e+00,-1.015946e+00,7.874010e+11
90,0.900000,25,-3.728218e+01,3.016416e+00,-4.718014e+01,-8.658405e-01,3.455331e+00,-4.541674e-01,3.871927e+11
90,0.900000,26,4.346094e+01,-3.184285e+01,-4.717546e+01,-5.997684e-02,2.296739e-01,1.345812e+00,2.386911e+11
90,0.900000,27,2.632748e+01,-4.541700e+00,-4.496393e+01,2.629419e-01,-3.545396e-01,2.331663e+00,9.310274e+11
90,0.900000,28,1.974260e+01,-3.720197e+01,2.619316e+00,3.269256e-01,4.608245e-01,5.081675e-02,7.567738e+11
90,0.900000,29,-4.021465e+01,1.963581e+01,3.990036e+00,1.082667e+00,-1.327778e+00,1.189420e-02,2.502779e+11
90,0.900000,30,1.836642e+01,3.712332e+01,1.238482e+01,-7.491995e-01,-2.286220e+00,-2.331628e-01,3.558971e+11
90,0.900000,31,3.162734e+01,3.969787e+00,8.136378e+00,-1.067321e+00,-7.322272e-01,1.869259e-01,3.774633e+11
90,0.900000,32,-4.373448e+01,8.457486e+00,-1.948551e+01,1.851437e+00,7.792958e-01,9.599816e-01,7.384179e+11
90,0.900000,33,4.843455e+01,-3.275243e+01,-1.348732e+00,-2.017205e+00,1.861031e+00,-6.436956e-01,3.220288e+11
90,0.900000,34,-3.997102e+01,9.823478e+00,5.577861e+00,2.902185e+00,-1.493467e-01,-2.850931e-01,4.018701e+11
90,0.900000,35,3.257750e+00,3.261229e+01,2.413987e+01,-9.441368e-01,-8.915496e-01,-1.346647e+00,9.340962e+11
90,0.900000,36,-1.262247e+01,4.431864e+01,-1.920632e+01,3.717282e-01,-2.661379e+00,1.270002e+00,1.906360e+11
90,0.900000,37,-2.602375e+01,-6.295380e+00,4.148903e+01,1.218183e-01,9.588036e-01,-1.286941e+00,3.256788e+11
90,0.900000,38,-3.313433e+00,-6.452081e+00,1.300227e+01,-7.383830e-01,-1.963379e-01,-1.160313e+00,3.445997e+11
90,0.900000,39,8.593554e-01,-1.271155e+01,2.314682e+01,-1.381706e+00,3.044783e-01,-9.881565e-01,4.087622e+11
90,0.900000,40,7.691535e+00,3.062481e+01,-1.607109e+01,1.775526e-01,2.084412e-01,1.077860e+00,3.846115e+11
90,0.900000,41,-2.137193e+01,-2.481365e+01,6.036989e+00,6.933112e-01,1.814216e+00,-1.614198e-01,7.591800e+11
90,0.900000,42,-2.144070e+01,3.833954e+01,-4.186669e+01,9.205802e-01,-1.427243e+00,2.109849e+00,3.182194e+11
90,0.900000,43,-1.317739e+01,3.964521e+01,1.478694e+01,2.022385e+00,-1.845686e+00,-3.738654e-01,9.256596e+11
90,0.900000,44,-2.810647e+00,3.614424e+01,-1.691681e+01,-1.551472e+00,-6.309571e-01,1.055837e+00,9.996974e+11
90,0.900000,45,-7.790638e+00,-1.931235e+01,-1.160584e+01,2.664287e-01,9.475675e-01,1.802748e+00,2.379984e+11
90,0.900000,46,-2.655091e+01,-8.221253e+00,4.786913e+01,6.079471e-01,2.817042e-01,-2.825632e+00,2.734147e+11
90,0.900000,47,1.337119e+01,2.729045e+01,7.362378e+00,2.856812e-01,-8.267271e-02,-1.135637e+00,8.700814e+11
90,0.900000,48,4.448585e+01,1.108870e+01,2.888048e+01,-1.699547e+00,5.165381e-01,-1.402831e+00,4.835107e+11
90,0.900000,49,-3.577088e+01,2.792171e+01,-1.947630e+00,1.435321e+00,-1.869295e+00,4.172161e-01,2.716077e+11
90,0.900000,50,1.432491e+01,2.910751e+01,-5.060332e-01,-5.901156e-02,-1.165708e+00,2.183669e-01,3.963026e+11
90,0.900000,51,1.273933e+00,4.295482e+00,1.524751e+01,-1.864066e+00,-2.068722e-01,-1.151372e+00,1.509222e+11
90,0.900000,52,4.920070e+01,-4.234382e+00,-4.837349e+01,-2.050026e-01,-3.660242e-01,1.662525e+00,3.723058e+11
90,0.900000,53,4.317749e+00,4.252749e+01,3.395666e+01,6.331979e-02,-8.146332e-01,-1.703646e+00,2.478318e+11
90,0.900000,54,2.982213e+01,-3.157640e+01,9.894562e-01,-1.331366e+00,1.663974e+00,1.401794e+00,3.248177e+11
90,0.900000,55,-3.074892e+01,-2.387661e+00,2.041357e+01,2.300767e+00,-1.046020e+00,-1.551482e+00,8.557808e+11
90,0.900000,56,-1.608064e+01,9.376575e+00,4.864784e+01,-6.917538e-01,-1.065593e+00,-3.541771e+00,2.788510e+11
90,0.900000,57,-3.664501e+01,3.123341e+01,1.366880e+01,1.745417e+00,-5.781444e-01,-3.337711e-01,3.585567e+11
90,0.900000,58,-5.443425e+00,3.123686e+01,8.457447e+00,-1.791522e+00,3.309180e+00,-2.817462e+00,6.979965e+11
90,0.900000,59,4.510539e+01,-4.039773e+01,-4.838174e+01,-1.331440e+00,-8.815171e-02,9.794163e-01,8.485814e+11
90,0.900000,60,1.054592e+01,-4.076861e+01,2.026878e+01,9.550013e-01,2.661608e+00,2.295176e-01,2.821165e+11
90,0.900000,61,2.430086e+01,2.060400e+01,4.346779e+00,-4.527660e-01,6.336123e-02,-6.817488e-01,5.468506e+11
90,0.900000,62,-2.391526e+01,1.633309e+01,3.915082e+01,1.224246e+00,-1.027771e+00,-1.229090e+00,9.594888e+11
90,0.900000,63,-4.936002e+00,8.417559e+00,1.547103e+01,-4.874592e-01,-3.479128e-02,-2.541759e-02,5.544898e+11
90,0.900000,64,-2.387681e+01,-1.109233e+01,-1.053685e+01,1.695994e+00,4.893398e-01,-2.672179e-01,8.019865e+11
90,0.900000,65,-3.382493e+01,2.939727e+01,-4.212772e+01,1.071791e+00,-1.096572e+00,1.460148e+00,7.734167e+11
90,0.900000,66,-4.772889e+01,3.032206e+01,-1.889344e+01,1.318783e+00,-8.334835e-01,-4.495868e-01,9.853652e+11
90,0.900000,67,4.364604e+01,1.935934e+01,4.424130e+01,-1.697507e+00,8.703347e-02,-1.019673e+00,8.028133e+11
90,0.900000,68,4.521718e+01,-2.317283e+01,-1.459656e+01,-1.630034e+00,1.011033e+00,9.312249e-01,7.934820e+10
90,0.900000,69,-3.701260e+01,3.446975e+01,3.737886e+01,1.648984e+00,-9.485598e-01,7.905752e-01,1.927672e+11
90,0.900000,70,-3.549011e+01,6.515496e+00,4.502606e+01,6.782319e-01,-1.837308e-01,-1.962902e+00,4.491464e+11
90,0.900000,71,3.429530e+01,-2.491785e+00,-7.261272e+00,-3.169666e-01,-1.489780e-01,-3.731382e-01,1.844075e+11
90,0.900000,72,-5.145184e+00,4.667303e+01,4.726229e+01,-9.600676e-02,-1.546333e+00,-1.582533e+00,6.230759e+11
90,0.900000,73,3.836758e+01,-4.183554e+01,1.885394e+01,-1.891161e+00,1.809840e+00,-4.581795e-01,3.089408e+11
90,0.900000,74,6.455881e+00,9.956534e-02,-1.302539e+00,-4.543600e-01,-5.737595e-01,2.996892e-01,8.766608e+11
90,0.900000,75,-6.118660e+00,2.084795e+01,-1.770468e+01,-9.073505e-01,-6.945197e-01,1.251587e+00,7.678745e+10
90,0.900000,76,-1.373513e+01,-3.795201e+01,-2.572689e+01,6.917341e-01,5.911938e-01,1.338385e-01,2.230406e+11
90,0.900000,77,-1.729448e+01,5.111987e+00,3.325597e+01,-3.015436e-01,9.582307e-01,-8.691123e-01,2.440442e+11
90,0.900000,78,4.154471e+00,-4.115742e+01,3.445806e+00,-1.197202e+00,2.154161e+00,-7.726547e-01,8.221462e+11
90,0.900000,79,1.520155e+01,-3.476018e+00,1.904464e+01,-1.752030e+00,-2.523370e-01,-1.385019e+00,3.900119e+11
90,0.900000,80,-1.302351e+01,2.652550e+01,-4.748322e+00,7.431496e-01,4.359007e-01,1.533815e-01,5.402214e+11
90,0.900000,81,4.716732e+01,4.138432e+01,2.495336e+01,-1.420645e+00,-6.827041e-01,-7.135653e-01,5.286885e+11
90,0.900000,82,-4.091300e+01,-3.918468e+01,2.579309e+01,9.667868e-01,2.304295e-01,-6.630982e-01,7.472876e+11
90,0.900000,83,2.764900e+01,-1.726670e+01,6.298891e+00,-1.203313e+00,1.055593e+00,-4.478286e-01,5.415227e+11
90,0.900000,84,4.661076e+01,-2.273401e+01,4.179091e+01,-1.224444e+00,-3.929060e-01,-9.943283e-01,7.278607e+10
90,0.900000,85,4.225577e+01,-4.262859e+01,9.736555e+00,-3.674131e-01,2.005987e+00,-4.232972e-01,2.101516e+11
90,0.900000,86,2.355929e+01,8.670638e+01,5.358128e+01,4.296273e+02,6.484866e+02,4.646704e+02,1.770065e+11
90,0.900000,87,-2.684270e+01,2.797642e+01,4.105483e+01,-1.063061e+00,-1.598935e+00,-1.219684e+00,4.584131e+11
90,0.900000,88,3.983628e+01,2.441643e+01,4.835364e+01,-1.696557e+00,3.670889e+00,-4.052229e+00,2.139438e+11
90,0.900000,89,-4.444919e+01,-2.063227e+01,-2.288961e+01,7.217103e-01,5.795800e+00,7.369547e-01,8.734297e+11
90,0.900000,90,-1.639469e+01,-2.833194e+01,-4.218032e+01,1.143713e+00,1.939979e-02,1.103736e+00,3.202339e+11
90,0.900000,91,-3.004792e+01,-2.150763e+01,-1.828385e+00,1.146780e+00,-9.808231e-03,6.302318e-02,4.545050e+11
90,0.900000,92,-3.217617e+01,3.713399e+01,4.032529e+01,-3.070956e-01,-1.397910e+00,-1.956680e-01,9.503059e+11
90,0.900000,93,1.292681e+01,2.973551e+01,-3.421266e+01,5.273172e-02,-1.381598e+00,1.055602e+00,6.596846e+11
90,0.900000,94,-6.327333e+00,-2.045797e+01,2.867856e+00,4.126478e-01,7.540396e-01,-6.258026e-02,5.500911e+11
90,0.900000,95,1.660672e+01,-9.249582e+00,3.545866e+01,-2.557215e-01,1.546135e+00,-1.588320e+00,3.026058e+11
90,0.900000,96,2.645210e+01,2.361667e+01,2.445279e+01,2.377838e-01,-3.442235e-01,-3.015463e-01,3.306763e+10
90,0.900000,97,-2.709529e+01,3.798898e+00,4.647149e+01,1.609638e+00,1.995799e-01,-2.964251e+00,5.383162e+11
90,0.900000,98,-7.250585e+00,5.736550e+00,-3.058526e+01,1.281470e-01,7.437971e-01,1.436976e+00,6.307300e+11
90,0.900000,99,-1.445804e+01,-1.745220e+01,-3.295916e+01,-9.324134e-01,1.537572e+00,-3.938505e-02,8.880208e+11
90,0.900000,100,-9.096520e+00,-1.304245e+01,-3.118491e+01,-1.647339e+00,-4.714379e-01,1.630905e+00,1.278201e+11
90,0.900000,101,2.227609e+01,7.045477e+00,-3.588841e+01,6.273976e-01,-5.798950e-01,2.266689e-01,7.974176e+11
90,0.900000,102,-8.752122e+02,-7.239005e+01,-4.514397e+02,-2.261057e+03,-1.210586e+02,-1.128890e+03,7.407900e+11
90,0.900000,103,1.398236e+01,-2.598910e+01,-1.328863e+01,-1.837723e+00,1.158216e+00,7.837191e-01,4.027040e+10
90,0.900000,104,-2.149501e+01,7.417185e+00,4.103428e+01,7.876145e-01,1.340869e+00,-2.358526e+00,8.740655e+11
90,0.900000,105,-4.456992e+01,-4.703214e+01,4.866563e+01,1.135537e+00,1.016034e+00,-1.547543e+00,7.159539e+11
90,0.900000,106,2.074635e+01,-2.493499e+01,1.229364e+00,-1.419697e+00,5.051651e-01,1.039513e+00,5.211885e+10
90,0.900000,107,-2.028397e+01,-1.404685e+01,2.748781e+01,1.263179e+00,1.199082e+00,-1.876387e+00,9.450611e+11
90,0.900000,108,-3.460974e+01,1.804616e+01,4.744452e+01,1.021053e+00,-8.953024e-01,-1.055778e+00,1.395692e+11
90,0.900000,109,-3.073426e+01,4.853415e+01,-4.890537e+01,-2.733209e-01,-2.194178e+00,2.233651e+00,2.465284e+10
90,0.900000,110,1.183913e+01,-3.699455e+01,2.226232e+01,-2.356392e-01,4.270857e-01,-1.814141e+00,5.016133e+11
90,0.900000,111,3.675828e+01,-4.242296e+01,3.797568e+00,-1.719299e+00,9.960286e-01,-1.525304e-01,1.128641e+11
90,0.900000,112,-4.735863e+01,-3.618077e+00,-4.539601e+01,1.744836e+00,-1.426243e-01,-9.912706e-02,6.139056e+11
90,0.900000,113,-9.314894e+00,4.180385e+01,2.395602e+01,1.932363e+00,-4.945658e-02,-1.212037e+00,8.430211e+11
90,0.900000,114,4.255961e+01,2.420890e+01,3.561300e+01,-1.106861e+00,1.814075e-01,-2.091288e-01,8.809183e+11
90,0.900000,115,-2.510134e+01,3.203147e+01,-1.202437e+01,8.426035e-01,-8.429116e-01,7.062281e-01,2.941500e+11
90,0.900000,116,-1.757588e+01,-2.597748e+01,-1.080639e+01,1.314945e-01,1.792917e+00,5.931420e-01,5.288465e+11
90,0.900000,117,3.459913e+01,-3.686877e+00,-3.611004e+01,-1.420423e+00,3.746470e-01,1.373121e+00,8.504653e+11
90,0.900000,118,-2.108011e+01,1.160949e+01,1.922621e+01,1.387836e+00,-1.215695e+00,7.518292e-01,7.653411e+11
90,0.900000,119,-2.697498e+01,-3.618507e+01,1.374036e+01,5.129391e-01,2.371693e+00,-1.379092e+00,6.036381e+11
90,0.900000,120,3.405264e+01,4.287804e+01,3.832499e+01,-1.542860e+00,-1.824384e+00,-1.060356e+00,5.231914e+11
90,0.900000,121,3.707994e+01,2.133730e+01,-4.574256e+01,-3.593022e-01,-9.269946e-01,6.838229e-01,9.736597e+11
90,0.900000,122,6.202144e+00,-4.444624e+01,3.198016e+01,8.287759e-01,1.427292e+00,-1.147211e+00,7.061728e+10
90,0.900000,123,-4.690691e+01,-4.409641e+01,3.223745e+01,6.028729e-01,4.595106e-01,-7.334169e-01,7.403487e+11
90,0.900000,124,-3.516751e+01,-1.414113e+00,-1.646578e+01,2.122394e+00,1.569821e-01,-3.432455e-01,1.652667e+11
90,0.900000,125,8.787152e+00,-5.092647e-02,1.762302e+01,-8.129677e-01,-3.757341e-01,2.167980e-02,1.897044e+11
90,0.900000,126,-9.867628e+00,3.950728e+01,-3.372036e+01,4.498725e-01,-5.235393e-01,2.523608e+00,8.047768e+11
90,0.900000,127,1.163103e+01,-8.529547e-01,3.627928e+01,-5.154086e-01,5.476974e-01,-9.187691e-01,9.081841e+11
90,0.900000,128,2.405645e+01,-3.416560e+01,1.478797e+01,-2.658203e-01,1.139985e+00,3.320431e-01,8.689551e+11
90,0.900000,129,-4.358178e+01,-2.898935e+01,-4.713796e+01,9.902658e-01,1.243705e+00,1.429814e+00,1.206212e+11
90,0.900000,130,4.233845e+01,-8.071951e+00,-2.062205e+01,-1.006382e+00,1.217003e+00,3.296910e-01,2.887161e+11
90,0.900000,131,-2.394962e+01,-6.933721e+00,-4.082822e+01,6.539637e-01,1.479214e+00,2.367173e+00,5.263974e+11
90,0.900000,132,-3.819463e+00,1.389254e+01,-7.405739e+00,-7.438181e-01,4.580894e-01,-4.499734e-01,9.423521e+10
90,0.900000,133,-6.775152e+00,-4.432244e+01,4.547289e+01,-1.939659e-01,7.193742e-01,-4.840083e-02,1.536961e+11
90,0.900000,134,4.707553e+01,1.725025e+01,-2.420288e+01,-6.673912e-01,-1.121019e+00,3.788979e-01,2.294375e+11
90,0.900000,135,-9.160229e+00,4.929070e+01,4.362575e-01,8.265945e-01,-2.234155e+00,3.494369e-01,5.419177e+11
90,0.900000,136,-1.576826e+01,3.357107e+00,-4.371746e+01,7.898976e-01,-3.778938e-01,1.750739e+00,1.817822e+10
90,0.900000,137,4.603497e+01,6.282574e+00,-4.091234e+01,-1.498823e+00,3.004486e-01,-1.953388e-01,8.920030e+11
90,0.900000,138,3.837710e+01,-4.725477e+01,-4.650255e+01,8.190236e-01,1.469073e+00,-7.543914e-02,7.503638e+11
90,0.900000,139,2.907179e+01,3.447949e+01,4.663690e+01,-9.975344e-01,8.443168e-02,-1.325640e+00,8.646032e+11
90,0.900000,140,-2.333257e+01,-4.353556e+01,-9.884882e+00,4.545796e-01,1.756229e+00,3.614173e-01,4.142350e+11
90,0.900000,141,2.686128e+01,4.438389e+01,-8.358408e+00,-4.499897e-01,-1.495446e+00,-8.844021e-02,1.384630e+11
90,0.900000,142,-3.750186e+01,4.858426e+00,-4.778199e+01,3.067953e-01,-3.924307e+00,1.721536e+00,8.593346e+11
90,0.900000,143,-2.206492e+01,-1.509115e+01,1.058848e+01,8.235415e-01,3.602757e-01,-9.561765e-02,2.810386e+11
90,0.900000,144,-4.661165e+01,-4.534044e+01,-3.611141e+01,2.613288e-01,1.742621e-01,7.473759e-01,9.046293e+11
90,0.900000,145,2.029425e+01,4.970347e+01,-1.848445e+01,-5.135979e-01,-8.436335e-01,9.442118e-01,2.135904e+11
90,0.900000,146,1.087140e+03,3.340417e+01,5.282081e+02,2.835961e+03,1.537302e+02,1.415650e+03,5.908249e+11
90,0.900000,147,-1.248464e+01,-8.405977e+00,-5.808323e+00,3.221858e-01,8.750296e-01,-2.920829e-01,7.294669e+11
90,0.900000,148,4.571351e+01,1.268198e+01,-4.994840e+01,-1.379818e-01,1.904054e-01,7.137867e-01,2.958760e+11
90,0.900000,149,2.797707e+01,1.761287e+01,-3.063698e+01,-8.098119e-01,1.364728e-01,5.191453e-01,9.591584e+11
90,0.900000,150,1.112097e+01,-2.652267e+01,-3.336348e+01,-1.338563e+00,8.467103e-01,8.549614e-01,6.523790e+11
90,0.900000,151,-2.304508e+01,3.515837e+01,-2.612932e+01,1.317358e+00,-1.435408e+00,1.037943e+00,2.998021e+11
90,0.900000,152,-4.609104e+01,2.281540e+01,-4.807887e+01,2.518836e+00,-7.632926e-01,8.503329e-01,9.761201e+11
90,0.900000,153,-4.651304e+01,-3.367854e+01,-2.347402e+01,1.661165e+00,1.858209e+00,3.598581e-01,3.043183e+11
90,0.900000,154,8.591196e-03,4.543937e+01,-2.423431e+01,-1.245712e+00,-2.524486e+00,8.736249e-01,1.980969e+11
90,0.900000,155,1.685720e+01,4.203875e+01,3.334851e+01,3.218545e-01,-4.732307e-01,-1.526775e+00,5.758210e+11
90,0.900000,156,-4.535097e+01,2.534354e+01,3.662495e+01,1.569205e+00,-4.843707e-01,1.132361e-01,7.180922e+10
90,0.900000,157,3.430625e+01,3.975979e+01,-4.608435e+01,6.779188e-02,-1.824465e+00,7.581513e-01,6.854936e+11
90,0.900000,158,3.927855e+01,2.562540e+01,4.758277e+01,-6.381506e-02,-2.355349e+00,-9.566840e-01,5.239423e+11
90,0.900000,159,4.139444e+01,1.581831e+01,2.088842e+01,-1.061491e+00,7.708160e-01,-2.016377e-01,5.186390e+11
90,0.900000,160,-1.491486e+01,1.208606e+01,-4.075304e+01,-4.897115e-01,-4.385348e-01,2.259930e+00,4.784774e+11
90,0.900000,161,3.615726e+01,3.332642e+01,3.727956e+00,-6.437636e-01,-4.865881e-01,5.801259e-01,5.785806e+11
90,0.900000,162,2.998978e+01,3.768027e+01,-2.434804e+01,3.855728e-01,-3.054160e-01,4.746591e-01,9.941114e+10
90,0.900000,163,-1.433435e+01,-3.378415e+00,1.024653e+01,-3.823996e-01,-1.987737e+00,-3.283870e+00,8.577661e+11
90,0.900000,164,1.981581e+01,3.638260e+01,-1.290525e+01,-1.825671e+00,-1.188620e+00,4.669989e-01,4.593716e+11
90,0.900000,165,3.658285e+01,-9.603221e+00,4.244040e+01,-5.234160e-01,6.056984e-02,-1.120020e+00,4.371898e+11
90,0.900000,166,4.745903e+01,-4.555263e+01,-4.944850e+01,-8.936611e-01,2.619278e+00,3.505880e-01,4.708448e+11
90,0.900000,167,5.238541e+00,3.769974e-01,5.106032e+00,5.925392e-03,1.276825e+00,-1.461306e+00,1.916087e+11
90,0.900000,168,-3.937579e+01,-1.391615e+00,-4.593663e+01,2.824255e+00,1.380710e+00,5.301147e-01,8.609500e+11
90,0.900000,169,3.395364e+01,3.631676e+01,-1.894341e+01,-3.359492e-01,-4.593830e-01,-7.750480e-01,4.391972e+11
90,0.900000,170,7.044593e-01,2.032084e+01,3.645213e+01,-6.436656e-01,-5.242640e-01,-9.685635e-01,2.648757e+11
90,0.900000,171,1.432920e+01,-3.643683e+01,2.194102e+01,-4.277776e+00,6.294649e-01,-1.086922e+00,1.221386e+11
90,0.900000,172,1.026745e+01,-5.142385e+00,-2.024949e+01,-3.795826e-01,1.181325e+00,6.646550e-01,5.090612e+11
90,0.900000,173,-2.231373e+01,2.471366e+01,-1.340427e+01,1.244141e-01,1.146195e-01,6.676380e-01,8.248638e+11
90,0.900000,174,3.780507e+01,4.167064e+01,-2.237873e+01,-5.991066e+00,-4.339504e+01,6.083334e+01,8.757373e+11
90,0.900000,175,-1.430196e+01,4.842786e+01,-3.620576e+01,-8.390155e-01,-2.912409e+00,1.955589e+00,2.268290e+11
90,0.900000,176,2.549823e+01,-3.633801e+01,-1.651236e+01,-1.010280e+00,1.152659e+00,8.860189e-01,7.121465e+10
90,0.900000,177,6.877461e-01,4.629906e+01,6.960754e+00,2.510857e-02,-1.525272e+00,7.703489e-01,9.024914e+11
90,0.900000,178,-1.727796e+01,1.083556e+01,2.264867e+01,3.441572e+00,9.784311e-01,-4.408782e-02,6.000821e+11
90,0.900000,179,-3.533171e+01,-3.970458e+01,-2.731296e+00,5.562407e-01,8.291763e-01,7.630877e-01,5.260173e+11
90,0.900000,180,-2.747272e+01,-3.910079e+00,2.313871e+01,7.130889e-01,1.400263e+00,-3.131079e+00,3.463983e+11
90,0.900000,181,-3.269651e+01,2.025028e+01,-9.414549e+00,1.586762e+00,9.662662e-02,9.415170e-01,4.634361e+11
90,0.900000,182,-1.183422e+01,3.923689e+01,-1.441129e+01,8.212121e-01,-2.127561e+00,-7.879814e-01,9.088163e+11
90,0.900000,183,-4.720772e+01,-4.348376e+01,7.838661e-01,5.134370e-01,5.621452e-01,7.896169e-01,6.832514e+11
90,0.900000,184,-2.351410e+01,7.281340e+00,-2.932722e+01,5.527066e-01,-8.874633e-01,1.529333e+00,4.695276e+11
90,0.900000,185,1.268207e+01,-4.808240e+01,2.991638e+01,1.168855e-01,1.827127e+00,-1.533886e+00,4.734177e+11
90,0.900000,186,-1.150552e+01,-3.276196e+01,4.219533e+01,4.860342e-01,4.947777e-01,-1.408206e+00,4.693188e+11
90,0.900000,187,7.329144e+00,-1.290299e+01,-1.234701e+01,-5.572275e-01,6.825172e-01,1.333997e+00,7.781692e+11
90,0.900000,188,1.057571e+01,3.466723e+01,-4.228490e+00,3.407770e-01,-1.435907e+00,4.572961e-01,3.584676e+11
90,0.900000,189,-8.177647e-01,1.390565e+01,2.978770e+01,2.291139e+01,2.068141e+01,-1.300929e+01,8.817712e+11
90,0.900000,190,-1.659906e+01,3.280633e+01,-1.517108e+01,2.089271e+00,7.834915e-02,2.664443e-01,4.779433e+11
90,0.900000,191,-4.268156e+01,6.597750e+00,4.318145e+01,1.475922e+00,1.584284e+00,-1.744052e+00,2.532071e+11
90,0.900000,192,-1.306846e+01,-3.174419e+01,-4.753440e+01,8.456806e-01,1.543918e-01,1.380014e+00,8.373343e+11
90,0.900000,193,-3.513524e+00,-3.601429e+01,-3.151378e+01,5.657399e-01,1.730034e+00,-2.938603e-01,1.970824e+10
90,0.900000,194,-1.531769e+01,1.219466e+01,3.845694e+01,-2.145285e-01,-8.045721e-01,-2.045670e+00,3.922308e+11
90,0.900000,195,-5.120689e+00,1.234249e+00,3.579751e+01,4.686967e-02,1.809222e-01,-9.215091e-01,1.694456e+11
90,0.900000,196,-4.938739e+01,-3.959812e+01,-9.301195e+00,9.784574e-01,4.791774e-01,2.592310e-01,3.450496e+11
90,0.900000,197,-1.724975e+01,3.984790e+01,-3.250752e+01,1.583341e+00,-2.338381e+00,6.358252e-01,7.104283e+11
90,0.900000,198,2.681779e+01,-1.284463e+01,2.167560e+01,-1.972243e+00,1.646361e+00,-4.521231e-01,7.978440e+11
90,0.900000,199,-5.942885e+00,3.453791e+01,-3.198707e+01,-2.038156e-01,-3.071770e-01,1.455406e-01,4.115004e+11
90,0.900000,200,-6.334547e+00,3.337650e+01,7.402378e+00,1.087214e+00,-2.352032e+00,2.544740e+00,8.110267e+11
90,0.900000,201,-2.709794e+01,-9.791074e+00,-3.528059e+01,3.253088e-01,5.901446e-01,1.838934e-01,3.417566e+11
90,0.900000,202,-1.557582e+01,1.776378e+01,-4.506036e+01,-1.022212e+00,-1.688103e+00,2.481504e+00,2.509985e+11
90,0.900000,203,-4.587298e+01,-1.321274e+01,-4.607650e+01,1.160901e+00,6.781937e-01,5.438132e-01,3.721527e+11
90,0.900000,204,6.946853e+00,-2.397335e+01,2.674993e+01,-1.457044e+00,1.223767e-01,-1.380643e+00,4.547015e+11
90,0.900000,205,-4.337814e+01,-1.864015e+01,-2.151602e+01,1.224381e+01,-7.072511e-01,1.068856e+01,8.183806e+11
90,0.900000,206,-4.763770e+01,2.258404e+01,-3.508691e+01,1.648802e+00,-5.735996e-01,-5.233725e-01,4.964171e+11
90,0.900000,207,-9.489572e+00,3.673403e+01,1.789846e+01,-7.907699e+01,-1.206035e+02,-8.449562e+01,9.770774e+11
90,0.900000,208,3.184401e+00,4.879707e+01,-1.597287e+01,-1.141616e+00,-2.676486e+00,-2.897168e-01,1.297692e+11
90,0.900000,209,-1.448687e+01,-4.256218e+00,8.012075e+00,4.269659e-01,2.139437e+00,4.494184e+00,6.617158e+11
90,0.900000,210,-2.453400e+00,-2.590782e+01,-2.244567e+00,-3.461463e-01,1.987678e+00,9.990805e-01,8.668333e+11
90,0.900000,211,-1.262966e+01,3.233996e+01,-1.463168e+01,-3.374255e-01,6.698264e-01,-5.773448e-01,3.385877e+11
90,0.900000,212,-4.001910e+01,3.653267e+01,-1.893892e+01,1.091053e+00,-8.160672e-01,5.183870e-01,7.466053e+11
90,0.900000,213,-3.791981e+01,2.619052e+01,3.632154e+01,1.458297e+00,-9.990042e-01,-6.627537e-01,8.661977e+11
90,0.900000,214,4.775304e+01,-2.354837e+01,2.744217e+00,-1.330056e+00,3.713463e-01,9.088635e-01,9.542347e+11
90,0.900000,215,-8.451158e+00,7.059233e+00,3.357900e+01,-3.172090e+01,-2.778861e+01,1.415152e+01,6.692142e+11
90,0.900000,216,-2.809664e+01,-2.360730e+01,4.929444e+01,-1.582058e-01,-9.543465e-01,-1.739133e+00,9.503643e+11
90,0.900000,217,4.876344e+01,4.569651e+01,1.948194e+01,-2.015106e+00,-8.737844e-01,2.866739e-01,5.880835e+11
90,0.900000,218,4.421259e+01,4.894466e+01,-4.695958e+00,-2.483087e-01,-1.583326e+00,9.573597e-01,3.847918e+11
90,0.900000,219,2.514445e+01,4.672591e+01,-1.702303e+01,-1.378747e+00,-1.340615e+00,-4.493895e-01,5.809256e+10
90,0.900000,220,-4.589776e+01,-1.697951e+01,2.133570e+01,1.077665e+00,9.169741e-01,-9.259865e-01,5.810266e+11
90,0.900000,221,2.288386e+01,-4.730152e+01,2.457674e+00,-3.261612e-01,2.687656e+00,-3.619286e-01,8.357623e+11
90,0.900000,222,1.987054e+01,2.815077e+01,-7.762089e+00,-8.887549e-01,3.468613e-01,1.201561e+00,5.668242e+11
90,0.900000,223,-4.624896e+01,3.397055e+01,4.366195e+01,2.115050e+00,-1.697306e-01,-1.494562e+00,1.300490e+10
90,0.900000,224,-9.850150e+00,-7.152026e+00,-4.423338e+01,-5.543425e-01,1.049580e+00,2.136399e+00,7.054687e+11
90,0.900000,225,-1.554896e+01,-2.080372e+00,-2.165679e+01,-7.223645e-01,4.137345e-01,1.223217e+00,8.011655e+11
90,0.900000,226,-2.870789e+00,-4.668086e+01,1.281266e+01,-4.484609e-01,2.338516e+00,-1.373160e+00,8.165855e+11
90,0.900000,227,7.917810e+00,4.164376e+01,-1.235880e+01,-4.211955e-01,-1.225887e+00,1.863174e-02,4.043790e+11
90,0.900000,228,6.834284e+00,8.697575e+00,-9.778173e+00,3.725498e-01,-1.074458e+00,4.550008e-01,4.169450e+11
90,0.900000,229,2.644726e+01,-2.774916e+01,-3.857666e+01,-1.343752e+00,1.124793e+00,5.087623e-01,2.019537e+11
90,0.900000,230,-3.020613e+01,-2.998559e+01,4.916295e+01,1.216582e+00,1.171705e+00,-8.780015e-01,8.436178e+11
90,0.900000,231,-4.635870e+01,1.773144e+01,1.515009e+01,2.033064e+00,-3.126287e-01,-1.403906e+00,2.298081e+11
90,0.900000,232,-1.437891e+01,-1.409096e+01,1.145591e+01,8.271081e-01,2.200685e+00,-1.609368e+00,8.874148e+11
90,0.900000,233,4.585216e+01,-2.291436e+00,-2.025027e+01,-1.240668e+00,6.309907e-01,2.512752e-01,8.483677e+11
90,0.900000,234,-1.085308e+01,2.978984e+01,-4.594924e+01,-7.148857e-02,-1.584054e+00,8.155610e-01,2.613357e+11
90,0.900000,235,-2.736519e+01,1.576588e+01,-3.992512e+01,-1.632724e-01,-7.476164e-01,1.627582e+00,8.713483e+11
90,0.900000,236,4.277181e+01,2.814171e+01,-4.042529e+01,-2.078874e+00,-1.603135e+00,1.205589e+00,2.116644e+11
90,0.900000,237,-4.197565e+01,2.306267e+01,-4.097009e+01,-1.208453e-01,-1.030768e+00,3.527027e-01,7.746932e+11
90,0.900000,238,3.983970e+01,2.969670e+01,1.209536e+01,-1.587731e+00,-7.536983e-01,4.452114e-01,8.810636e+11
90,0.900000,239,1.069271e+01,1.923200e+01,-3.657167e+01,4.555721e-01,-3.406372e-01,7.718832e-01,1.004027e+11
90,0.900000,240,1.919699e+01,4.821712e+01,4.548187e+01,-5.101284e-02,-6.004085e-01,-2.003240e+00,9.116202e+11
90,0.900000,241,4.100394e+01,2.653679e+01,-3.884098e+01,1.065867e-01,-1.707555e-01,-7.283387e-01,4.283024e+10
90,0.900000,242,2.087085e+01,9.040024e+00,3.033886e+01,-4.469181e-01,-3.638380e-01,-8.139523e-01,9.072775e+11
90,0.900000,243,4.906726e+01,-4.111677e+01,2.887065e+01,-6.951280e-01,1.220659e+00,2.807427e-01,4.341739e+11
90,0.900000,244,-3.623204e+01,-3.521838e+01,1.860554e+00,1.668712e+00,-6.537114e-02,-4.785597e-01,4.543657e+11
90,0.900000,245,4.013456e+01,3.245721e+00,-1.408317e+01,-4.003045e-01,-5.430362e-01,-1.369252e-01,8.009739e+11
90,0.900000,246,2.991991e+01,1.751063e+01,3.316559e+01,-6.637428e-01,-1.002960e+00,-4.801020e-01,1.308197e+11
90,0.900000,247,1.609339e+01,-4.387041e+01,-4.670725e+01,9.285482e-02,1.432395e-01,1.377305e+00,2.556454e+11
90,0.900000,248,4.185103e+01,2.376298e+01,1.729553e+01,-2.396181e+00,6.333471e-01,-1.015666e+00,8.834856e+11
90,0.900000,249,-4.762715e+01,1.743521e+01,-1.671482e+01,2.568272e+00,-8.263578e-01,3.680823e-01,7.283284e+11
90,0.900000,250,1.021120e+00,-3.293670e+01,2.310918e+00,-6.733620e-01,1.913605e+00,-3.314043e-01,8.248778e+11
90,0.900000,251,-3.824090e+01,4.876509e+01,4.474885e+01,1.346487e+00,-2.095315e+00,9.680123e-02,4.309947e+11
90,0.900000,252,-2.969447e+01,2.861710e+01,1.709381e+01,1.912199e-01,-8.963868e-01,-7.798191e-01,1.966599e+11
90,0.900000,253,-9.528388e+00,4.407335e+00,-4.262135e+01,-7.455337e-01,-4.454691e-01,1.479468e+00,3.463172e+11
90,0.900000,254,-6.065011e+00,-4.064721e+01,-4.320939e+01,6.390771e-01,8.077824e-01,9.602094e-01,2.690759e+11
90,0.900000,255,-4.000013e+01,4.475537e+01,-4.175293e+01,2.538646e-01,-4.033456e-01,-1.042769e-01,9.874949e+11
100,1.000000,0,-3.204946e+01,-1.022997e+01,-3.370586e+01,1.013944e+00,1.042820e-01,-5.647339e-01,2.829088e+11
100,1.000000,1,-5.590713e+01,-2.295960e+01,-3.412337e+01,-3.792144e+01,-1.575911e+01,-3.927821e+01,2.097202e+11
100,1.000000,2,-4.550493e+01,-1.596621e+01,1.525945e+01,1.017236e+00,-4.891655e-01,1.251087e+00,6.588644e+11
100,1.000000,3,2.387968e+00,3.265719e-01,4.056702e+01,-8.820616e-01,-2.776687e-01,-3.093789e+00,7.227295e+11
100,1.000000,4,1.381624e+01,3.741803e+01,-8.634388e+00,-3.554136e-01,-2.218088e+00,4.800449e-01,3.777169e+10
100,1.000000,5,-1.582513e+01,1.371211e+01,-1.940018e+01,-6.686606e-02,8.252036e-01,7.575831e-01,7.603737e+11
100,1.000000,6,-3.238525e+01,2.908219e+01,4.545960e+01,5.291773e-01,-1.386185e+00,-2.243636e+00,3.760901e+11
100,1.000000,7,-3.320315e+01,-5.575315e-01,-4.656867e+01,-1.190214e+00,2.440152e+00,2.680507e+00,8.865707e+11
100,1.000000,8,-3.839338e+01,4.992869e+01,9.993493e+00,1.579062e+00,-6.342159e-01,-1.200259e+00,5.686733e+11
100,1.000000,9,-3.364100e+01,9.241772e+00,9.592883e+00,1.280846e+00,-9.111901e-01,6.285080e-01,8.941096e+11
100,1.000000,10,-3.139808e+01,-2.815595e+00,1.558286e+01,1.641622e+00,1.795846e-01,1.820470e+00,5.834609e+11
100,1.000000,11,-9.227919e+00,-2.793408e+01,4.492659e+01,-5.136918e-01,6.557342e-01,-8.446737e-01,2.829535e+11
100,1.000000,12,1.974307e+01,4.157634e+01,-3.333101e+01,1.411478e-01,-5.668451e-01,1.678748e+00,5.592508e+11
100,1.000000,13,2.969847e+01,2.806530e+01,-3.759677e+01,2.927113e-01,-1.054049e+00,1.531504e+00,4.625995e+11
100,1.000000,14,1.089671e+01,1.030278e+01,-1.519955e+01,-5.214345e-01,-9.709288e-01,1.084749e-01,1.590002e+11
100,1.000000,15,-1.681374e+01,1.096071e+01,2.263173e+01,-1.818996e+01,-4.343694e+00,-1.960611e+00,3.424411e+11
100,1.000000,16,2.878900e+00,1.527470e+01,1.132715e+01,-1.449907e+00,-2.540101e-01,1.711296e-01,4.540015e+10
100,1.000000,17,-2.139513e+00,3.738338e+00,9.339184e+00,-1.044400e+00,-3.382512e-01,7.191508e-01,2.383601e+11
100,1.000000,18,1.982054e+01,-8.171441e+00,1.826076e+01,-1.519691e+00,-2.134153e-01,-1.155607e+00,1.124069e+11
100,1.000000,19,-3.904181e+01,-4.557170e+01,-2.401748e+01,3.791566e-01,1.690882e+00,1.382725e+00,2.228659e+11
100,1.000000,20,-2.451094e+00,1.598498e+01,4.781202e+00,-1.256231e+00,-6.836498e-01,-5.201905e-01,2.517453e+11
100,1.000000,21,3.817730e+01,4.591471e+01,-2.852318e+01,4.355040e+00,5.598897e+01,-8.106227e+01,6.459795e+11
100,1.000000,22,2.940717e+01,7.607955e+00,3.699943e+01,-1.222304e+00,-6.397944e-01,-1.341483e+00,8.138987e+11
100,1.000000,23,-4.682470e+01,9.945515e+00,4.100635e+01,1.394743e+00,-6.870668e-02,-1.487993e+00,6.005106e+11
100,1.000000,24,-2.071698e+01,-3.402087e+01,3.080309e+01,8.473126e-01,2.029466e+00,-1.098621e+00,7.874010e+11
100,1.000000,25,-3.732727e+01,3.226054e+00,-4.721138e+01,-9.434597e-01,4.933653e+00,-8.108270e-01,3.871927e+11
100,1.000000,26,4.345627e+01,-3.183228e+01,-4.710653e+01,-1.208063e-01,1.964398e-01,1.405601e+00,2.386911e+11
100,1.000000,27,2.633967e+01,-4.557714e+00,-4.484297e+01,2.280282e-01,-2.921504e-01,2.490899e+00,9.310274e+11
100,1.000000,28,1.975705e+01,-3.717624e+01,2.623004e+00,2.579213e-01,5.586569e-01,9.251098e-02,7.567738e+11
100,1.000000,29,-4.015541e+01,1.956704e+01,3.990272e+00,1.268812e+00,-1.414301e+00,-1.075569e-03,2.502779e+11
100,1.000000,30,1.832595e+01,3.700460e+01,1.237139e+01,-8.582514e-01,-2.446806e+00,-2.978775e-01,3.558971e+11
100,1.000000,31,3.157018e+01,3.933997e+00,8.145537e+00,-1.205475e+00,-7.023941e-01,1.800807e-01,3.774633e+11
100,1.000000,32,-4.363777e+01,8.497652e+00,-1.943654e+01,2.002042e+00,8.231229e-01,9.952470e-01,7.384179e+11
100,1.000000,33,4.833004e+01,-3.265591e+01,-1.379906e+00,-2.149761e+00,1.987256e+00,-6.068166e-01,3.220288e+11
100,1.000000,34,-3.981868e+01,9.815672e+00,5.564885e+00,3.165558e+00,-1.616309e-01,-2.383137e-01,4.018701e+11
100,1.000000,35,3.208490e+00,3.256504e+01,2.406922e+01,-1.016982e+00,-9.906919e-01,-1.466963e+00,9.340962e+11
100,1.000000,36,-1.260215e+01,4.417677e+01,-1.913940e+01,4.346944e-01,-2.982411e+00,1.394559e+00,1.906360e+11
100,1.000000,37,-2.601554e+01,-6.245067e+00,4.142131e+01,1.990368e-01,1.045288e+00,-1.409765e+00,3.256788e+11
100,1.000000,38,-3.353162e+00,-6.459667e+00,1.294258e+01,-8.409627e-01,-1.151631e-01,-1.221447e+00,3.445997e+11
100,1.000000,39,7.887460e-01,-1.269355e+01,2.309445e+01,-1.437286e+00,4.056295e-01,-1.095776e+00,4.087622e+11
100,1.000000,40,7.698239e+00,3.063425e+01,-1.601470e+01,9.838401e-02,1.725763e-01,1.168976e+00,3.846115e+11
100,1.000000,41,-2.133530e+01,-2.471844e+01,6.028590e+00,7.648941e-01,1.978044e+00,-1.733456e-01,7.591800e+11
100,1.000000,42,-2.139333e+01,3.826486e+01,-4.175593e+01,9.694444e-01,-1.547953e+00,2.301310e+00,3.182194e+11
100,1.000000,43,-1.307080e+01,3.954430e+01,1.476867e+01,2.196587e+00,-2.154343e+00,-3.814283e-01,9.256596e+11
100,1.000000,44,-2.890559e+00,3.610975e+01,-1.686177e+01,-1.637129e+00,-7.382916e-01,1.137630e+00,9.996974e+11
100,1.000000,45,-7.777974e+00,-1.926194e+01,-1.151248e+01,2.424617e-01,1.057755e+00,1.920045e+00,2.379984e+11
100,1.000000,46,-2.651871e+01,-8.204975e+00,4.772175e+01,6.737797e-01,3.616653e-01,-3.047792e+00,2.734147e+11
100,1.000000,47,1.338328e+01,2.728496e+01,7.303680e+00,2.059287e-01,-1.323991e-01,-1.205673e+00,8.700814e+11
100,1.000000,48,4.439609e+01,1.111628e+01,2.880834e+01,-1.873584e+00,5.805414e-01,-1.475768e+00,4.835107e+11
100,1.000000,49,-3.569496e+01,2.782502e+01,-1.927658e+00,1.586780e+00,-1.986789e+00,3.850922e-01,2.716077e+11
100,1.000000,50,1.431947e+01,2.904744e+01,-4.942200e-01,-1.496423e-01,-1.230565e+00,2.509645e-01,3.963026e+11
100,1.000000,51,1.177059e+00,4.285747e+00,1.518794e+01,-1.997856e+00,-1.844798e-01,-1.224582e+00,1.509222e+11
100,1.000000,52,4.918710e+01,-4.251145e+00,-4.828718e+01,-3.268691e-01,-3.100791e-01,1.778187e+00,3.723058e+11
100,1.000000,53,4.320394e+00,4.248269e+01,3.386787e+01,4.493071e-02,-9.626463e-01,-1.833902e+00,2.478318e+11
100,1.000000,54,2.975180e+01,-3.149107e+01,1.060760e+00,-1.468370e+00,1.741471e+00,1.445901e+00,3.248177e+11
100,1.000000,55,-3.062780e+01,-2.440176e+00,2.033165e+01,2.522493e+00,-1.053616e+00,-1.710206e+00,8.557808e+11
100,1.000000,56,-1.611646e+01,9.322746e+00,4.846256e+01,-7.370707e-01,-1.085817e+00,-3.840421e+00,2.788510e+11
100,1.000000,57,-3.655328e+01,3.120119e+01,1.365120e+01,1.907989e+00,-6.990349e-01,-3.671631e-01,3.585567e+11
100,1.000000,58,-5.542688e+00,3.142225e+01,8.306934e+00,-2.169955e+00,4.080732e+00,-3.181420e+00,6.979965e+11
100,1.000000,59,4.503711e+01,-4.040318e+01,-4.833125e+01,-1.393442e+00,-1.266714e-01,1.034297e+00,8.485814e+11
100,1.000000,60,1.059420e+01,-4.062739e+01,2.028020e+01,9.747324e-01,2.959590e+00,2.283144e-01,2.821165e+11
100,1.000000,61,2.427449e+01,2.060728e+01,4.312550e+00,-5.885296e-01,6.767163e-02,-6.869604e-01,5.468506e+11
100,1.000000,62,-2.385151e+01,1.627842e+01,3.908557e+01,1.316680e+00,-1.147658e+00,-1.367451e+00,9.594888e+11
100,1.000000,63,-4.961329e+00,8.414680e+00,1.546850e+01,-5.224427e-01,-7.581848e-02,-7.222610e-02,5.544898e+11
100,1.000000,64,-2.378905e+01,-1.106611e+01,-1.054853e+01,1.803747e+00,5.532173e-01,-2.059276e-01,8.019865e+11
100,1.000000,65,-3.377047e+01,2.933906e+01,-4.205101e+01,1.103592e+00,-1.219359e+00,1.594731e+00,7.734167e+11
100,1.000000,66,-4.765751e+01,3.027800e+01,-1.891544e+01,1.516663e+00,-9.201391e-01,-4.321604e-01,9.853652e+11
100,1.000000,67,4.355660e+01,1.936548e+01,4.418658e+01,-1.863719e+00,1.521800e-01,-1.155505e+00,8.028133e+11
100,1.000000,68,4.513244e+01,-2.312011e+01,-1.454866e+01,-1.747871e+00,1.089800e+00,9.796762e-01,7.934820e+10
100,1.000000,69,-3.692340e+01,3.441877e+01,3.741821e+01,1.895097e+00,-1.077637e+00,7.843108e-01,1.927672e+11
100,1.000000,70,-3.545211e+01,6.506638e+00,4.492322e+01,8.268792e-01,-1.717142e-01,-2.133616e+00,4.491464e+11
100,1.000000,71,3.427675e+01,-2.497650e+00,-7.280311e+00,-4.155402e-01,-9.133685e-02,-3.870685e-01,1.844075e+11
100,1.000000,72,-5.149734e+00,4.659256e+01,4.717953e+01,-8.691199e-02,-1.660973e+00,-1.714244e+00,6.230759e+11
100,1.000000,73,3.827013e+01,-4.174206e+01,1.882924e+01,-1.996327e+00,1.918650e+00,-5.231898e-01,3.089408e+11
100,1.000000,74,6.430441e+00,7.182992e-02,-1.286193e+00,-5.535372e-01,-5.389893e-01,3.493010e-01,8.766608e+11
100,1.000000,75,-6.165557e+00,2.081304e+01,-1.763977e+01,-9.631677e-01,-7.014267e-01,1.336340e+00,7.678745e+10
100,1.000000,76,-1.370038e+01,-3.791822e+01,-2.571814e+01,6.977235e-01,7.450332e-01,2.089199e-01,2.230406e+11
100,1.000000,77,-1.730802e+01,5.162201e+00,3.320996e+01,-2.420189e-01,1.041327e+00,-9.606747e-01,2.440442e+11
100,1.000000,78,4.093306e+00,-4.104361e+01,3.407818e+00,-1.244739e+00,2.376221e+00,-7.491776e-01,8.221462e+11
100,1.000000,79,1.511100e+01,-3.487391e+00,1.897411e+01,-1.859455e+00,-2.070406e-01,-1.431474e+00,3.900119e+11
100,1.000000,80,-1.298545e+01,2.654629e+01,-4.741192e+00,7.754372e-01,3.995183e-01,1.349862e-01,5.402214e+11
100,1.000000,81,4.709312e+01,4.134836e+01,2.491492e+01,-1.536093e+00,-7.490363e-01,-8.144448e-01,5.286885e+11
100,1.000000,82,-4.086253e+01,-3.917052e+01,2.575913e+01,1.044109e+00,3.266218e-01,-6.925531e-01,7.472876e+11
100,1.000000,83,2.758551e+01,-1.721244e+01,6.276614e+00,-1.324310e+00,1.109350e+00,-4.436612e-01,5.415227e+11
100,1.000000,84,4.654679e+01,-2.275203e+01,4.173892e+01,-1.324499e+00,-3.336113e-01,-1.076819e+00,7.278607e+10
100,1.000000,85,4.223380e+01,-4.252511e+01,9.715005e+00,-4.981174e-01,2.121677e+00,-4.373449e-01,2.101516e+11
100,1.000000,86,4.504018e+01,1.191292e+02,7.681387e+01,4.296108e+02,6.484370e+02,4.646395e+02,1.770065e+11
100,1.000000,87,-2.689620e+01,2.789394e+01,4.099025e+01,-1.076090e+00,-1.691110e+00,-1.350713e+00,4.584131e+11
100,1.000000,88,3.973190e+01,2.463518e+01,4.812109e+01,-2.483190e+00,5.076141e+00,-5.231916e+00,2.139438e+11
100,1.000000,89,-4.440050e+01,-2.032650e+01,-2.284042e+01,1.185175e+00,6.340194e+00,1.184280e+00,8.734297e+11
100,1.000000,90,-1.633574e+01,-2.832877e+01,-4.212364e+01,1.207674e+00,9.955922e-02,1.157821e+00,3.202339e+11
100,1.000000,91,-2.998666e+01,-2.150546e+01,-1.824350e+00,1.289425e+00,8.688657e-02,9.517279e-02,4.545050e+11
100,1.000000,92,-3.218998e+01,3.705898e+01,4.031239e+01,-2.512959e-01,-1.584368e+00,-3.092317e-01,9.503059e+11
100,1.000000,93,1.292847e+01,2.966473e+01,-3.415617e+01,1.722056e-02,-1.443622e+00,1.190596e+00,6.596846e+11
100,1.000000,94,-6.307020e+00,-2.041807e+01,2.863888e+00,4.010815e-01,8.338661e-01,-9.325432e-02,5.500911e+11
100,1.000000,95,1.659089e+01,-9.168684e+00,3.537536e+01,-3.666855e-01,1.676738e+00,-1.729828e+00,3.026058e+11
100,1.000000,96,2.646204e+01,2.359770e+01,2.443584e+01,1.667777e-01,-4.080830e-01,-3.696718e-01,3.306763e+10
100,1.000000,97,-2.701194e+01,3.810560e+00,4.631639e+01,1.714262e+00,2.608790e-01,-3.215179e+00,5.383162e+11
100,1.000000,98,-7.246032e+00,5.773917e+00,-3.051034e+01,6.060097e-02,7.502418e-01,1.548754e+00,6.307300e+11
100,1.000000,99,-1.450460e+01,-1.737187e+01,-3.295838e+01,-9.304818e-01,1.662938e+00,6.048370e-02,8.880208e+11
100,1.000000,100,-9.182132e+00,-1.306497e+01,-3.110127e+01,-1.765637e+00,-4.333417e-01,1.706878e+00,1.278201e+11
100,1.000000,101,2.230667e+01,7.017057e+00,-3.587402e+01,5.989061e-01,-5.590633e-01,3.380862e-01,7.974176e+11
100,1.000000,102,-9.882651e+02,-7.844298e+01,-5.078842e+02,-2.261056e+03,-1.210585e+02,-1.128889e+03,7.407900e+11
100,1.000000,103,1.388797e+01,-2.592795e+01,-1.324724e+01,-1.929142e+00,1.276067e+00,8.640903e-01,4.027040e+10
100,1.000000,104,-2.145419e+01,7.485688e+00,4.091137e+01,8.404147e-01,1.393730e+00,-2.540453e+00,8.740655e+11
100,1.000000,105,-4.451132e+01,-4.697882e+01,4.858574e+01,1.202030e+00,1.107623e+00,-1.639071e+00,7.159539e+11
100,1.000000,106,2.067307e+01,-2.490813e+01,1.282487e+00,-1.502941e+00,5.635469e-01,1.081188e+00,5.211885e+10
100,1.000000,107,-2.021964e+01,-1.398370e+01,2.739035e+01,1.305722e+00,1.315808e+00,-2.008935e+00,9.450611e+11
100,1.000000,108,-3.455516e+01,1.800018e+01,4.738598e+01,1.149177e+00,-9.397203e-01,-1.265302e+00,1.395692e+11
100,1.000000,109,-3.074726e+01,4.842062e+01,-4.878983e+01,-2.493689e-01,-2.333256e+00,2.374242e+00,2.465284e+10
100,1.000000,110,1.182872e+01,-3.697122e+01,2.216737e+01,-1.826739e-01,4.992542e-01,-1.969264e+00,5.016133e+11
100,1.000000,111,3.666904e+01,-4.236963e+01,3.790561e+00,-1.838539e+00,1.124315e+00,-1.300179e-01,1.128641e+11
100,1.000000,112,-4.726418e+01,-3.623379e+00,-4.539824e+01,2.007117e+00,-7.588707e-02,-9.380436e-05,6.139056e+11
100,1.000000,113,-9.217772e+00,4.179516e+01,2.389001e+01,1.950137e+00,-2.683838e-01,-1.399215e+00,8.430211e+11
100,1.000000,114,4.250056e+01,2.421623e+01,3.560143e+01,-1.241887e+00,1.181210e-01,-2.498417e-01,8.809183e+11
100,1.000000,115,-2.505432e+01,3.198420e+01,-1.198942e+01,1.020669e+00,-1.029676e+00,6.934973e-01,2.941500e+11
100,1.000000,116,-1.756814e+01,-2.588352e+01,-1.077440e+01,1.738300e-01,1.950001e+00,6.781170e-01,5.288465e+11
100,1.000000,117,3.452522e+01,-3.666241e+00,-3.603952e+01,-1.525805e+00,4.438659e-01,1.440593e+00,8.504653e+11
100,1.000000,118,-2.100423e+01,1.154614e+01,1.926606e+01,1.625142e+00,-1.308201e+00,8.341431e-01,7.653411e+11
100,1.000000,119,-2.694760e+01,-3.606195e+01,1.367011e+01,5.759812e-01,2.536665e+00,-1.426258e+00,6.036381e+11
100,1.000000,120,3.397280e+01,4.278323e+01,3.827011e+01,-1.640856e+00,-1.955225e+00,-1.128161e+00,5.231914e+11
100,1.000000,121,3.705954e+01,2.129008e+01,-4.570426e+01,-4.479251e-01,-9.588273e-01,8.329614e-01,9.736597e+11
100,1.000000,122,6.244014e+00,-4.437153e+01,3.191915e+01,8.444479e-01,1.548992e+00,-1.280077e+00,7.061728e+10
100,1.000000,123,-4.687345e+01,-4.407014e+01,3.219876e+01,7.235933e-01,5.794888e-01,-8.067529e-01,7.403487e+11
100,1.000000,124,-3.505784e+01,-1.405290e+00,-1.648225e+01,2.251603e+00,1.923789e-01,-3.180369e-01,1.652667e+11
100,1.000000,125,8.744363e+00,-6.917295e-02,1.762277e+01,-8.907418e-01,-3.561166e-01,-2.722959e-02,1.897044e+11
100,1.000000,126,-9.846701e+00,3.947649e+01,-3.358944e+01,3.926569e-01,-6.917417e-01,2.695955e+00,8.047768e+11
100,1.000000,127,1.160280e+01,-8.242550e-01,3.622930e+01,-6.047710e-01,5.953347e-01,-1.065864e+00,9.081841e+11
100,1.000000,128,2.404001e+01,-3.410597e+01,1.480262e+01,-3.804373e-01,1.235654e+00,2.608112e-01,8.689551e+11
100,1.000000,129,-4.353017e+01,-2.892460e+01,-4.706334e+01,1.066358e+00,1.337061e+00,1.543641e+00,1.206212e+11
100,1.000000,130,4.228613e+01,-8.006167e+00,-2.060423e+01,-1.079332e+00,1.396624e+00,3.782222e-01,2.887161e+11
100,1.000000,131,-2.391724e+01,-6.857881e+00,-4.070531e+01,6.423086e-01,1.547431e+00,2.532931e+00,5.263974e+11
100,1.000000,132,-3.857212e+00,1.391514e+01,-7.426945e+00,-7.644413e-01,4.471252e-01,-4.026490e-01,9.423521e+10
100,1.000000,133,-6.785410e+00,-4.428280e+01,4.546738e+01,-2.143444e-01,8.526448e-01,-1.604951e-01,1.536961e+11
100,1.000000,134,4.703766e+01,1.719325e+01,-2.418308e+01,-8.311119e-01,-1.155802e+00,4.102030e-01,2.294375e+11
100,1.000000,135,-9.117452e+00,4.917241e+01,4.542361e-01,8.789123e-01,-2.474278e+00,3.672400e-01,5.419177e+11
100,1.000000,136,-1.572812e+01,3.339059e+00,-4.362441e+01,8.134680e-01,-3.471217e-01,1.951299e+00,1.817822e+10
100,1.000000,137,4.595608e+01,6.297827e+00,-4.091989e+01,-1.642254e+00,3.088355e-01,-1.147056e-01,8.920030e+11
100,1.000000,138,3.841856e+01,-4.717788e+01,-4.650531e+01,8.376116e-01,1.594136e+00,-3.883727e-02,7.503638e+11
100,1.000000,139,2.902072e+01,3.448188e+01,4.656669e+01,-1.041131e+00,1.785586e-02,-1.468658e+00,8.646032e+11
100,1.000000,140,-2.330912e+01,-4.344296e+01,-9.865407e+00,4.809756e-01,1.930375e+00,4.125402e-01,4.142350e+11
100,1.000000,141,2.683596e+01,4.430445e+01,-8.363151e+00,-5.525369e-01,-1.665613e+00,-1.000261e-01,1.384630e+11
100,1.000000,142,-3.748092e+01,4.636650e+00,-4.768334e+01,5.170864e-01,-4.918402e+00,2.201155e+00,8.593346e+11
100,1.000000,143,-2.201866e+01,-1.506995e+01,1.058285e+01,1.008448e+00,4.766398e-01,-1.266091e-01,2.810386e+11
100,1.000000,144,-4.659657e+01,-4.532882e+01,-3.607201e+01,3.345550e-01,2.801694e-01,8.212180e-01,9.046293e+11
100,1.000000,145,2.026715e+01,4.965592e+01,-1.843578e+01,-5.656366e-01,-1.038629e+00,9.972011e-01,2.135904e+11
100,1.000000,146,1.228938e+03,4.109068e+01,5.989906e+02,2.835961e+03,1.537302e+02,1.415650e+03,5.908249e+11
100,1.000000,147,-1.246853e+01,-8.361116e+00,-5.821031e+00,3.219685e-01,9.154150e-01,-2.230573e-01,7.294669e+11
100,1.000000,148,4.570312e+01,1.269101e+01,-4.990828e+01,-2.647757e-01,1.722805e-01,8.752988e-01,2.958760e+11
100,1.000000,149,2.793421e+01,1.761907e+01,-3.060945e+01,-8.960578e-01,1.135672e-01,5.763360e-01,9.591584e+11
100,1.000000,150,1.105263e+01,-2.647755e+01,-3.331815e+01,-1.390136e+00,9.481009e-01,9.491812e-01,6.523790e+11
100,1.000000,151,-2.297596e+01,3.508359e+01,-2.607526e+01,1.436056e+00,-1.544636e+00,1.117051e+00,2.998021e+11
100,1.000000,152,-4.596039e+01,2.277575e+01,-4.803054e+01,2.690229e+00,-8.173740e-01,1.062275e+00,9.761201e+11
100,1.000000,153,-4.642683e+01,-3.358212e+01,-2.345460e+01,1.776040e+00,1.985440e+00,4.118798e-01,3.043183e+11
100,1.000000,154,-5.530496e-02,4.530720e+01,-2.418739e+01,-1.304527e+00,-2.741041e+00,9.912491e-01,1.980969e+11
100,1.000000,155,1.687183e+01,4.201185e+01,3.327020e+01,2.689725e-01,-5.911469e-01,-1.598345e+00,5.758210e+11
100,1.000000,156,-4.526507e+01,2.531785e+01,3.662850e+01,1.839683e+00,-5.379625e-01,3.627461e-02,7.180922e+10
100,1.000000,157,3.430756e+01,3.966568e+01,-4.604289e+01,-7.600008e-03,-1.929422e+00,8.874560e-01,6.854936e+11
100,1.000000,158,3.928083e+01,2.549028e+01,4.753964e+01,1.661181e-01,-3.037871e+00,-7.486703e-01,5.239423e+11
100,1.000000,159,4.133752e+01,1.585866e+01,2.087741e+01,-1.201464e+00,8.365467e-01,-2.353849e-01,5.186390e+11
100,1.000000,160,-1.494025e+01,1.206358e+01,-4.063591e+01,-5.225587e-01,-4.586669e-01,2.410136e+00,4.784774e+11
100,1.000000,161,3.612182e+01,3.329908e+01,3.758319e+00,-7.621068e-01,-5.961440e-01,6.292852e-01,5.785806e+11
100,1.000000,162,3.000909e+01,3.766309e+01,-2.432096e+01,3.828936e-01,-3.787997e-01,5.983050e-01,9.941114e+10
100,1.000000,163,-1.435400e+01,-3.486364e+00,1.006013e+01,-4.044698e-01,-2.318134e+00,-4.150720e+00,8.577661e+11
100,1.000000,164,1.972159e+01,3.631953e+01,-1.288010e+01,-1.932468e+00,-1.321289e+00,5.330048e-01,4.593716e+11
100,1.000000,165,3.655366e+01,-9.598398e+00,4.238119e+01,-6.332146e-01,1.258126e-01,-1.236643e+00,4.371898e+11
100,1.000000,166,4.740944e+01,-4.541587e+01,-4.942814e+01,-1.073137e+00,2.830885e+00,4.539670e-01,4.708448e+11
100,1.000000,167,5.236397e+00,4.415856e-01,5.030182e+00,-8.289270e-02,1.303662e+00,-1.563181e+00,1.916087e+11
100,1.000000,168,-3.922709e+01,-1.316145e+00,-4.590824e+01,3.098050e+00,1.616911e+00,5.981325e-01,8.609500e+11
100,1.000000,169,3.393544e+01,3.629468e+01,-1.898303e+01,-3.702109e-01,-4.161360e-01,-8.021801e-01,4.391972e+11
100,1.000000,170,6.707074e-01,2.029155e+01,3.639787e+01,-6.994039e-01,-6.356450e-01,-1.182205e+00,2.648757e+11
100,1.000000,171,1.409898e+01,-3.640629e+01,2.188523e+01,-4.885260e+00,5.898018e-01,-1.138508e+00,1.221386e+11
100,1.000000,172,1.024610e+01,-5.082224e+00,-2.021322e+01,-4.657059e-01,1.221193e+00,7.751824e-01,5.090612e+11
100,1.000000,173,-2.230476e+01,2.471899e+01,-1.336989e+01,2.244597e-01,1.000719e-01,7.044231e-01,8.248638e+11
100,1.000000,174,3.750118e+01,3.950081e+01,-1.934120e+01,-6.163909e+00,-4.345086e+01,6.074949e+01,8.757373e+11
100,1.000000,175,-1.434337e+01,4.827540e+01,-3.610406e+01,-8.193091e-01,-3.161532e+00,2.098118e+00,2.268290e+11
100,1.000000,176,2.544550e+01,-3.627732e+01,-1.646611e+01,-1.091118e+00,1.263879e+00,9.568893e-01,7.121465e+10
100,1.000000,177,6.871973e-01,4.621652e+01,6.998634e+00,-4.008559e-02,-1.753196e+00,7.458240e-01,9.024914e+11
100,1.000000,178,-1.700532e+01,1.090940e+01,2.264605e+01,9.331025e+00,2.463160e+00,-9.400298e-02,6.000821e+11
100,1.000000,179,-3.530220e+01,-3.965794e+01,-2.691299e+00,6.183653e-01,1.017998e+00,8.303311e-01,5.260173e+11
100,1.000000,180,-2.743914e+01,-3.836123e+00,2.297409e+01,6.350966e-01,1.544165e+00,-3.426620e+00,3.463983e+11
100,1.000000,181,-3.261331e+01,2.025439e+01,-9.367439e+00,1.727838e+00,7.050597e-02,9.429594e-01,4.634361e+11
100,1.000000,182,-1.179189e+01,3.912366e+01,-1.445055e+01,8.673077e-01,-2.377404e+00,-7.830298e-01,9.088163e+11
100,1.000000,183,-4.717847e+01,-4.345191e+01,8.228776e-01,6.434182e-01,6.981194e-01,7.725609e-01,6.832514e+11
100,1.000000,184,-2.348466e+01,7.237130e+00,-2.924875e+01,6.184028e-01,-8.815326e-01,1.601980e+00,4.695276e+11
100,1.000000,185,1.268645e+01,-4.798671e+01,2.983678e+01,6.358741e-02,1.984835e+00,-1.639762e+00,4.734177e+11
100,1.000000,186,-1.148143e+01,-3.273308e+01,4.212192e+01,4.782437e-01,6.455082e-01,-1.517256e+00,4.693188e+11
100,1.000000,187,7.298966e+00,-1.286628e+01,-1.227843e+01,-6.416057e-01,7.766088e-01,1.402531e+00,7.781692e+11
100,1.000000,188,1.059155e+01,3.459138e+01,-4.205173e+00,2.971463e-01,-1.584029e+00,4.736470e-01,3.584676e+11
100,1.000000,189,3.258033e-01,1.493821e+01,2.913421e+01,2.284006e+01,2.062791e+01,-1.311986e+01,8.817712e+11
100,1.000000,190,-1.648850e+01,3.280767e+01,-1.515554e+01,2.313153e+00,-1.522313e-02,3.474639e-01,4.779433e+11
100,1.000000,191,-4.260418e+01,6.679051e+00,4.309000e+01,1.606066e+00,1.660026e+00,-1.898489e+00,2.532071e+11
100,1.000000,192,-1.302646e+01,-3.173314e+01,-4.746106e+01,8.353434e-01,2.753627e-01,1.537732e+00,8.373343e+11
100,1.000000,193,-3.486091e+00,-3.592400e+01,-3.152643e+01,5.346310e-01,1.867922e+00,-2.194061e-01,1.970824e+10
100,1.000000,194,-1.533045e+01,1.215168e+01,3.834992e+01,-2.899576e-01,-9.064359e-01,-2.217697e+00,3.922308e+11
100,1.000000,195,-5.119590e+00,1.246698e+00,3.574680e+01,-2.830757e-03,3.026166e-01,-1.089128e+00,1.694456e+11
100,1.000000,196,-4.933469e+01,-3.957139e+01,-9.286982e+00,1.115846e+00,5.801692e-01,3.047735e-01,3.450496e+11
100,1.000000,197,-1.716728e+01,3.972680e+01,-3.247277e+01,1.704042e+00,-2.490384e+00,7.438266e-01,7.104283e+11
100,1.000000,198,2.671542e+01,-1.276024e+01,2.165094e+01,-2.108980e+00,1.721835e+00,-5.269466e-01,7.978440e+11
100,1.000000,199,-5.956299e+00,3.452270e+01,-3.197628e+01,-3.214744e-01,-3.014470e-01,2.733969e-01,4.115004e+11
100,1.000000,200,-6.273100e+00,3.323817e+01,7.539338e+00,1.354889e+00,-3.154263e+00,2.911608e+00,8.110267e+11
100,1.000000,201,-2.708093e+01,-9.758420e+00,-3.526976e+01,3.527418e-01,7.047914e-01,2.433333e-01,3.417566e+11
100,1.000000,202,-1.562774e+01,1.767691e+01,-4.493017e+01,-1.051639e+00,-1.777787e+00,2.704099e+00,2.509985e+11
100,1.000000,203,-4.581128e+01,-1.317496e+01,-4.604595e+01,1.293849e+00,8.191403e-01,6.658814e-01,3.721527e+11
100,1.000000,204,6.872538e+00,-2.396436e+01,2.667765e+01,-1.510312e+00,2.266252e-01,-1.498970e+00,4.547015e+11
100,1.000000,205,-4.277201e+01,-1.868848e+01,-2.099239e+01,1.201873e+01,-1.139098e+00,1.029827e+01,8.183806e+11
100,1.000000,206,-4.754925e+01,2.255412e+01,-3.511295e+01,1.867805e+00,-6.184653e-01,-5.191521e-01,4.964171e+11
100,1.000000,207,-1.344304e+01,3.070430e+01,1.366944e+01,-7.902977e+01,-1.205910e+02,-8.463698e+01,9.770774e+11
100,1.000000,208,3.126149e+00,4.865643e+01,-1.598585e+01,-1.184370e+00,-2.924825e+00,-2.349964e-01,1.297692e+11
100,1.000000,209,-1.446260e+01,-4.138429e+00,8.265885e+00,5.368968e-01,2.557380e+00,5.629565e+00,6.617158e+11
100,1.000000,210,-2.471800e+00,-2.580513e+01,-2.192085e+00,-3.860031e-01,2.107827e+00,1.091086e+00,8.668333e+11
100,1.000000,211,-1.265027e+01,3.237435e+01,-1.465977e+01,-4.749374e-01,7.031003e-01,-5.490399e-01,3.385877e+11
100,1.000000,212,-3.996195e+01,3.648713e+01,-1.891235e+01,1.185434e+00,-9.884467e-01,5.421043e-01,7.466053e+11
100,1.000000,213,-3.784219e+01,2.613921e+01,3.628680e+01,1.629449e+00,-1.048620e+00,-7.213260e-01,8.661977e+11
100,1.000000,214,4.768271e+01,-2.352865e+01,2.789338e+00,-1.469454e+00,4.131791e-01,8.971171e-01,9.542347e+11
100,1.000000,215,-1.003830e+01,5.670339e+00,3.428255e+01,-3.176408e+01,-2.776766e+01,1.400559e+01,6.692142e+11
100,1.000000,216,-2.810396e+01,-2.365610e+01,4.920341e+01,-1.369498e-01,-9.941937e-01,-1.887232e+00,9.503643e+11
100,1.000000,217,4.865890e+01,4.564867e+01,1.949682e+01,-2.152781e+00,-1.024902e+00,3.065514e-01,5.880835e+11
100,1.000000,218,4.419681e+01,4.886212e+01,-4.648023e+00,-3.706699e-01,-1.706167e+00,9.599293e-01,3.847918e+11
100,1.000000,219,2.507296e+01,4.665423e+01,-1.704468e+01,-1.472376e+00,-1.509426e+00,-4.188012e-01,5.809256e+10
100,1.000000,220,-4.583905e+01,-1.693145e+01,2.128486e+01,1.253287e+00,9.974758e-01,-1.091859e+00,5.810266e+11
100,1.000000,221,2.286516e+01,-4.716172e+01,2.440224e+00,-4.131959e-01,2.884808e+00,-3.383785e-01,8.357623e+11
100,1.000000,222,1.982239e+01,2.816746e+01,-7.700528e+00,-1.023709e+00,3.227299e-01,1.255555e+00,5.668242e+11
100,1.000000,223,-4.613839e+01,3.395959e+01,4.358401e+01,2.290359e+00,-2.599326e-01,-1.611623e+00,1.300490e+10
100,1.000000,224,-9.879258e+00,-7.097827e+00,-4.412162e+01,-6.049827e-01,1.112204e+00,2.316064e+00,7.054687e+11
100,1.000000,225,-1.558472e+01,-2.058362e+00,-2.159373e+01,-7.090707e-01,4.619042e-01,1.292557e+00,8.011655e+11
100,1.000000,226,-2.892590e+00,-4.655860e+01,1.274256e+01,-4.258479e-01,2.532737e+00,-1.425705e+00,8.165855e+11
100,1.000000,227,7.894744e+00,4.157708e+01,-1.235669e+01,-4.943042e-01,-1.422208e+00,6.137719e-02,4.043790e+11
100,1.000000,228,6.851107e+00,8.643540e+00,-9.753712e+00,3.067184e-01,-1.085783e+00,5.172909e-01,4.169450e+11
100,1.000000,229,2.637832e+01,-2.769066e+01,-3.854899e+01,-1.407367e+00,1.207106e+00,5.898487e-01,2.019537e+11
100,1.000000,230,-3.014253e+01,-2.992125e+01,4.911548e+01,1.317485e+00,1.381599e+00,-1.007716e+00,8.436178e+11
100,1.000000,231,-4.625140e+01,1.771424e+01,1.507845e+01,2.238591e+00,-3.696626e-01,-1.456717e+00,2.298081e+11
100,1.000000,232,-1.433758e+01,-1.397664e+01,1.137358e+01,8.258026e-01,2.356972e+00,-1.677225e+00,8.874148e+11
100,1.000000,233,4.578485e+01,-2.259112e+00,-2.023634e+01,-1.432818e+00,6.591499e-01,3.012632e-01,8.483677e+11
100,1.000000,234,-1.085741e+01,2.970883e+01,-4.590308e+01,-9.900700e-02,-1.649759e+00,1.011454e+00,2.613357e+11
100,1.000000,235,-2.737234e+01,1.572721e+01,-3.984032e+01,-1.264024e-01,-7.947026e-01,1.752021e+00,8.713483e+11
100,1.000000,236,4.266258e+01,2.805862e+01,-4.036251e+01,-2.271583e+00,-1.710302e+00,1.296817e+00,2.116644e+11
100,1.000000,237,-4.197932e+01,2.300970e+01,-4.095077e+01,-3.437504e-02,-1.082742e+00,4.139402e-01,7.746932e+11
100,1.000000,238,3.975676e+01,2.965588e+01,1.211812e+01,-1.716925e+00,-8.678931e-01,4.634553e-01,8.810636e+11
100,1.000000,239,1.071485e+01,1.921486e+01,-3.652902e+01,4.324026e-01,-3.445256e-01,9.197795e-01,1.004027e+11
100,1.000000,240,1.919360e+01,4.818357e+01,4.537836e+01,-8.136173e-02,-7.291389e-01,-2.124643e+00,9.116202e+11
100,1.000000,241,4.100750e+01,2.652865e+01,-3.887864e+01,4.410317e-02,-1.544110e-01,-7.754320e-01,4.283024e+10
100,1.000000,242,2.084642e+01,9.021394e+00,3.029611e+01,-5.226558e-01,-3.797934e-01,-8.885565e-01,9.072775e+11
100,1.000000,243,4.902979e+01,-4.105370e+01,2.888298e+01,-7.938139e-01,1.294589e+00,2.187117e-01,4.341739e+11
100,1.000000,244,-3.614552e+01,-3.521966e+01,1.835200e+00,1.780969e+00,6.784434e-03,-5.306005e-01,4.543657e+11
100,1.000000,245,4.011145e+01,3.218104e+00,-1.409035e+01,-5.129636e-01,-5.599746e-01,-1.490211e-01,8.009739e+11
100,1.000000,246,2.988459e+01,1.745882e+01,3.313921e+01,-7.413129e-01,-1.063493e+00,-5.665585e-01,1.308197e+11
100,1.000000,247,1.609740e+01,-4.386064e+01,-4.663612e+01,6.952431e-02,2.380954e-01,1.459634e+00,2.556454e+11
100,1.000000,248,4.172658e+01,2.379443e+01,1.724332e+01,-2.564929e+00,6.255859e-01,-1.067801e+00,8.834856e+11
100,1.000000,249,-4.749337e+01,1.739303e+01,-1.669647e+01,2.763652e+00,-8.575239e-01,3.664541e-01,7.283284e+11
100,1.000000,250,9.864721e-01,-3.283719e+01,2.294292e+00,-7.091068e-01,2.053176e+00,-3.334065e-01,8.248778e+11
100,1.000000,251,-3.817115e+01,4.865655e+01,4.475103e+01,1.434452e+00,-2.232642e+00,-5.531480e-05,4.309947e+11
100,1.000000,252,-2.968185e+01,2.856942e+01,1.705325e+01,3.041467e-01,-1.000634e+00,-8.375320e-01,1.966599e+11
100,1.000000,253,-9.567498e+00,4.385368e+00,-4.254222e+01,-8.122565e-01,-4.343506e-01,1.667153e+00,3.463172e+11
100,1.000000,254,-6.033868e+00,-4.060285e+01,-4.315903e+01,6.095652e-01,9.520822e-01,1.045953e+00,2.690759e+11
100,1.000000,255,-3.998492e+01,4.473130e+01,-4.175556e+01,3.455159e-01,-5.455259e-01,-1.049945e-02,9.874949e+11
